left_ear,right_ear,ear,mar,yaw,pitch,roll,label,source_image
0.251296,0.243252,0.247274,0.025476,2.641856,-12.464022,-0.031637,Drowsy,Drowsy/A0001.png
0.324723,0.334708,0.329716,0.0,1.585745,-7.885255,0.653748,Drowsy,Drowsy/A0005.png
0.28265,0.291585,0.287117,0.015625,1.888467,-8.670468,0.337983,Drowsy,Drowsy/A0009.png
0.294724,0.295457,0.29509,0.007576,2.585555,-8.709197,0.300508,Drowsy,Drowsy/A0014.png
0.251296,0.291184,0.27124,0.023435,2.995319,-9.306731,0.163113,Drowsy,Drowsy/A0018.png
0.243256,0.246083,0.24467,0.015377,1.301602,-10.308596,1.528617,Drowsy,Drowsy/A0023.png
0.258296,0.259943,0.25912,0.015377,1.573663,-10.272178,2.241061,Drowsy,Drowsy/A0027.png
0.15369,0.171495,0.162592,0.014924,-0.025112,-10.241131,1.60326,Drowsy,Drowsy/A0032.png
0.257942,0.259943,0.258942,0.014919,0.983512,-11.279973,1.906161,Drowsy,Drowsy/A0036.png
0.236716,0.260117,0.248416,0.010394,2.042554,-10.828434,1.792489,Drowsy,Drowsy/A0041.png
0.236716,0.264511,0.250613,0.0,1.859078,-10.096983,2.128205,Drowsy,Drowsy/A0045.png
0.236108,0.242536,0.239322,0.0147,0.918292,-10.001439,2.045824,Drowsy,Drowsy/A0050.png
0.235802,0.246083,0.240943,0.007689,0.652295,-9.610812,1.894018,Drowsy,Drowsy/A0054.png
0.140048,0.166221,0.153134,0.014487,0.178644,-10.105899,2.067954,Drowsy,Drowsy/A0059.png
0.243252,0.250006,0.246629,0.007346,1.092844,-9.37105,1.836796,Drowsy,Drowsy/A0063.png
0.231711,0.250006,0.240858,0.0,1.47596,-10.293243,2.330374,Drowsy,Drowsy/A0068.png
0.228245,0.245303,0.236774,0.015124,3.410961,-10.084652,2.516364,Drowsy,Drowsy/A0072.png
0.242462,0.252266,0.247364,0.0147,2.570964,-9.994288,2.177598,Drowsy,Drowsy/A0076.png
0.180278,0.162335,0.171306,0.007234,0.445354,-9.331338,2.128768,Drowsy,Drowsy/A0081.png
0.215087,0.243644,0.229366,0.021093,0.622268,-10.090465,2.594827,Drowsy,Drowsy/A0085.png
0.220493,0.250756,0.235624,0.0147,1.356155,-10.877715,2.049137,Drowsy,Drowsy/A0090.png
0.228199,0.259382,0.243791,0.014924,1.63561,-12.345684,1.360934,Drowsy,Drowsy/A0094.png
0.191094,0.206548,0.198821,0.007227,-0.133555,-11.729617,3.00115,Drowsy,Drowsy/A0099.png
0.229087,0.22886,0.228974,0.00734,0.043594,-12.395008,2.340934,Drowsy,Drowsy/A0103.png
0.225294,0.235501,0.230398,0.014704,-1.386906,-15.064838,1.528113,Drowsy,Drowsy/A0108.png
0.215401,0.225121,0.220261,0.014493,1.150646,-15.4635,0.562118,Drowsy,Drowsy/A0112.png
0.227977,0.233696,0.230837,0.014491,0.089237,-15.761941,0.85835,Drowsy,Drowsy/A0117.png
0.225121,0.228035,0.226578,0.017002,-0.399694,-15.200619,1.070689,Drowsy,Drowsy/A0121.png
0.149391,0.161248,0.155319,0.017533,-0.161664,-12.963003,2.342284,Drowsy,Drowsy/A0126.png
0.256992,0.226558,0.241775,0.022445,1.166896,-13.03381,1.390197,Drowsy,Drowsy/A0130.png
0.229975,0.257052,0.243514,0.015871,0.203565,-11.851933,1.249834,Drowsy,Drowsy/A0135.png
0.257514,0.28609,0.271802,0.015623,1.404522,-11.41767,1.273825,Drowsy,Drowsy/A0139.png
0.13978,0.143339,0.141559,0.007812,-0.195275,-8.430857,1.128222,Drowsy,Drowsy/A0144.png
0.236007,0.235296,0.235651,0.011223,0.319719,-10.20066,1.651873,Drowsy,Drowsy/A0148.png
0.268633,0.266295,0.267464,0.024194,-2.425574,-9.905524,1.67327,Drowsy,Drowsy/A0152.png
0.27203,0.265875,0.268953,0.021747,-0.123269,-11.64729,1.305365,Drowsy,Drowsy/A0157.png
0.266997,0.280475,0.273736,0.022725,-0.549291,-11.519121,1.006375,Drowsy,Drowsy/A0161.png
0.266485,0.266997,0.266741,0.025862,1.472974,-12.414709,0.463693,Drowsy,Drowsy/A0166.png
0.243863,0.253707,0.248785,0.0,-1.039335,-11.361226,1.564221,Drowsy,Drowsy/A0170.png
0.264942,0.288785,0.276864,0.025476,-0.080729,-11.151886,0.861162,Drowsy,Drowsy/A0175.png
0.208597,0.20551,0.207054,0.018287,-0.578314,-12.521312,1.358794,Drowsy,Drowsy/A0179.png
0.245973,0.231655,0.238814,0.02991,-1.173524,-9.812263,1.037528,Drowsy,Drowsy/A0184.png
0.11079,0.137568,0.124179,0.026263,-1.237188,-10.162744,0.916429,Drowsy,Drowsy/A0190.png
0.229975,0.22886,0.229418,0.0,-2.329524,-10.294546,1.35322,Drowsy,Drowsy/A0195.png
0.229509,0.187225,0.208367,0.007812,-0.37411,-10.947873,1.141559,Drowsy,Drowsy/A0199.png
0.214792,0.177679,0.196236,0.007812,-1.69523,-12.9772,0.859067,Drowsy,Drowsy/A0204.png
0.215401,0.185522,0.200461,0.007692,-0.75098,-13.343977,0.705946,Drowsy,Drowsy/A0208.png
0.132152,0.107134,0.119643,0.032141,-1.90934,-14.499192,1.013293,Drowsy,Drowsy/A0213.png
0.171495,0.177679,0.174587,0.026251,-1.186769,-14.091759,0.476748,Drowsy,Drowsy/A0217.png
0.175045,0.135683,0.155364,0.021425,-0.23076,-15.134256,0.231123,Drowsy,Drowsy/A0223.png
0.16679,0.17032,0.168555,0.015623,-0.636848,-14.212052,0.197216,Drowsy,Drowsy/A0227.png
0.19189,0.204726,0.198308,0.007689,-0.042519,-15.403538,2.272493,Drowsy,Drowsy/A0231.png
0.250382,0.234592,0.242487,0.019158,-1.660678,-12.547035,1.790882,Drowsy,Drowsy/A0236.png
0.235802,0.236463,0.236133,0.008767,0.039886,-11.839695,2.777494,Drowsy,Drowsy/A0240.png
0.096886,0.087296,0.092091,0.00806,-1.344122,-11.306964,1.662666,Drowsy,Drowsy/A0245.png
0.221408,0.250846,0.236127,0.0,-1.566782,-9.770603,2.170236,Drowsy,Drowsy/A0249.png
0.258296,0.27816,0.268228,0.016391,-1.473206,-7.597924,1.749112,Drowsy,Drowsy/A0255.png
0.243256,0.266942,0.255099,0.024587,-1.633282,-9.955149,1.606248,Drowsy,Drowsy/A0259.png
0.250383,0.22886,0.239622,0.014704,-0.842749,-10.546818,1.283226,Drowsy,Drowsy/A0264.png
0.237653,0.250006,0.24383,0.014919,-1.374785,-10.742961,2.208836,Drowsy,Drowsy/A0268.png
0.251441,0.238902,0.245172,0.007459,-1.459702,-11.279575,1.935476,Drowsy,Drowsy/A0273.png
0.257829,0.236208,0.247018,0.029436,-0.803591,-11.109608,1.90234,Drowsy,Drowsy/A0277.png
0.259855,0.250006,0.254931,0.007691,-1.283611,-11.186697,1.872009,Drowsy,Drowsy/A0285.png
0.251151,0.245303,0.248227,0.01515,-1.172265,-10.768464,1.749383,Drowsy,Drowsy/A0289.png
0.274146,0.260241,0.267193,0.007568,-1.075196,-11.658355,2.962966,Drowsy,Drowsy/A0294.png
0.243549,0.259943,0.251746,0.018562,-1.327405,-11.330066,2.71344,Drowsy,Drowsy/A0298.png
0.227977,0.237379,0.232678,0.007462,2.027956,-14.090283,-1.053235,Drowsy,Drowsy/A0303.png
0.287022,0.288943,0.287983,0.007576,-0.905716,-10.264767,0.959238,Drowsy,Drowsy/A0307.png
0.266997,0.279872,0.273435,0.015383,-2.014921,-9.867249,1.43032,Drowsy,Drowsy/A0311.png
0.264174,0.25778,0.260977,0.0,-0.835311,-11.001994,1.717672,Drowsy,Drowsy/A0316.png
0.250383,0.250006,0.250194,0.007812,-2.354626,-12.751684,1.481693,Drowsy,Drowsy/A0320.png
0.25862,0.257354,0.257987,0.021427,-2.785231,-11.556872,1.471453,Drowsy,Drowsy/A0325.png
0.272821,0.260117,0.266469,0.018015,-0.867359,-12.150879,1.402719,Drowsy,Drowsy/A0329.png
0.25862,0.250756,0.254688,0.02626,-1.393266,-12.753619,1.754924,Drowsy,Drowsy/A0334.png
0.265875,0.272412,0.269143,0.023435,-2.326988,-11.988757,1.966247,Drowsy,Drowsy/A0338.png
0.250807,0.242565,0.246686,0.02626,-3.137154,-12.744594,2.338076,Drowsy,Drowsy/A0343.png
0.253721,0.250006,0.251863,0.023074,-2.97467,-11.496663,2.591385,Drowsy,Drowsy/A0347.png
0.251538,0.265304,0.258421,0.0,-4.985844,-7.421318,2.793975,Drowsy,Drowsy/A0353.png
0.247065,0.243308,0.245186,0.011399,-4.342565,-8.047171,2.445676,Drowsy,Drowsy/A0357.png
0.243648,0.246083,0.244866,0.023798,-2.970454,-7.732254,2.923798,Drowsy,Drowsy/A0362.png
0.237023,0.265304,0.251163,0.0,-1.168945,-8.46094,2.653782,Drowsy,Drowsy/A0366.png
0.273566,0.275756,0.274661,0.011218,-2.727314,-8.240926,3.045419,Drowsy,Drowsy/A0371.png
0.253428,0.253161,0.253294,0.015617,-2.431582,-9.297754,2.119879,Drowsy,Drowsy/A0376.png
0.272932,0.250006,0.261469,0.018281,-3.455484,-10.042742,2.993162,Drowsy,Drowsy/A0381.png
0.232599,0.245303,0.238951,0.015145,-3.118948,-9.988757,2.613022,Drowsy,Drowsy/A0385.png
0.260173,0.242536,0.251354,0.015368,-3.63901,-9.743283,2.928488,Drowsy,Drowsy/A0389.png
0.253721,0.250006,0.251863,0.015145,-5.512822,-10.777678,2.653145,Drowsy,Drowsy/A0394.png
0.231711,0.226558,0.229134,0.018287,-3.924363,-11.319666,2.192275,Drowsy,Drowsy/A0398.png
0.25862,0.236208,0.247414,0.010873,-3.976065,-11.620806,2.616029,Drowsy,Drowsy/A0403.png
0.257829,0.26077,0.2593,0.0,-4.347819,-11.45937,2.667774,Drowsy,Drowsy/A0407.png
0.257829,0.264511,0.26117,0.017744,-2.814799,-11.969431,2.17877,Drowsy,Drowsy/A0412.png
0.251441,0.235501,0.243471,0.010877,-5.506659,-11.980374,2.652007,Drowsy,Drowsy/A0416.png
0.25862,0.235529,0.247075,0.015383,-4.083491,-11.276283,2.495977,Drowsy,Drowsy/A0421.png
0.217581,0.228888,0.223235,0.015377,-4.031672,-11.490587,2.062904,Drowsy,Drowsy/A0425.png
0.260173,0.243308,0.25174,0.007575,-3.647774,-11.861162,2.079708,Drowsy,Drowsy/A0430.png
0.253721,0.235501,0.244611,0.007575,-4.57143,-11.567623,2.48913,Drowsy,Drowsy/A0434.png
0.253428,0.236373,0.2449,0.025862,-4.140279,-12.184703,2.244442,Drowsy,Drowsy/A0441.png
0.253721,0.250006,0.251863,0.014924,-5.271419,-11.299743,1.964928,Drowsy,Drowsy/A0445.png
0.237379,0.227627,0.232503,0.025862,-4.808903,-10.835219,2.205416,Drowsy,Drowsy/A0450.png
0.253119,0.242536,0.247827,0.015383,-5.255368,-11.400379,2.453065,Drowsy,Drowsy/A0454.png
0.267528,0.248288,0.257908,0.015145,-5.12167,-11.980304,2.609819,Drowsy,Drowsy/A0461.png
0.281113,0.275756,0.278434,0.010549,-5.772742,-11.078967,2.821988,Drowsy,Drowsy/A0465.png
0.260173,0.258293,0.259233,0.016127,-4.966213,-11.169524,2.475209,Drowsy,Drowsy/A0469.png
0.257829,0.245303,0.251566,0.015608,-4.150398,-12.618157,2.954004,Drowsy,Drowsy/A0474.png
0.265406,0.272412,0.268909,0.007804,-3.958999,-11.641426,2.953631,Drowsy,Drowsy/A0478.png
0.223001,0.24431,0.233655,0.007689,-4.415792,-12.890985,2.781577,Drowsy,Drowsy/A0483.png
0.250673,0.235501,0.243087,0.015623,-5.976291,-12.934446,2.85856,Drowsy,Drowsy/A0487.png
0.257829,0.241599,0.249714,0.026661,-4.72366,-12.338344,2.815204,Drowsy,Drowsy/A0492.png
0.250673,0.238188,0.24443,0.015145,-3.419037,-11.772952,2.150343,Drowsy,Drowsy/A0496.png
0.258304,0.25,0.254152,0.015377,-5.466369,-12.530776,2.548891,Drowsy,Drowsy/A0501.png
0.223001,0.245303,0.234152,0.023074,-4.591927,-12.216807,2.467242,Drowsy,Drowsy/A0505.png
0.257514,0.241599,0.249557,0.015385,-4.397092,-11.872937,2.133357,Drowsy,Drowsy/A0510.png
0.266537,0.250756,0.258646,0.018569,-4.23638,-11.939841,2.164802,Drowsy,Drowsy/A0514.png
0.251151,0.256537,0.253844,0.018569,-4.551078,-12.204847,1.857748,Drowsy,Drowsy/A0519.png
0.226158,0.20576,0.215959,0.021425,-5.188845,-12.726318,2.116931,Drowsy,Drowsy/A0523.png
0.226419,0.234602,0.230511,0.022725,-4.951395,-12.077471,2.482573,Drowsy,Drowsy/A0528.png
0.230256,0.215862,0.223059,0.015617,-4.692347,-12.170791,2.81042,Drowsy,Drowsy/A0532.png
0.250673,0.242536,0.246604,0.015617,-5.004226,-11.480734,2.445123,Drowsy,Drowsy/A0537.png
0.257829,0.235501,0.246665,0.007691,-4.996724,-12.207824,2.760226,Drowsy,Drowsy/A0541.png
0.25862,0.234632,0.246626,0.022445,-5.93753,-11.265014,2.56619,Drowsy,Drowsy/A0545.png
0.250673,0.219987,0.23533,0.015377,-5.506178,-11.477375,2.763793,Drowsy,Drowsy/A0550.png
0.226158,0.202658,0.214408,0.015377,-6.103379,-11.823512,2.570596,Drowsy,Drowsy/A0554.png
0.246985,0.214528,0.230756,0.007933,-7.149627,-9.063625,3.181039,Drowsy,Drowsy/A0559.png
0.253847,0.221609,0.237728,0.02797,-7.363284,-8.80188,3.375076,Drowsy,Drowsy/A0563.png
0.26622,0.243579,0.2549,0.024181,-5.727421,-8.826283,2.075172,Drowsy,Drowsy/A0568.png
0.297763,0.253707,0.275735,0.015855,-7.658475,-7.429514,3.128126,Drowsy,Drowsy/A0572.png
0.266335,0.258863,0.262599,0.023798,-6.922023,-8.60664,3.113586,Drowsy,Drowsy/A0577.png
0.260964,0.235426,0.248195,0.018569,-6.120505,-8.64204,2.713473,Drowsy,Drowsy/A0581.png
0.052468,0.042241,0.047355,0.007809,-5.287087,-9.215487,2.419709,Drowsy,Drowsy/A0586.png
0.236108,0.225756,0.230932,0.008063,-6.957104,-8.387415,2.436394,Drowsy,Drowsy/A0590.png
0.261725,0.242951,0.252338,0.0,-7.618217,-8.288795,2.496934,Drowsy,Drowsy/A0595.png
0.26649,0.242951,0.254721,0.011783,-6.800476,-8.576626,2.984644,Drowsy,Drowsy/A0599.png
0.246042,0.218143,0.232092,0.019789,-5.972964,-9.408316,2.047768,Drowsy,Drowsy/A0604.png
0.238915,0.260817,0.249866,0.022437,-6.102757,-8.50467,2.771756,Drowsy,Drowsy/A0608.png
0.193355,0.173366,0.183361,0.007933,-6.476481,-9.402024,3.123042,Drowsy,Drowsy/A0613.png
0.237023,0.234632,0.235827,0.018859,-5.551409,-9.478911,3.308092,Drowsy,Drowsy/A0617.png
0.258415,0.220761,0.239588,0.011218,-11.440791,-11.750636,4.313561,Drowsy,Drowsy/A0621.png
0.26552,0.242951,0.254236,0.00806,-10.515221,-10.050986,3.81492,Drowsy,Drowsy/A0626.png
0.287139,0.273808,0.280474,0.026644,-9.159584,-11.107001,3.850271,Drowsy,Drowsy/A0630.png
0.221504,0.242079,0.231791,0.022437,-8.655725,-11.658535,3.96535,Drowsy,Drowsy/A0635.png
0.257829,0.257934,0.257882,0.015617,-8.998211,-11.817782,4.203528,Drowsy,Drowsy/A0639.png
0.272821,0.274807,0.273814,0.015377,-8.933989,-9.582407,3.534465,Drowsy,Drowsy/A0644.png
0.216365,0.226224,0.221294,0.007789,-4.49691,-12.44663,3.36957,Drowsy,Drowsy/A0648.png
0.260279,0.256939,0.258609,0.008192,-7.189893,-9.777249,3.047154,Drowsy,Drowsy/A0653.png
0.274565,0.266295,0.27043,0.008055,-6.592623,-10.723444,3.318915,Drowsy,Drowsy/A0657.png
0.266335,0.258863,0.262599,0.011779,-6.490736,-9.445356,3.453855,Drowsy,Drowsy/A0662.png
0.231994,0.218163,0.225078,0.02419,-6.173305,-9.965061,3.108833,Drowsy,Drowsy/A0666.png
0.260645,0.24081,0.250728,0.018852,-5.760295,-10.409749,2.279481,Drowsy,Drowsy/A0671.png
0.25862,0.242079,0.250349,0.02667,-7.328096,-10.487153,2.724214,Drowsy,Drowsy/A0675.png
0.240207,0.23353,0.236869,0.028973,-5.89562,-11.428027,2.97784,Drowsy,Drowsy/A0680.png
0.229975,0.226705,0.22834,0.018281,-5.631701,-12.476028,3.169889,Drowsy,Drowsy/A0684.png
0.085455,0.103158,0.094307,0.0,-5.669159,-6.769403,3.515121,Drowsy,Drowsy/A0689.png
0.239727,0.204631,0.222179,0.0,-4.303808,-8.50633,2.47163,Drowsy,Drowsy/A0693.png
0.207883,0.194605,0.201244,0.020809,-5.871268,-8.151146,2.59412,Drowsy,Drowsy/A0697.png
0.230256,0.222506,0.226381,0.00806,-5.314925,-9.412267,2.531652,Drowsy,Drowsy/A0702.png
0.23983,0.220006,0.229918,0.019447,-4.073263,-7.844622,2.452081,Drowsy,Drowsy/A0706.png
0.210956,0.16819,0.189573,0.023807,-2.902843,-7.368882,2.101646,Drowsy,Drowsy/A0711.png
0.177381,0.153393,0.165387,0.016657,-3.025237,-6.905002,2.096324,Drowsy,Drowsy/A0715.png
0.231974,0.243579,0.237776,0.022807,-3.973217,-8.922836,1.793718,Drowsy,Drowsy/A0720.png
0.239417,0.24154,0.240478,0.0,-3.54672,-9.194112,1.681097,Drowsy,Drowsy/A0724.png
0.218462,0.189256,0.203859,0.023807,-3.807254,-8.823025,1.775338,Drowsy,Drowsy/A0729.png
0.213882,0.204631,0.209257,0.030384,-2.932259,-9.297362,1.513481,Drowsy,Drowsy/A0733.png
0.201701,0.212718,0.20721,0.015623,-2.594269,-9.011869,1.293647,Drowsy,Drowsy/A0738.png
0.285406,0.251296,0.268351,0.015383,4.250165,-10.848296,0.648262,Drowsy,Drowsy/A0742.png
0.221408,0.252852,0.23713,0.025853,1.990264,-9.149186,2.540364,Drowsy,Drowsy/A0747.png
0.243256,0.230771,0.237013,0.015377,2.349355,-9.568519,2.402366,Drowsy,Drowsy/A0751.png
0.251621,0.235501,0.243561,0.017998,2.406496,-10.006655,2.365332,Drowsy,Drowsy/A0756.png
0.249892,0.232127,0.241009,0.022056,3.26379,-9.959127,1.762426,Drowsy,Drowsy/A0760.png
0.251621,0.247897,0.249759,0.00735,1.803816,-10.014288,2.338167,Drowsy,Drowsy/A0765.png
0.250706,0.232127,0.241417,0.007243,2.335258,-10.603655,2.199355,Drowsy,Drowsy/A0769.png
0.273566,0.250756,0.262161,0.018008,2.407603,-10.335711,2.261738,Drowsy,Drowsy/A0773.png
0.23621,0.26077,0.24849,0.015145,1.898311,-10.324009,2.465023,Drowsy,Drowsy/A0778.png
0.236108,0.245814,0.240961,0.01515,1.68646,-10.329552,2.065357,Drowsy,Drowsy/A0782.png
0.187835,0.207835,0.197835,0.022049,1.269451,-12.510886,3.366511,Drowsy,Drowsy/A0787.png
0.236108,0.238188,0.237148,0.007572,1.554179,-11.450219,2.315751,Drowsy,Drowsy/A0791.png
0.266335,0.246083,0.256209,0.007575,0.482598,-10.104952,2.37823,Drowsy,Drowsy/A0796.png
0.228216,0.171796,0.200006,0.019447,2.390282,-10.332512,3.347192,Drowsy,Drowsy/A0800.png
0.231994,0.245303,0.238648,0.018015,1.16191,-12.300834,2.03842,Drowsy,Drowsy/A0805.png
0.221408,0.230394,0.225901,0.01515,-0.171414,-11.834868,2.829211,Drowsy,Drowsy/A0809.png
0.250706,0.24431,0.247508,0.007689,-0.111491,-11.586861,2.803267,Drowsy,Drowsy/A0814.png
0.348199,0.345675,0.346937,0.00735,-0.625506,-8.625731,2.512932,Drowsy,Drowsy/A0818.png
0.287139,0.306225,0.296682,0.015145,-0.896641,-9.729175,2.626631,Drowsy,Drowsy/A0823.png
0.229367,0.245303,0.237335,0.01515,-0.082853,-9.554644,2.154856,Drowsy,Drowsy/A0827.png
0.200688,0.208801,0.204744,0.018015,0.025874,-10.650587,2.764524,Drowsy,Drowsy/A0832.png
0.229087,0.180519,0.204803,0.021755,-1.248785,-9.557599,3.085594,Drowsy,Drowsy/A0836.png
0.229367,0.192114,0.21074,0.021427,-0.266887,-10.670534,2.418109,Drowsy,Drowsy/A0841.png
0.201948,0.185868,0.193908,0.007691,-2.014849,-10.647157,2.570559,Drowsy,Drowsy/A0845.png
0.229367,0.214988,0.222178,0.029446,-0.560504,-10.10844,2.648941,Drowsy,Drowsy/A0849.png
0.210956,0.203065,0.20701,0.018852,-0.436536,-10.080326,2.753382,Drowsy,Drowsy/A0854.png
0.220493,0.176471,0.198482,0.010553,-0.512952,-10.73336,2.630009,Drowsy,Drowsy/A0858.png
0.221122,0.20551,0.213316,0.018015,-0.764493,-10.90898,2.326067,Drowsy,Drowsy/A0863.png
0.232599,0.25,0.241299,0.015625,-0.977859,-10.636466,2.154946,Drowsy,Drowsy/A0867.png
0.206838,0.229461,0.21815,0.026263,-0.225107,-11.607846,2.213871,Drowsy,Drowsy/A0872.png
0.074317,0.055027,0.064672,0.0,0.414992,-9.820569,1.436412,Drowsy,Drowsy/A0876.png
0.053877,0.068784,0.061331,0.01515,-0.414763,-10.258771,1.730837,Drowsy,Drowsy/A0881.png
0.162701,0.148944,0.155822,0.014704,0.103214,-10.83063,1.855727,Drowsy,Drowsy/A0885.png
0.201701,0.200724,0.201213,0.025853,0.092848,-10.656593,2.181914,Drowsy,Drowsy/A0890.png
0.203669,0.209601,0.206635,0.018571,0.568058,-11.12572,1.954075,Drowsy,Drowsy/A0894.png
0.250706,0.253707,0.252207,0.018015,-0.970022,-10.296614,2.333296,Drowsy,Drowsy/A0899.png
0.27428,0.28243,0.278355,0.007568,-0.874343,-10.181275,2.468417,Drowsy,Drowsy/A0903.png
0.236007,0.237927,0.236967,0.018017,-0.066241,-10.856875,2.552382,Drowsy,Drowsy/A0908.png
0.250673,0.236291,0.243482,0.01428,0.369403,-10.858289,2.504939,Drowsy,Drowsy/A0912.png
0.222453,0.238188,0.23032,0.014925,0.486084,-11.362054,2.205447,Drowsy,Drowsy/A0916.png
0.229087,0.266908,0.247998,0.014925,0.422971,-11.483559,1.934583,Drowsy,Drowsy/A0921.png
0.229367,0.231471,0.230419,0.01775,0.575393,-12.013172,2.043568,Drowsy,Drowsy/A0925.png
0.244438,0.251494,0.247966,0.018015,0.133952,-11.55781,2.253363,Drowsy,Drowsy/A0930.png
0.236789,0.25,0.243395,0.017243,0.974525,-11.649499,2.105636,Drowsy,Drowsy/A0934.png
0.236516,0.259382,0.247949,0.017243,0.558242,-10.139961,2.264543,Drowsy,Drowsy/A0939.png
0.237023,0.243337,0.24018,0.022386,-0.060974,-11.437692,2.437546,Drowsy,Drowsy/A0943.png
0.250706,0.238188,0.244447,0.014491,0.846034,-11.948841,1.998157,Drowsy,Drowsy/A0950.png
0.236789,0.252266,0.244528,0.007142,1.784133,-11.77954,2.16847,Drowsy,Drowsy/A0954.png
0.250706,0.238188,0.244447,0.014924,1.324411,-11.45292,2.448629,Drowsy,Drowsy/A0959.png
0.280024,0.280475,0.28025,0.007462,2.409122,-11.332057,1.552729,Drowsy,Drowsy/A0963.png
0.26622,0.250756,0.258488,0.018015,0.622194,-10.938368,2.026949,Drowsy,Drowsy/A0968.png
0.273441,0.273279,0.27336,0.015377,-0.26388,-11.887542,2.328817,Drowsy,Drowsy/A0972.png
0.250706,0.267709,0.259207,0.025853,0.636702,-11.700113,2.206608,Drowsy,Drowsy/A0977.png
0.266335,0.282043,0.274189,0.018017,0.64107,-11.045325,2.226908,Drowsy,Drowsy/A0981.png
0.173722,0.219006,0.196364,0.007933,-1.552038,-7.278644,3.218888,Drowsy,Drowsy/A0986.png
0.268633,0.253707,0.26117,0.0,-2.105895,-9.891685,2.208332,Drowsy,Drowsy/A0990.png
0.221408,0.231127,0.226267,0.027083,-0.735473,-8.424734,2.227909,Drowsy,Drowsy/A0994.png
0.260964,0.26077,0.260867,0.026661,-0.630101,-8.579814,2.725075,Drowsy,Drowsy/A0999.png
0.251621,0.215862,0.233742,0.007575,0.054134,-8.178115,2.99483,Drowsy,Drowsy/A1003.png
0.142624,0.103031,0.122828,0.007455,-0.745483,-9.505389,3.097736,Drowsy,Drowsy/A1010.png
0.251296,0.253161,0.252228,0.018562,1.207315,-8.253982,2.398577,Drowsy,Drowsy/A1014.png
0.26622,0.248968,0.257594,0.021418,-1.507827,-9.603561,2.70172,Drowsy,Drowsy/A1019.png
0.200688,0.206658,0.203673,0.014487,0.257861,-9.494747,2.058386,Drowsy,Drowsy/A1023.png
0.201701,0.209601,0.205651,0.014704,-0.305399,-9.267242,2.199222,Drowsy,Drowsy/A1031.png
0.176166,0.148944,0.162555,0.007691,0.305483,-8.633312,2.165028,Drowsy,Drowsy/A1035.png
0.228245,0.219309,0.223777,0.007684,-1.297235,-9.099081,3.205102,Drowsy,Drowsy/A1040.png
0.228111,0.256569,0.24234,0.023426,-1.436727,-9.653128,3.022282,Drowsy,Drowsy/A1044.png
0.246645,0.219265,0.232955,0.015385,-0.873665,-9.948438,1.9354,Drowsy,Drowsy/A1049.png
0.272141,0.290308,0.281225,0.007352,-0.540117,-10.198483,2.676083,Drowsy,Drowsy/A1053.png
0.265406,0.268849,0.267127,0.018287,-2.877898,-10.608465,2.756149,Drowsy,Drowsy/A1058.png
0.26624,0.292068,0.279154,0.018281,-0.717364,-11.168137,2.666378,Drowsy,Drowsy/A1062.png
0.26622,0.258293,0.262256,0.022378,-2.183939,-10.354495,2.690642,Drowsy,Drowsy/A1067.png
0.26624,0.275756,0.270998,0.010553,-0.792971,-10.978265,2.254331,Drowsy,Drowsy/A1071.png
0.243648,0.246083,0.244866,0.018017,-1.336242,-8.919233,3.002504,Drowsy,Drowsy/A1075.png
0.250706,0.257474,0.25409,0.007689,-0.736762,-10.741089,3.205565,Drowsy,Drowsy/A1080.png
0.280838,0.27735,0.279094,0.018562,-0.736762,-10.741089,3.205565,Drowsy,Drowsy/A1084.png
0.251441,0.253161,0.252301,0.018008,-0.762475,-10.2829,2.850608,Drowsy,Drowsy/A1089.png
0.215087,0.215862,0.215475,0.00735,-2.725655,-10.449908,3.381916,Drowsy,Drowsy/A1093.png
0.17233,0.230394,0.201362,0.018271,-1.38334,-10.038473,3.058999,Drowsy,Drowsy/A1098.png
0.243256,0.235426,0.239341,0.0,-1.047348,-9.849097,2.559997,Drowsy,Drowsy/A1102.png
0.192062,0.164765,0.178414,0.025468,-1.219835,-10.873514,2.355609,Drowsy,Drowsy/A1107.png
0.214825,0.175466,0.195145,0.01775,-0.509625,-10.253923,2.417886,Drowsy,Drowsy/A1111.png
0.13978,0.148269,0.144024,0.018569,0.175898,-7.926033,2.436991,Drowsy,Drowsy/A1116.png
0.221538,0.200997,0.211267,0.02626,-1.57125,-9.368448,2.608819,Drowsy,Drowsy/A1120.png
0.128362,0.130421,0.129391,0.010873,-1.199785,-8.965374,3.087696,Drowsy,Drowsy/A1125.png
0.206838,0.168725,0.187782,0.007575,0.008041,-9.723798,1.892143,Drowsy,Drowsy/A1129.png
0.222165,0.215862,0.219013,0.01515,-1.196304,-10.513958,2.194745,Drowsy,Drowsy/A1134.png
0.20657,0.200997,0.203783,0.015383,-1.039957,-8.762446,3.037392,Drowsy,Drowsy/A1138.png
0.206838,0.200183,0.203511,0.018569,-2.362553,-10.222258,2.792965,Drowsy,Drowsy/A1143.png
0.214825,0.209601,0.212213,0.01775,-2.06962,-11.100131,2.708644,Drowsy,Drowsy/A1147.png
0.214825,0.18898,0.201902,0.007142,-1.135353,-10.993514,2.347352,Drowsy,Drowsy/A1151.png
0.190495,0.194145,0.19232,0.021394,3.403621,-15.481319,-2.944737,Drowsy,Drowsy/A1156.png
0.204726,0.229975,0.21735,0.010381,3.302395,-14.147852,-2.061574,Drowsy,Drowsy/A1160.png
0.190905,0.173158,0.182032,0.018008,2.208484,-14.04226,-1.390365,Drowsy,Drowsy/A1165.png
0.161865,0.114135,0.138,0.010543,2.12063,-13.648035,-1.199415,Drowsy,Drowsy/A1169.png
0.200724,0.158067,0.179396,0.024717,0.645843,-13.765216,-0.706131,Drowsy,Drowsy/A1174.png
0.226558,0.187225,0.206892,0.025454,1.58926,-12.957863,-0.638214,Drowsy,Drowsy/A1178.png
0.084853,0.058474,0.071664,0.023426,1.392634,-12.866894,-0.391922,Drowsy,Drowsy/A1183.png
0.219987,0.220647,0.220317,0.010703,0.552793,-13.252041,-0.51125,Drowsy,Drowsy/A1187.png
0.195812,0.189023,0.192417,0.022717,2.40064,-13.954376,-1.014507,Drowsy,Drowsy/A1192.png
0.165456,0.148944,0.1572,0.023077,1.787139,-10.375668,0.510002,Drowsy,Drowsy/A1196.png
0.213882,0.178146,0.196014,0.016391,-0.223715,-5.556094,0.110082,Drowsy,Drowsy/A1201.png
0.229509,0.236208,0.232858,0.0,-1.787804,-8.322243,0.560147,Drowsy,Drowsy/A1205.png
0.217044,0.202592,0.209818,0.027097,0.086875,-6.804038,0.674841,Drowsy,Drowsy/A1210.png
0.213395,0.208388,0.210892,0.0,-0.998866,-8.286708,0.684197,Drowsy,Drowsy/A1214.png
0.222743,0.2,0.211372,0.014925,-0.749896,-13.032054,1.732097,Drowsy,Drowsy/A1219.png
0.214825,0.219987,0.217406,0.025862,-1.391264,-11.835503,2.348812,Drowsy,Drowsy/A1223.png
0.191478,0.200997,0.196237,0.025479,-1.628242,-12.73793,1.431495,Drowsy,Drowsy/A1227.png
0.236208,0.236716,0.236462,0.022704,1.255989,-13.077825,-0.831211,Drowsy,Drowsy/A1232.png
0.242856,0.253996,0.248426,0.022386,0.063829,-13.555288,0.055924,Drowsy,Drowsy/A1236.png
0.264493,0.253161,0.258827,0.007462,0.55224,-14.452089,-0.216785,Drowsy,Drowsy/A1241.png
0.242368,0.257354,0.249861,0.018281,-0.791194,-14.222981,0.120646,Drowsy,Drowsy/A1245.png
0.243252,0.26077,0.252011,0.022056,-0.910344,-12.801303,0.783799,Drowsy,Drowsy/A1250.png
0.243644,0.218019,0.230832,0.02173,-0.585965,-12.558745,0.213769,Drowsy,Drowsy/A1254.png
0.162351,0.160733,0.161542,0.007691,1.094364,-9.930302,0.546532,Drowsy,Drowsy/A1259.png
0.258883,0.261366,0.260125,0.025102,0.171284,-12.007504,0.671846,Drowsy,Drowsy/A1263.png
0.17198,0.143339,0.157659,0.010553,-0.075517,-9.822114,0.832103,Drowsy,Drowsy/A1268.png
0.213882,0.246083,0.229983,0.0,-0.099461,-11.761429,1.242926,Drowsy,Drowsy/A1272.png
0.234889,0.238902,0.236896,0.023074,3.49993,-11.650461,1.252456,Drowsy,Drowsy/A1277.png
0.243893,0.218376,0.231134,0.007353,1.310177,-12.458055,1.071326,Drowsy,Drowsy/A1281.png
0.19189,0.215401,0.203645,0.025476,1.147067,-11.916918,0.874771,Drowsy,Drowsy/A1286.png
0.236208,0.246263,0.241235,0.017752,1.073436,-12.347433,0.821114,Drowsy,Drowsy/A1290.png
0.235296,0.236208,0.235752,0.014925,0.249643,-13.001661,0.863918,Drowsy,Drowsy/A1295.png
0.16819,0.160657,0.164423,0.007575,-0.225241,-13.545018,0.722733,Drowsy,Drowsy/A1299.png
0.20551,0.239417,0.222463,0.023074,1.51152,-11.852363,-0.043215,Drowsy,Drowsy/A1303.png
0.227279,0.236208,0.231743,0.01775,0.670011,-13.260105,0.232015,Drowsy,Drowsy/A1308.png
0.196783,0.178212,0.187498,0.01515,1.640633,-12.242607,-0.216422,Drowsy,Drowsy/A1312.png
0.200724,0.228623,0.214673,0.010247,0.61804,-13.879413,0.156028,Drowsy,Drowsy/A1317.png
0.246083,0.243308,0.244695,0.018015,0.577015,-13.111619,0.175027,Drowsy,Drowsy/A1321.png
0.231711,0.246083,0.238897,0.010879,-0.808393,-9.531257,2.018283,Drowsy,Drowsy/A1326.png
0.192138,0.181211,0.186675,0.007459,1.487655,-9.082189,2.592712,Drowsy,Drowsy/A1330.png
0.130118,0.105998,0.118058,0.011392,-1.849131,-10.004452,3.607221,Drowsy,Drowsy/A1335.png
0.2131,0.212654,0.212877,0.015383,0.088232,-10.085962,2.764619,Drowsy,Drowsy/A1339.png
0.251621,0.240874,0.246248,0.014704,0.131175,-11.251201,2.509787,Drowsy,Drowsy/A1344.png
0.236108,0.26271,0.249409,0.018015,-0.110398,-11.200449,2.373007,Drowsy,Drowsy/A1348.png
0.237125,0.246491,0.241808,0.0147,-2.079848,-10.456714,2.951139,Drowsy,Drowsy/A1353.png
0.306787,0.278233,0.29251,0.007809,0.742753,-9.382825,2.721359,Drowsy,Drowsy/A1357.png
0.221122,0.240874,0.230998,0.018287,1.934997,-10.744892,1.993136,Drowsy,Drowsy/A1362.png
0.221122,0.245303,0.233212,0.015377,0.863837,-11.072467,2.566958,Drowsy,Drowsy/A1366.png
0.153396,0.139406,0.146401,0.018017,-0.585388,-9.51538,1.879711,Drowsy,Drowsy/A1371.png
0.2131,0.245303,0.229201,0.0,-0.322694,-12.800908,3.145338,Drowsy,Drowsy/A1375.png
0.157978,0.138931,0.148454,0.014924,0.304935,-11.11251,1.990657,Drowsy,Drowsy/A1379.png
0.216102,0.226764,0.221433,0.0147,-0.403304,-10.05493,2.911222,Drowsy,Drowsy/A1384.png
0.221122,0.25509,0.238106,0.01515,-0.238956,-11.04058,2.210589,Drowsy,Drowsy/A1388.png
0.074518,0.084773,0.079646,0.018287,-1.366858,-14.016301,1.125483,Drowsy,Drowsy/A1393.png
0.220115,0.209601,0.214858,0.015145,-0.48573,-14.844271,1.423542,Drowsy,Drowsy/A1397.png
0.171149,0.114878,0.143014,0.025853,0.297326,-11.067813,2.321937,Drowsy,Drowsy/A1402.png
0.226856,0.22886,0.227858,0.01775,2.275219,-12.855455,1.606521,Drowsy,Drowsy/A1406.png
0.221408,0.25778,0.239594,0.022378,0.708269,-11.302812,2.459186,Drowsy,Drowsy/A1411.png
0.227798,0.215862,0.22183,0.007572,-0.749881,-12.232933,2.561496,Drowsy,Drowsy/A1415.png
0.186425,0.176101,0.181263,0.014925,-0.136419,-11.788659,1.861726,Drowsy,Drowsy/A1420.png
0.236716,0.25509,0.245903,0.021755,1.090285,-10.028146,1.82553,Drowsy,Drowsy/A1424.png
0.177611,0.182246,0.179928,0.015368,-3.773022,-10.120991,3.582249,Drowsy,Drowsy/A1429.png
0.254033,0.266579,0.260306,0.011904,4.820964,-4.187739,-1.01566,Drowsy,Drowsy/B0002.png
0.264871,0.255984,0.260427,0.014021,6.861836,-4.454588,-2.967478,Drowsy,Drowsy/B0007.png
0.051215,0.021612,0.036413,0.0,8.886898,-12.076927,-10.056215,Drowsy,Drowsy/B0011.png
0.052918,0.0,0.026459,0.0,8.725466,-13.305474,-9.730008,Drowsy,Drowsy/B0016.png
0.051215,0.021612,0.036413,0.0,7.086043,-13.279888,-10.08237,Drowsy,Drowsy/B0020.png
0.038174,0.0,0.019087,0.014539,7.801822,-12.329028,-10.002956,Drowsy,Drowsy/B0024.png
0.183733,0.213849,0.198791,0.014566,7.855116,-8.63696,-10.166735,Drowsy,Drowsy/B0029.png
0.25812,0.244929,0.251524,0.014394,7.66479,-9.501555,-10.357388,Drowsy,Drowsy/B0033.png
0.230329,0.234301,0.232315,0.0,8.373188,-9.991165,-10.322018,Drowsy,Drowsy/B0038.png
0.171094,0.175665,0.17338,0.011497,9.226656,-13.497035,-10.236154,Drowsy,Drowsy/B0042.png
0.07515,0.021157,0.048153,0.013878,7.609904,-12.007979,-9.120454,Drowsy,Drowsy/B0047.png
0.206736,0.218792,0.212764,0.017678,8.701509,-10.294035,-9.832904,Drowsy,Drowsy/B0051.png
0.239548,0.224885,0.232216,0.013722,7.989235,-11.541008,-10.285593,Drowsy,Drowsy/B0056.png
0.234,0.240315,0.237157,0.005815,8.075339,-8.212904,-9.742466,Drowsy,Drowsy/B0060.png
0.062955,0.034233,0.048594,0.005559,8.596251,-12.719521,-9.30027,Drowsy,Drowsy/B0065.png
0.187969,0.195821,0.191895,0.011924,7.920276,-11.388765,-9.762974,Drowsy,Drowsy/B0069.png
0.135909,0.135781,0.135845,0.016649,7.5473,-13.69802,-9.826549,Drowsy,Drowsy/B0074.png
0.240453,0.240151,0.240302,0.0,8.560568,-9.253224,-9.522053,Drowsy,Drowsy/B0078.png
0.21872,0.208602,0.213661,0.0,7.752117,-12.219997,-9.829265,Drowsy,Drowsy/B0083.png
0.102018,0.068051,0.085035,0.0,7.424306,-12.67507,-9.016553,Drowsy,Drowsy/B0087.png
0.059558,0.025061,0.042309,0.013591,8.117156,-11.748163,-8.851217,Drowsy,Drowsy/B0092.png
0.06418,0.031142,0.047661,0.017275,8.21767,-12.131175,-8.861367,Drowsy,Drowsy/B0096.png
0.060976,0.010829,0.035902,0.0,7.467337,-11.360596,-8.473095,Drowsy,Drowsy/B0100.png
0.04878,0.026143,0.037462,0.011765,7.166479,-10.741183,-8.724802,Drowsy,Drowsy/B0105.png
0.04878,0.010847,0.029814,0.017647,8.097055,-11.526253,-8.514771,Drowsy,Drowsy/B0109.png
0.06576,0.04427,0.055015,0.00825,7.838505,-13.473181,-8.855512,Drowsy,Drowsy/B0114.png
0.067798,0.033129,0.050464,0.0,6.916709,-12.419275,-8.648695,Drowsy,Drowsy/B0118.png
0.060976,0.044346,0.052661,0.013722,7.339809,-14.100877,-9.178927,Drowsy,Drowsy/B0123.png
0.10172,0.05403,0.077875,0.011259,7.842148,-11.728125,-8.596325,Drowsy,Drowsy/B0127.png
0.149047,0.080427,0.114737,0.011785,7.92041,-10.534983,-8.637256,Drowsy,Drowsy/B0132.png
0.049029,0.010847,0.029938,0.021584,6.915928,-17.512948,-8.278793,Drowsy,Drowsy/B0136.png
0.064833,0.055901,0.060367,0.013784,7.487501,-14.341823,-8.117468,Drowsy,Drowsy/B0141.png
0.104058,0.069738,0.086898,0.019467,6.973746,-17.001582,-8.422053,Drowsy,Drowsy/B0145.png
0.196741,0.18508,0.19091,0.016891,6.534838,-10.445548,-8.673111,Drowsy,Drowsy/B0150.png
0.212756,0.207297,0.210027,0.011962,6.385482,-11.67937,-8.334104,Drowsy,Drowsy/B0154.png
0.157424,0.161701,0.159563,0.005583,6.828534,-16.241186,-8.252622,Drowsy,Drowsy/B0159.png
0.179278,0.19141,0.185344,0.011276,6.384715,-13.575772,-8.5737,Drowsy,Drowsy/B0163.png
0.175031,0.209869,0.19245,0.011403,5.632376,-14.007081,-8.255618,Drowsy,Drowsy/B0168.png
0.200994,0.213228,0.207111,0.02018,6.934729,-11.905869,-8.028998,Drowsy,Drowsy/B0172.png
0.076437,0.034356,0.055397,0.0,7.257786,-20.761357,-7.324589,Drowsy,Drowsy/B0176.png
0.212756,0.231475,0.222116,0.01155,6.033689,-12.54834,-8.284173,Drowsy,Drowsy/B0181.png
0.223607,0.248089,0.235848,0.019467,6.086268,-11.580243,-7.782874,Drowsy,Drowsy/B0185.png
0.183733,0.197071,0.190402,0.01155,5.498651,-14.964514,-8.55996,Drowsy,Drowsy/B0190.png
0.162866,0.173251,0.168058,0.011684,6.304668,-17.237876,-8.749263,Drowsy,Drowsy/B0194.png
0.066169,0.051982,0.059075,0.013461,6.430566,-21.192953,-8.222953,Drowsy,Drowsy/B0199.png
0.211732,0.243629,0.22768,0.021139,7.423184,-14.715541,-8.658575,Drowsy,Drowsy/B0203.png
0.149793,0.125649,0.137721,0.018828,6.42009,-20.256362,-8.210721,Drowsy,Drowsy/B0208.png
0.123852,0.080757,0.102305,0.011291,6.395747,-18.661193,-7.838295,Drowsy,Drowsy/B0212.png
0.149793,0.169365,0.159579,0.011419,6.895293,-15.153763,-8.496176,Drowsy,Drowsy/B0217.png
0.179278,0.193275,0.186277,0.019946,7.164686,-16.417442,-8.443793,Drowsy,Drowsy/B0221.png
0.224873,0.226881,0.225877,0.019249,7.081254,-15.189204,-8.038526,Drowsy,Drowsy/B0226.png
0.198258,0.220883,0.209571,0.019494,6.677251,-15.319178,-8.301751,Drowsy,Drowsy/B0230.png
0.216752,0.23757,0.227161,0.005775,6.940692,-13.017879,-8.088787,Drowsy,Drowsy/B0235.png
0.203069,0.20982,0.206445,0.0,6.548713,-14.796099,-8.464505,Drowsy,Drowsy/B0239.png
0.20016,0.20982,0.20499,0.013461,6.883896,-15.60173,-8.334985,Drowsy,Drowsy/B0244.png
0.094274,0.048026,0.07115,0.011667,6.982173,-20.333684,-7.968634,Drowsy,Drowsy/B0248.png
0.131306,0.090699,0.111002,0.013765,6.118656,-21.990753,-8.50925,Drowsy,Drowsy/B0252.png
0.191174,0.198246,0.19471,0.022366,7.171549,-14.092053,-8.517729,Drowsy,Drowsy/B0257.png
0.176704,0.184299,0.180502,0.011166,7.131465,-16.821173,-8.463652,Drowsy,Drowsy/B0261.png
0.176047,0.196825,0.186436,0.012105,6.081132,-17.099213,-8.364925,Drowsy,Drowsy/B0266.png
0.184499,0.20267,0.193584,0.020448,6.650924,-13.485391,-8.082713,Drowsy,Drowsy/B0270.png
0.188412,0.208478,0.198445,0.008783,6.763569,-15.206065,-8.310256,Drowsy,Drowsy/B0275.png
0.188412,0.207294,0.197853,0.012105,6.506312,-12.08826,-7.980738,Drowsy,Drowsy/B0279.png
0.131964,0.090699,0.111331,0.013923,6.599979,-17.488839,-7.821123,Drowsy,Drowsy/B0284.png
0.172918,0.185247,0.179082,0.005989,6.173917,-16.746295,-7.284541,Drowsy,Drowsy/B0290.png
0.200969,0.216054,0.208511,0.0,6.062471,-16.224776,-8.909402,Drowsy,Drowsy/B0295.png
0.159562,0.176904,0.168233,0.01091,7.284217,-19.839446,-9.336626,Drowsy,Drowsy/B0299.png
0.183733,0.213929,0.198831,0.011516,6.672329,-16.158243,-9.506997,Drowsy,Drowsy/B0304.png
0.24536,0.226686,0.236023,0.013765,6.857735,-13.421412,-9.197635,Drowsy,Drowsy/B0308.png
0.235616,0.252975,0.244296,0.005702,6.249919,-16.683611,-9.664819,Drowsy,Drowsy/B0313.png
0.011337,0.023256,0.017297,0.0,-1.321875,-0.915453,-1.232835,Drowsy,Drowsy/B0317.png
0.361135,0.403718,0.382426,0.047613,-5.709665,-9.449489,-0.595038,Drowsy,Drowsy/C0005.png
0.365866,0.386143,0.376004,0.027985,-1.886662,-10.649035,-0.685621,Drowsy,Drowsy/C0009.png
0.353937,0.385359,0.369648,0.027982,-2.789731,-9.101877,-1.113258,Drowsy,Drowsy/C0013.png
0.345253,0.369869,0.357561,0.025858,-0.470041,-10.513438,-2.106582,Drowsy,Drowsy/C0018.png
0.35814,0.384502,0.371321,0.02542,-3.525828,-9.919718,-0.851879,Drowsy,Drowsy/C0022.png
0.361103,0.384502,0.372803,0.0,-3.131205,-9.916368,-1.115696,Drowsy,Drowsy/C0028.png
0.348199,0.37473,0.361464,0.024986,-2.411384,-10.034055,-1.296072,Drowsy,Drowsy/C0032.png
0.35814,0.393799,0.375969,0.024587,-3.68286,-11.048104,-1.038751,Drowsy,Drowsy/C0037.png
0.347797,0.387661,0.367729,0.025409,-3.003545,-10.437078,-1.33741,Drowsy,Drowsy/C0041.png
0.314429,0.338262,0.326346,0.024997,-3.036525,-11.396682,-1.08421,Drowsy,Drowsy/C0046.png
0.340342,0.357702,0.349022,0.023435,-1.633475,-9.796685,-1.564365,Drowsy,Drowsy/C0050.png
0.329276,0.378675,0.353976,0.008192,-2.901194,-11.302922,-1.813253,Drowsy,Drowsy/C0055.png
0.373553,0.396607,0.38508,0.008619,-1.98375,-10.911413,-1.743174,Drowsy,Drowsy/C0059.png
0.328266,0.333867,0.331067,0.017231,-2.4367,-11.035673,-1.91962,Drowsy,Drowsy/C0064.png
0.268278,0.297509,0.282893,0.025366,-0.957577,-12.814019,-4.404837,Drowsy,Drowsy/C0068.png
0.349495,0.370618,0.360056,0.019722,2.992456,-11.357175,-4.584771,Drowsy,Drowsy/C0073.png
0.352779,0.389627,0.371203,0.02456,-6.068151,-7.097278,3.017496,Drowsy,Drowsy/C0099.png
0.373553,0.392402,0.382977,0.026312,-4.829467,-8.090985,1.839587,Drowsy,Drowsy/C0103.png
0.266942,0.302535,0.284739,0.031493,-3.835432,-21.663062,6.166214,Drowsy,Drowsy/C0110.png
0.251455,0.239946,0.245701,0.043877,-2.368177,-26.346375,1.942234,Drowsy,Drowsy/C0114.png
0.329166,0.367138,0.348152,0.019722,0.263677,-13.996591,3.468425,Drowsy,Drowsy/C0119.png
0.342729,0.36162,0.352174,0.017832,0.665975,-10.265513,-3.39788,Drowsy,Drowsy/C0123.png
0.287385,0.31009,0.298738,0.028436,1.019102,-11.500138,-3.03325,Drowsy,Drowsy/C0128.png
0.348199,0.399541,0.37387,0.023435,-3.246082,-12.590465,0.046485,Drowsy,Drowsy/C0132.png
0.344046,0.383317,0.363681,0.021164,-2.552991,-11.21565,0.79618,Drowsy,Drowsy/C0137.png
0.271935,0.294724,0.283329,0.031381,-0.955655,-13.336874,-0.318026,Drowsy,Drowsy/C0141.png
0.350431,0.359963,0.355197,0.038071,7.5577,-10.576382,-4.502785,Drowsy,Drowsy/C0146.png
0.314245,0.351034,0.332639,0.055555,5.869875,-17.312731,-10.880802,Drowsy,Drowsy/C0150.png
0.304047,0.347847,0.325947,0.016077,3.699783,-15.183944,-5.826692,Drowsy,Drowsy/C0155.png
0.350898,0.379734,0.365316,0.019379,3.946354,-12.042914,-5.526124,Drowsy,Drowsy/C0159.png
0.368187,0.38,0.374094,0.017241,-1.182643,-13.422279,-0.496712,Drowsy,Drowsy/C0164.png
0.361505,0.383317,0.372411,0.038112,-7.222721,-10.390406,1.733948,Drowsy,Drowsy/C0168.png
0.368852,0.413664,0.391258,0.02542,-4.602016,-9.905899,-0.171877,Drowsy,Drowsy/C0173.png
0.352261,0.428207,0.390234,0.016667,-5.31062,-9.582996,0.237995,Drowsy,Drowsy/C0177.png
0.365219,0.399857,0.382538,0.028448,-1.853781,-11.507323,-1.111756,Drowsy,Drowsy/C0181.png
0.372526,0.387661,0.380093,0.035899,-4.644476,-11.47812,0.150007,Drowsy,Drowsy/C0186.png
0.343451,0.396657,0.370054,0.030479,-5.112571,-10.865365,0.840353,Drowsy,Drowsy/C0190.png
0.355987,0.396657,0.376322,0.008616,-3.964404,-12.459242,0.589726,Drowsy,Drowsy/C0195.png
0.368824,0.409462,0.389143,0.016947,-5.692991,-11.84555,0.313249,Drowsy,Drowsy/C0199.png
0.320158,0.343266,0.331712,0.023077,-4.299771,-14.652445,0.058806,Drowsy,Drowsy/C0204.png
0.350431,0.371825,0.361128,0.021409,-0.849483,-14.275562,-1.469827,Drowsy,Drowsy/C0208.png
0.24037,0.25793,0.24915,0.026975,-1.634002,-16.640943,-3.72334,Drowsy,Drowsy/C0213.png
0.327561,0.391684,0.359622,0.016657,-1.992006,-12.150403,-2.2627,Drowsy,Drowsy/C0217.png
0.342789,0.349642,0.346215,0.036553,-4.467861,-11.890162,-1.719613,Drowsy,Drowsy/C0222.png
0.354609,0.348955,0.351782,0.017541,-3.342905,-11.548124,-1.664331,Drowsy,Drowsy/C0226.png
0.333974,0.364729,0.349352,0.008329,-5.52498,-11.970087,-1.339212,Drowsy,Drowsy/C0231.png
0.345675,0.379826,0.36275,0.017541,-7.018441,-10.733557,-0.205772,Drowsy,Drowsy/C0235.png
0.342142,0.381436,0.361789,0.029415,-5.651221,-9.004527,-0.738362,Drowsy,Drowsy/C0240.png
0.264511,0.290172,0.277341,0.029415,-1.952529,-12.45669,-2.472748,Drowsy,Drowsy/C0244.png
0.27735,0.308149,0.29275,0.028897,-0.382018,-13.361731,-3.177257,Drowsy,Drowsy/C0249.png
0.348715,0.371165,0.35994,0.03171,-0.910327,-10.998164,-3.45901,Drowsy,Drowsy/C0253.png
0.287183,0.302891,0.295037,0.027892,0.907653,-13.280093,-4.218002,Drowsy,Drowsy/C0257.png
0.267125,0.294342,0.280733,0.027042,0.630266,-12.069081,-4.425214,Drowsy,Drowsy/C0262.png
0.352779,0.369572,0.361175,0.019447,1.608513,-11.455903,-4.104312,Drowsy,Drowsy/C0266.png
0.269932,0.25862,0.264276,0.029819,1.674934,-13.782391,-4.550013,Drowsy,Drowsy/C0271.png
0.339353,0.371435,0.355394,0.02852,4.182335,-11.400385,-4.876238,Drowsy,Drowsy/C0275.png
0.359932,0.380709,0.370321,0.016831,7.236149,-10.887018,-7.091782,Drowsy,Drowsy/C0280.png
0.386011,0.39598,0.390995,0.019379,5.808672,-10.998993,-6.387979,Drowsy,Drowsy/C0284.png
0.356492,0.367396,0.361944,0.028311,-1.331256,-14.543554,-5.762264,Drowsy,Drowsy/C0289.png
0.322078,0.349162,0.33562,0.023033,-3.339927,-15.441015,-5.724887,Drowsy,Drowsy/C0293.png
0.308887,0.333352,0.321119,0.022377,-2.205117,-14.410373,-4.672526,Drowsy,Drowsy/C0298.png
0.153594,0.149713,0.151653,0.014142,-0.403041,-20.089968,-6.132743,Drowsy,Drowsy/C0302.png
0.321165,0.358206,0.339686,0.018256,4.001507,-12.596436,-5.935523,Drowsy,Drowsy/C0307.png
0.351104,0.385595,0.368349,0.01884,-4.940628,-13.966307,-2.065341,Drowsy,Drowsy/C0311.png
0.369869,0.382821,0.376345,0.016939,-3.413207,-12.990869,-2.089386,Drowsy,Drowsy/C0316.png
0.355833,0.381036,0.368435,0.008473,-4.811536,-12.293883,-1.983219,Drowsy,Drowsy/C0320.png
0.359775,0.382257,0.371016,0.029906,-5.109529,-13.080928,-1.695118,Drowsy,Drowsy/C0325.png
0.34702,0.381998,0.364509,0.017218,-3.508537,-12.251713,-2.688339,Drowsy,Drowsy/C0329.png
0.355373,0.390164,0.372768,0.008916,-4.22329,-12.430645,-2.466978,Drowsy,Drowsy/C0333.png
0.331355,0.348325,0.33984,0.016385,-4.495153,-14.543466,-2.756771,Drowsy,Drowsy/C0338.png
0.360371,0.381436,0.370903,0.02456,-4.504053,-13.254807,-2.750935,Drowsy,Drowsy/C0342.png
0.360371,0.377232,0.368802,0.031343,-2.935387,-13.861787,-3.246341,Drowsy,Drowsy/C0347.png
0.335692,0.367013,0.351352,0.027925,-3.693309,-12.272072,-2.856377,Drowsy,Drowsy/C0351.png
0.334154,0.352332,0.343243,0.03171,-3.422983,-13.516674,-3.375109,Drowsy,Drowsy/C0356.png
0.348333,0.359922,0.354128,0.027982,-5.660116,-9.76651,0.322442,Drowsy,Drowsy/C0360.png
0.217307,0.233453,0.22538,0.007554,-4.651718,1.298557,5.233236,Drowsy,Drowsy/D0005.png
0.255269,0.269689,0.262479,0.015108,-4.32446,-0.235579,5.42384,Drowsy,Drowsy/D0009.png
0.248626,0.262304,0.255465,0.015339,-4.363513,0.501867,5.792975,Drowsy,Drowsy/D0014.png
0.249237,0.269585,0.259411,0.00767,-5.336544,2.015263,6.214811,Drowsy,Drowsy/D0018.png
0.203835,0.212412,0.208124,0.0,-4.698765,0.631897,5.104615,Drowsy,Drowsy/D0023.png
0.22766,0.242486,0.235073,0.015089,-5.640808,1.761902,6.676615,Drowsy,Drowsy/D0027.png
0.28712,0.291783,0.289451,0.007545,-5.665397,2.137962,7.35231,Drowsy,Drowsy/D0032.png
0.028741,0.012313,0.020527,1.073609,-2.42353,-22.276025,6.790717,Drowsy,Drowsy/D0037.png
0.179252,0.198633,0.188943,0.258792,-4.721476,-10.842168,5.638225,Drowsy,Drowsy/D0042.png
0.190524,0.221714,0.206119,0.007031,-6.203234,3.938584,4.987123,Drowsy,Drowsy/D0046.png
0.249279,0.258725,0.254002,0.068307,-8.803566,0.365184,3.853204,Drowsy,Drowsy/D0050.png
0.22299,0.232883,0.227937,0.0,-6.8875,0.76183,4.641677,Drowsy,Drowsy/D0055.png
0.22318,0.232599,0.227889,0.047049,-9.14194,-4.915278,7.101428,Drowsy,Drowsy/D0059.png
0.210352,0.240725,0.225538,0.023257,-10.303967,-4.680037,8.627444,Drowsy,Drowsy/D0064.png
0.235401,0.255214,0.245308,0.018157,-8.801321,-4.348838,9.438614,Drowsy,Drowsy/D0068.png
0.228788,0.238902,0.233845,0.022904,-9.436641,-5.284451,9.336128,Drowsy,Drowsy/D0073.png
0.222476,0.269306,0.245891,0.02362,-9.769233,-2.204956,9.602304,Drowsy,Drowsy/D0077.png
0.235401,0.274029,0.254715,0.041302,-11.311972,-1.439848,9.708857,Drowsy,Drowsy/D0082.png
0.229507,0.25509,0.242298,0.015269,-10.339133,-1.908264,10.060664,Drowsy,Drowsy/D0086.png
0.223307,0.25509,0.239199,0.026931,-9.770127,-3.558257,8.844202,Drowsy,Drowsy/D0091.png
0.030093,0.046865,0.038479,0.038086,-9.681857,-4.537247,8.996473,Drowsy,Drowsy/D0095.png
0.02493,0.028161,0.026545,0.02362,-8.941063,-2.692363,9.759287,Drowsy,Drowsy/D0100.png
0.235401,0.248599,0.242,0.022859,-9.440752,-3.101129,10.035218,Drowsy,Drowsy/D0104.png
0.024325,0.0137,0.019013,0.023299,-8.856931,-2.425403,9.022234,Drowsy,Drowsy/D0109.png
0.194956,0.215936,0.205446,0.019349,-7.405887,-16.03634,7.916159,Drowsy,Drowsy/D0113.png
0.193005,0.225121,0.209063,0.007186,-7.000153,-7.747853,8.742632,Drowsy,Drowsy/D0118.png
0.036214,0.042025,0.03912,0.007521,-7.419324,-4.251767,8.662947,Drowsy,Drowsy/D0122.png
0.216884,0.229509,0.223196,0.027957,-7.484164,-5.293145,8.128685,Drowsy,Drowsy/D0127.png
0.066779,0.102056,0.084417,0.015473,-8.203536,-4.059143,10.515144,Drowsy,Drowsy/D0132.png
0.228337,0.239955,0.234146,0.0,-7.958694,-3.064034,11.270926,Drowsy,Drowsy/D0136.png
0.22973,0.258449,0.24409,0.007962,-8.21424,-3.160674,11.969027,Drowsy,Drowsy/D0141.png
0.252348,0.276055,0.264202,0.007818,-9.134813,-1.321818,12.482682,Drowsy,Drowsy/D0145.png
0.208679,0.243158,0.225918,0.0304,-8.859674,-1.630832,13.567637,Drowsy,Drowsy/D0150.png
0.236803,0.242082,0.239443,0.008331,-10.489841,-0.518718,13.737548,Drowsy,Drowsy/D0155.png
0.214141,0.240896,0.227518,0.016085,-9.745724,-1.857473,14.680291,Drowsy,Drowsy/D0160.png
0.012313,0.04021,0.026261,0.024433,-11.041478,1.508855,15.332195,Drowsy,Drowsy/D0171.png
0.230647,0.2607,0.245673,0.024828,-12.117798,1.730136,15.722319,Drowsy,Drowsy/D0177.png
0.202407,0.194369,0.198388,0.007921,-2.328502,-4.231459,3.733021,Drowsy,Drowsy/D0183.png
0.228399,0.222142,0.22527,0.017378,0.571612,2.328189,7.520913,Drowsy,Drowsy/D0204.png
0.212412,0.216466,0.214439,0.007455,0.248231,2.182568,-3.512656,Drowsy,Drowsy/D0210.png
0.402995,0.400922,0.401958,0.0111,36.347819,4.386865,-1.514474,Drowsy,Drowsy/E0005.png
0.400367,0.439808,0.420088,0.032418,33.026266,10.080475,-1.099485,Drowsy,Drowsy/E0009.png
0.176023,0.237958,0.206991,0.042371,19.219654,11.845733,-4.757175,Drowsy,Drowsy/E0014.png
0.42319,0.418585,0.420888,0.0,-30.002948,9.917557,-7.518308,Drowsy,Drowsy/E0018.png
0.399987,0.419276,0.409631,0.010847,35.132071,7.454892,-1.675122,Drowsy,Drowsy/E0022.png
0.175911,0.143592,0.159751,0.010829,30.181896,8.241895,-0.518498,Drowsy,Drowsy/E0027.png
0.41605,0.407296,0.411673,0.009599,33.089031,7.012576,-1.610618,Drowsy,Drowsy/E0031.png
0.112619,0.176626,0.144622,0.0,24.986833,8.558552,-1.974078,Drowsy,Drowsy/E0036.png
0.359797,0.373192,0.366494,0.009968,34.471866,4.66278,-2.252338,Drowsy,Drowsy/E0040.png
0.422518,0.416613,0.419565,0.0,32.294162,7.246659,-2.008149,Drowsy,Drowsy/E0045.png
0.363832,0.388513,0.376173,0.0,33.877003,6.256378,-2.018389,Drowsy,Drowsy/E0049.png
0.37852,0.398217,0.388369,0.036248,35.274218,5.745927,-1.470895,Drowsy,Drowsy/E0054.png
0.384255,0.389573,0.386914,0.009992,33.771152,6.72521,-1.790967,Drowsy,Drowsy/E0058.png
0.40032,0.382807,0.391564,0.03185,34.18168,6.303392,-2.931761,Drowsy,Drowsy/E0063.png
0.435279,0.419807,0.427543,0.033415,34.595151,6.455728,-1.682437,Drowsy,Drowsy/E0067.png
0.375695,0.382513,0.379104,0.03326,35.592477,5.941828,-2.317525,Drowsy,Drowsy/E0072.png
0.079094,0.114974,0.097034,0.014419,16.939964,14.150757,-2.165814,Drowsy,Drowsy/E0076.png
0.384255,0.383277,0.383766,0.030555,34.258617,5.685873,-1.515959,Drowsy,Drowsy/E0081.png
0.144187,0.14874,0.146464,0.029946,28.775371,7.92382,-0.565517,Drowsy,Drowsy/E0085.png
0.384255,0.383277,0.383766,0.0,33.056798,7.330222,-0.958855,Drowsy,Drowsy/E0090.png
0.378172,0.381971,0.380072,0.0,35.548267,3.759533,-1.882223,Drowsy,Drowsy/E0094.png
0.307015,0.298887,0.302951,0.012837,34.596191,7.375326,-0.455035,Drowsy,Drowsy/E0098.png
0.224569,0.259202,0.241886,0.019964,34.332425,7.889054,-0.674159,Drowsy,Drowsy/E0103.png
0.384255,0.384341,0.384298,0.0,33.119057,4.721728,-1.728008,Drowsy,Drowsy/E0107.png
0.367035,0.397772,0.382404,0.019964,35.273663,5.367437,-1.364535,Drowsy,Drowsy/E0112.png
0.397443,0.39174,0.394592,0.010196,34.759128,6.147464,-0.905563,Drowsy,Drowsy/E0116.png
0.419149,0.409918,0.414533,0.0,34.873784,3.9762,-1.242069,Drowsy,Drowsy/E0121.png
0.370952,0.370335,0.370644,0.019984,35.906007,4.047969,-1.835711,Drowsy,Drowsy/E0125.png
0.384255,0.368782,0.376518,0.0,33.911984,5.690039,-0.550927,Drowsy,Drowsy/E0130.png
0.378373,0.380402,0.379387,0.017832,34.030999,4.505493,-1.80523,Drowsy,Drowsy/E0134.png
0.38727,0.377612,0.382441,0.020793,37.474639,4.666341,-1.561865,Drowsy,Drowsy/E0139.png
0.35156,0.356399,0.35398,0.026818,34.658569,5.075882,-1.511794,Drowsy,Drowsy/E0143.png
0.399056,0.401525,0.40029,0.010202,35.402924,7.405105,-0.329023,Drowsy,Drowsy/E0148.png
0.449183,0.389343,0.419263,0.029946,35.941525,5.963527,-1.141441,Drowsy,Drowsy/E0152.png
0.428977,0.426071,0.427524,0.01849,32.085951,5.249201,-0.612975,Drowsy,Drowsy/E0157.png
0.438091,0.413094,0.425592,0.032823,32.721307,7.097726,-1.134914,Drowsy,Drowsy/E0161.png
0.370746,0.365061,0.367904,0.02037,32.788223,6.353284,-0.43647,Drowsy,Drowsy/E0166.png
0.404333,0.387462,0.395898,0.0,34.19049,3.779033,-1.753506,Drowsy,Drowsy/E0170.png
0.391077,0.381883,0.38648,0.009998,34.368044,6.784908,-0.194826,Drowsy,Drowsy/E0174.png
0.124329,0.190323,0.157326,0.012181,31.979427,6.896339,-0.300756,Drowsy,Drowsy/E0179.png
0.397155,0.394497,0.395826,0.010196,34.410169,5.966326,-0.420048,Drowsy,Drowsy/E0183.png
0.411306,0.39946,0.405383,0.0,32.65378,4.713649,-0.35771,Drowsy,Drowsy/E0188.png
0.43515,0.412433,0.423791,0.009085,33.547877,6.606244,-0.32245,Drowsy,Drowsy/E0192.png
0.440821,0.409918,0.42537,0.009802,33.567311,7.614937,0.80432,Drowsy,Drowsy/E0197.png
0.448866,0.433588,0.441227,0.0,33.915525,4.628317,-0.62464,Drowsy,Drowsy/E0201.png
0.15402,0.200988,0.177504,0.0,29.172137,6.280091,-1.120054,Drowsy,Drowsy/E0208.png
0.17299,0.198541,0.185765,0.019984,29.347275,6.713531,-1.665622,Drowsy,Drowsy/E0212.png
0.167416,0.168243,0.167829,0.009992,31.58869,5.428367,-0.011709,Drowsy,Drowsy/E0217.png
0.202592,0.242536,0.222564,0.0,30.16957,7.088779,-0.328836,Drowsy,Drowsy/E0221.png
0.149762,0.215453,0.182608,0.01087,33.60728,8.18198,1.086134,Drowsy,Drowsy/E0226.png
0.305392,0.302395,0.303894,0.0,32.952087,5.597006,0.258862,Drowsy,Drowsy/E0230.png
0.39573,0.386431,0.39108,0.009802,34.123146,6.555459,0.253004,Drowsy,Drowsy/E0235.png
0.40297,0.377097,0.390033,0.0,31.340873,7.822057,0.675117,Drowsy,Drowsy/E0239.png
0.203365,0.235882,0.219623,0.019593,27.143143,6.978362,0.647631,Drowsy,Drowsy/E0244.png
0.167303,0.188213,0.177758,0.009992,27.459548,4.707267,-0.617192,Drowsy,Drowsy/E0248.png
0.338647,0.338917,0.338782,0.0,34.45305,4.578509,-0.023702,Drowsy,Drowsy/E0252.png
0.408694,0.384341,0.396517,0.020815,35.516343,5.925805,-0.130912,Drowsy,Drowsy/E0257.png
0.386113,0.37571,0.380912,0.009089,32.795668,7.444755,0.709344,Drowsy,Drowsy/E0261.png
0.404333,0.385813,0.395073,0.0,32.369425,5.540399,0.18648,Drowsy,Drowsy/E0266.png
0.362228,0.366669,0.364449,0.019227,33.376825,6.738924,0.485161,Drowsy,Drowsy/E0270.png
0.317162,0.342286,0.329724,0.010414,36.090545,5.054533,0.322357,Drowsy,Drowsy/E0275.png
0.428375,0.400568,0.414471,0.009804,33.802269,6.03043,0.776497,Drowsy,Drowsy/E0279.png
0.414904,0.415953,0.415429,0.010408,34.683164,5.527977,-1.263539,Drowsy,Drowsy/E0284.png
0.102974,0.182142,0.142558,0.0,25.405177,8.334219,-0.507804,Drowsy,Drowsy/E0288.png
0.391077,0.381883,0.38648,0.034115,35.723956,5.891659,-1.041844,Drowsy,Drowsy/E0293.png
0.085671,0.107177,0.096424,0.027322,32.158067,6.824856,-0.864337,Drowsy,Drowsy/E0297.png
0.116248,0.147817,0.132033,0.020391,27.59856,9.992775,0.4855,Drowsy,Drowsy/E0302.png
0.397155,0.388083,0.392619,0.009992,35.426732,4.738647,-0.713738,Drowsy,Drowsy/E0306.png
0.192205,0.189207,0.190706,0.0,34.058245,8.848018,1.940706,Drowsy,Drowsy/E0311.png
0.112619,0.170687,0.141653,0.0,28.197267,7.615335,-0.6875,Drowsy,Drowsy/E0315.png
0.359157,0.352033,0.355595,0.009608,35.164928,7.352307,0.87982,Drowsy,Drowsy/E0320.png
0.152776,0.222523,0.18765,0.020408,30.028299,8.36886,0.673539,Drowsy,Drowsy/E0324.png
0.385695,0.372726,0.37921,0.0,34.952003,5.408415,0.386777,Drowsy,Drowsy/E0328.png
0.424264,0.397772,0.411018,0.019984,34.229792,6.725337,0.087541,Drowsy,Drowsy/E0333.png
0.387817,0.368782,0.378299,0.010196,34.6549,6.198267,0.17324,Drowsy,Drowsy/E0337.png
0.397155,0.37571,0.386432,0.0,33.18964,6.495037,0.369491,Drowsy,Drowsy/E0342.png
0.381371,0.375967,0.378669,0.0,33.287662,7.23114,0.894656,Drowsy,Drowsy/E0351.png
0.39573,0.374078,0.384904,0.019604,31.311262,7.862816,0.994819,Drowsy,Drowsy/E0355.png
0.404888,0.366669,0.385779,0.0,34.641499,7.063899,0.029903,Drowsy,Drowsy/E0360.png
0.164105,0.197727,0.180916,0.009802,27.547021,8.975608,0.80634,Drowsy,Drowsy/E0364.png
0.124329,0.172793,0.148561,0.010867,28.90796,8.421765,0.248754,Drowsy,Drowsy/E0369.png
0.352728,0.336185,0.344456,0.0,33.100776,6.23439,0.501902,Drowsy,Drowsy/E0373.png
0.370746,0.337191,0.353969,0.0,35.675858,6.475346,0.864449,Drowsy,Drowsy/E0380.png
0.415629,0.407137,0.411383,0.011108,35.330711,6.955835,0.902996,Drowsy,Drowsy/E0384.png
0.150594,0.222523,0.186558,0.014731,26.300568,9.643964,1.203033,Drowsy,Drowsy/E0389.png
0.385695,0.374078,0.379886,0.010417,36.811504,5.510874,0.37357,Drowsy,Drowsy/E0393.png
0.383196,0.390193,0.386695,0.020833,35.519177,5.940449,0.279939,Drowsy,Drowsy/E0398.png
0.360245,0.344255,0.35225,0.0,31.271395,9.253594,1.439577,Drowsy,Drowsy/E0402.png
0.391077,0.364833,0.377955,0.019984,35.365189,4.441388,-0.149654,Drowsy,Drowsy/E0406.png
0.374588,0.36697,0.370779,0.010414,34.850215,5.4916,0.084529,Drowsy,Drowsy/E0411.png
0.430698,0.407841,0.41927,0.009608,33.440799,8.032334,0.641631,Drowsy,Drowsy/E0415.png
0.451617,0.444858,0.448237,0.020391,32.835426,5.875124,0.606635,Drowsy,Drowsy/E0420.png
0.456948,0.419444,0.438196,0.031243,33.880526,7.389225,1.01416,Drowsy,Drowsy/E0424.png
0.403113,0.398843,0.400978,0.010408,34.330112,5.214855,0.231195,Drowsy,Drowsy/E0429.png
0.439135,0.42443,0.431782,0.024635,33.359572,7.025613,0.854185,Drowsy,Drowsy/E0433.png
0.380248,0.351605,0.365926,0.009258,33.681536,9.273113,1.954566,Drowsy,Drowsy/E0438.png
0.392709,0.383026,0.387868,0.009434,34.030306,6.152984,1.002441,Drowsy,Drowsy/E0442.png
0.292938,0.24593,0.269434,0.0,34.290434,7.159913,1.593281,Drowsy,Drowsy/E0447.png
0.440821,0.396526,0.418673,0.01,35.0081,6.469713,1.243954,Drowsy,Drowsy/E0451.png
0.398858,0.373788,0.386323,0.018515,33.718168,6.412191,0.503873,Drowsy,Drowsy/E0456.png
0.398858,0.395627,0.397243,0.009615,35.177175,5.303683,0.552979,Drowsy,Drowsy/E0460.png
0.374588,0.364833,0.369711,0.020404,36.042457,6.926107,1.190567,Drowsy,Drowsy/E0465.png
0.410781,0.407928,0.409354,0.0,33.293407,7.468759,1.574232,Drowsy,Drowsy/E0469.png
0.145246,0.193778,0.169512,0.010629,18.834237,15.734268,-0.00909,Drowsy,Drowsy/E0473.png
0.45328,0.411714,0.432497,0.078252,7.49853,-4.455735,-5.962751,Drowsy,Drowsy/E0478.png
0.400374,0.368403,0.384389,0.057811,11.799664,-1.925619,-11.639757,Drowsy,Drowsy/E0493.png
0.089972,0.133264,0.111618,0.026661,29.084032,10.103138,-0.703542,Drowsy,Drowsy/E0499.png
0.128577,0.15881,0.143693,0.024325,15.184883,11.068158,-2.160044,Drowsy,Drowsy/E0503.png
0.389647,0.400972,0.395309,0.021719,33.099544,7.479714,1.456092,Drowsy,Drowsy/E0508.png
0.139482,0.175466,0.157474,0.010579,31.859303,5.017716,-4.376489,Drowsy,Drowsy/E0512.png
0.357823,0.362929,0.360376,0.025591,35.910393,5.176562,-2.914161,Drowsy,Drowsy/E0517.png
0.360329,0.374555,0.367442,0.011067,36.311454,7.370775,-1.354236,Drowsy,Drowsy/E0521.png
0.189563,0.239157,0.21436,0.0,33.250702,9.510834,-0.949128,Drowsy,Drowsy/E0526.png
0.386413,0.374766,0.380589,0.0,34.630543,6.321748,-1.565071,Drowsy,Drowsy/E0530.png
0.328373,0.315835,0.322104,0.0,35.355777,7.274303,-1.083292,Drowsy,Drowsy/E0535.png
0.097532,0.157085,0.127309,0.0,28.935346,10.059109,0.583705,Drowsy,Drowsy/E0539.png
0.368013,0.382188,0.3751,0.011317,34.920781,6.100477,-1.8864,Drowsy,Drowsy/E0544.png
0.375725,0.351799,0.363762,0.0,35.582132,5.688153,-1.468064,Drowsy,Drowsy/E0548.png
0.454123,0.424339,0.439231,0.010829,33.020195,7.622083,-0.891869,Drowsy,Drowsy/E0553.png
0.335536,0.286771,0.311154,0.022634,35.466771,5.074658,-0.114016,Drowsy,Drowsy/E0557.png
0.389788,0.378919,0.384354,0.011317,34.308291,4.68327,-2.385531,Drowsy,Drowsy/E0561.png
0.418898,0.390133,0.404516,0.0,33.803173,6.734867,-1.388956,Drowsy,Drowsy/E0566.png
0.460471,0.430026,0.445248,0.03254,32.319351,7.960987,-0.486524,Drowsy,Drowsy/E0571.png
0.472607,0.444051,0.458329,0.011337,34.595073,7.030403,-0.218466,Drowsy,Drowsy/E0576.png
0.414638,0.390848,0.402743,0.027322,32.728641,7.417645,-0.450748,Drowsy,Drowsy/E0580.png
0.404997,0.381542,0.393269,0.01155,35.314673,5.696107,-1.700175,Drowsy,Drowsy/E0585.png
0.37744,0.387551,0.382496,0.0,34.744302,5.40699,-0.887429,Drowsy,Drowsy/E0589.png
0.391716,0.391278,0.391497,0.010617,33.683581,7.492594,-0.679755,Drowsy,Drowsy/E0597.png
0.35709,0.373988,0.365539,0.032486,36.171645,5.19791,-1.479213,Drowsy,Drowsy/E0602.png
0.416282,0.3943,0.405291,0.011851,34.679916,6.877394,-1.282886,Drowsy,Drowsy/E0607.png
0.437355,0.40154,0.419447,0.011087,36.654535,5.533844,-1.067963,Drowsy,Drowsy/E0611.png
0.456871,0.44733,0.4521,0.0116,35.724638,7.333704,-0.772283,Drowsy,Drowsy/E0616.png
0.279543,0.272871,0.276207,0.021693,33.351932,9.23955,0.190213,Drowsy,Drowsy/E0620.png
0.454123,0.427501,0.440812,0.023156,35.511326,4.339505,-1.689586,Drowsy,Drowsy/E0625.png
0.133539,0.148331,0.140935,0.045461,31.846101,9.769516,1.171186,Drowsy,Drowsy/E0629.png
0.393196,0.389211,0.391204,0.0,35.842574,6.345841,-1.568285,Drowsy,Drowsy/E0634.png
0.144244,0.139144,0.141694,0.035624,31.455074,8.567649,0.339328,Drowsy,Drowsy/E0638.png
0.424967,0.41462,0.419794,0.01155,34.932343,6.851092,-1.202368,Drowsy,Drowsy/E0642.png
0.472607,0.463493,0.46805,0.024876,34.96388,4.891052,-1.253778,Drowsy,Drowsy/E0647.png
0.43343,0.428571,0.431001,0.035553,36.459649,6.457131,-0.702797,Drowsy,Drowsy/E0651.png
0.471699,0.435164,0.453432,0.0116,35.179508,5.112613,-0.624843,Drowsy,Drowsy/E0656.png
0.455321,0.440888,0.448104,0.0,33.925867,6.41058,-1.506977,Drowsy,Drowsy/E0660.png
0.081685,0.134963,0.108324,0.010396,12.814044,14.436177,-2.14022,Drowsy,Drowsy/E0665.png
0.503587,0.475903,0.489745,0.034799,34.056405,7.024424,-0.641408,Drowsy,Drowsy/E0669.png
0.380688,0.394693,0.387691,0.035553,36.61474,5.584698,-1.133644,Drowsy,Drowsy/E0674.png
0.449444,0.444051,0.446747,0.03326,33.26452,6.708331,-0.718353,Drowsy,Drowsy/E0678.png
0.457615,0.433904,0.44576,0.010408,35.123084,6.876098,-1.153598,Drowsy,Drowsy/E0683.png
0.488801,0.447214,0.468007,0.021233,34.975523,5.5196,-0.41409,Drowsy,Drowsy/E0687.png
0.470989,0.458317,0.464653,0.021257,35.784245,7.717037,-0.755972,Drowsy,Drowsy/E0693.png
0.441944,0.479002,0.460473,0.0,35.017593,6.113586,-0.234267,Drowsy,Drowsy/E0697.png
0.486829,0.46356,0.475194,0.047721,34.16495,7.786568,-0.206529,Drowsy,Drowsy/E0702.png
0.160549,0.177803,0.169176,0.034012,29.548104,9.867006,-0.582646,Drowsy,Drowsy/E0706.png
0.361386,0.354358,0.357872,0.0,34.722308,7.699308,-0.134242,Drowsy,Drowsy/E0711.png
0.408165,0.411503,0.409834,0.0,32.3944,8.289979,-0.12284,Drowsy,Drowsy/E0715.png
0.375695,0.371391,0.373543,0.010408,34.670318,8.529618,0.255298,Drowsy,Drowsy/E0720.png
0.41092,0.412482,0.411701,0.012163,36.258618,8.037598,0.012855,Drowsy,Drowsy/E0725.png
0.119718,0.181426,0.150572,0.0,16.429779,14.33649,-1.762893,Drowsy,Drowsy/E0729.png
0.163216,0.194147,0.178682,0.035674,31.338661,8.60123,1.081787,Drowsy,Drowsy/E0734.png
0.442662,0.462261,0.452462,0.035553,34.509824,5.142338,-1.497466,Drowsy,Drowsy/E0738.png
0.431396,0.430913,0.431155,0.011875,35.55919,6.282578,-0.359113,Drowsy,Drowsy/E0743.png
0.402009,0.40154,0.401774,0.011337,35.972569,5.68067,-0.944259,Drowsy,Drowsy/E0747.png
0.289541,0.268583,0.279062,0.010408,34.511729,7.503021,0.99084,Drowsy,Drowsy/E0752.png
0.197165,0.222595,0.20988,0.035624,35.908817,9.331525,0.855219,Drowsy,Drowsy/E0756.png
0.425891,0.422406,0.424149,0.011875,35.487148,6.642456,0.252378,Drowsy,Drowsy/E0761.png
0.394442,0.378755,0.386598,0.021233,35.837341,6.973503,-0.487134,Drowsy,Drowsy/E0765.png
0.133174,0.20082,0.166997,0.012783,32.816535,8.49049,0.483164,Drowsy,Drowsy/E0770.png
0.108786,0.143878,0.126332,0.037314,35.089419,9.971848,1.295039,Drowsy,Drowsy/E0774.png
0.31498,0.338165,0.326573,0.0,36.230486,8.48011,0.251072,Drowsy,Drowsy/E0780.png
0.455321,0.40391,0.429616,0.0,37.72165,5.043206,-0.446996,Drowsy,Drowsy/E0784.png
0.293386,0.299942,0.296664,0.039873,14.867475,0.750146,1.779494,Drowsy,Drowsy/E0789.png
0.117262,0.147147,0.132205,0.053179,3.696903,-0.73585,-1.732396,Drowsy,Drowsy/E0810.png
0.138573,0.152765,0.145669,0.047347,15.636743,11.986351,-3.406136,Drowsy,Drowsy/E0814.png
0.412866,0.38665,0.399758,0.010847,33.119575,7.837601,-1.157201,Drowsy,Drowsy/E0819.png
0.448855,0.43796,0.443407,0.023702,34.955558,7.900226,-2.12379,Drowsy,Drowsy/E0824.png
0.167098,0.185425,0.176262,0.021157,28.970431,8.26075,-3.422998,Drowsy,Drowsy/E0833.png
0.368622,0.362143,0.365383,0.0137,37.945373,6.470999,-5.047132,Drowsy,Drowsy/E0837.png
0.223913,0.221129,0.222521,0.040645,29.85013,9.595683,-0.129859,Drowsy,Drowsy/E0846.png
0.398224,0.368205,0.383215,0.015652,33.487589,8.307788,-2.430062,Drowsy,Drowsy/E0850.png
0.462038,0.435732,0.448885,0.03721,35.635833,5.819833,-4.765681,Drowsy,Drowsy/E0856.png
0.454618,0.42151,0.438064,0.023199,33.815737,9.003981,-1.707809,Drowsy,Drowsy/E0860.png
0.444169,0.442387,0.443278,0.042348,34.805428,4.252555,-3.689035,Drowsy,Drowsy/E0865.png
0.401084,0.36366,0.382372,0.023702,34.590499,6.270338,-2.153376,Drowsy,Drowsy/E0869.png
0.3386,0.371647,0.355123,0.011337,33.288098,5.103657,-3.20475,Drowsy,Drowsy/E0874.png
0.386413,0.374766,0.380589,0.013469,36.454409,6.349888,-2.491909,Drowsy,Drowsy/E0879.png
0.375317,0.362143,0.36873,0.038348,35.72974,6.086977,-3.213086,Drowsy,Drowsy/E0885.png
0.430939,0.374766,0.402852,0.023702,34.734073,7.278969,-1.707445,Drowsy,Drowsy/E0889.png
0.506154,0.47699,0.491572,0.0307,36.258969,2.909884,-2.879934,Drowsy,Drowsy/E0894.png
0.444169,0.443492,0.443831,0.012163,35.07688,7.778817,-1.739657,Drowsy,Drowsy/E0898.png
0.468714,0.440355,0.454535,0.037314,35.104506,5.090696,-2.384355,Drowsy,Drowsy/E0902.png
0.437355,0.43472,0.436037,0.040306,33.708075,6.978661,-2.704631,Drowsy,Drowsy/E0907.png
0.455706,0.424339,0.440022,0.0,34.035275,5.175381,-3.669524,Drowsy,Drowsy/E0911.png
0.472607,0.45366,0.463133,0.047256,33.691921,4.279181,-3.286231,Drowsy,Drowsy/E0916.png
0.454618,0.440888,0.447753,0.047486,36.095678,5.333412,-2.674578,Drowsy,Drowsy/E0920.png
0.483155,0.447214,0.465184,0.011875,35.09462,5.843856,-1.324929,Drowsy,Drowsy/E0926.png
0.452822,0.408279,0.43055,0.012137,36.257486,6.559703,-1.344956,Drowsy,Drowsy/E0930.png
0.509759,0.471251,0.490505,0.061097,34.792562,3.925149,-2.685599,Drowsy,Drowsy/E0936.png
0.358678,0.325669,0.342174,0.035674,33.791777,5.869535,-1.291948,Drowsy,Drowsy/E0940.png
0.471405,0.414241,0.442823,0.02493,36.420676,6.156076,-1.270624,Drowsy,Drowsy/E0945.png
0.50908,0.458317,0.483698,0.039351,34.216334,3.268104,-3.456282,Drowsy,Drowsy/E0949.png
0.473217,0.429225,0.451221,0.022704,34.64067,4.482551,-1.592529,Drowsy,Drowsy/E0954.png
0.35477,0.338165,0.346468,0.024969,36.687598,6.95799,-1.46731,Drowsy,Drowsy/E0961.png
0.491248,0.457467,0.474357,0.02921,24.857547,14.042151,-3.269911,Drowsy,Drowsy/E0966.png
0.321938,0.270591,0.296264,0.01571,32.418528,9.630145,0.281038,Drowsy,Drowsy/E0970.png
0.493197,0.430026,0.461611,0.022675,33.643339,6.839364,-0.999418,Drowsy,Drowsy/E0975.png
0.451281,0.39491,0.423095,0.024325,35.180581,4.919024,-2.503283,Drowsy,Drowsy/E0982.png
0.395722,0.404443,0.400083,0.012465,35.067976,5.223819,-1.982489,Drowsy,Drowsy/E0991.png
0.419729,0.377533,0.398631,0.035624,35.047298,6.21552,-1.848116,Drowsy,Drowsy/E0998.png
0.295474,0.307032,0.301253,0.031722,35.914011,8.321039,-0.710053,Drowsy,Drowsy/E1003.png
0.454618,0.427501,0.44106,0.033951,35.534353,4.150042,-3.009652,Drowsy,Drowsy/E1019.png
0.43351,0.411195,0.422352,0.026234,39.252913,7.857508,-0.426208,Drowsy,Drowsy/E1024.png
0.460657,0.40528,0.432968,0.052989,34.593888,5.492662,-2.137313,Drowsy,Drowsy/E1029.png
0.393919,0.375802,0.384861,0.031667,35.295999,8.864185,-0.125601,Drowsy,Drowsy/E1035.png
0.3386,0.340156,0.339378,0.011352,33.954048,4.774514,-2.589072,Drowsy,Drowsy/E1039.png
0.386524,0.420477,0.4035,0.382632,-18.413636,-4.356566,0.945529,Drowsy,Drowsy/F0004.png
0.371059,0.386632,0.378846,0.228207,-15.996187,-4.495051,0.776737,Drowsy,Drowsy/F0008.png
0.415227,0.438529,0.426878,0.228968,-11.012808,-3.955113,-0.175478,Drowsy,Drowsy/F0013.png
0.400698,0.407856,0.404277,0.224303,-13.254204,-4.140015,0.062753,Drowsy,Drowsy/F0017.png
0.388847,0.434791,0.411819,0.141271,-14.506263,-3.640641,0.152081,Drowsy,Drowsy/F0022.png
0.410229,0.405005,0.407617,0.069221,-14.272046,-3.530025,-0.130679,Drowsy,Drowsy/F0026.png
0.029961,0.069741,0.049851,0.16504,-27.426588,43.246496,1.396004,Drowsy,Drowsy/F0031.png
0.374656,0.380397,0.377526,0.069221,-12.043024,-3.268151,-0.517573,Drowsy,Drowsy/F0035.png
0.345349,0.371468,0.358408,0.05676,-15.73336,-2.584679,-0.518557,Drowsy,Drowsy/F0039.png
0.323626,0.344708,0.334167,0.059439,-15.890314,-3.667996,-0.31722,Drowsy,Drowsy/F0044.png
0.398803,0.419583,0.409193,0.046461,-14.704281,-3.203486,-0.427741,Drowsy,Drowsy/F0048.png
0.38317,0.40196,0.392565,0.050045,-13.229466,-3.006133,-0.779528,Drowsy,Drowsy/F0053.png
0.360469,0.383482,0.371976,0.065542,-18.260329,-2.963647,0.159287,Drowsy,Drowsy/F0057.png
0.386353,0.432466,0.409409,0.062264,-14.874986,-2.647005,-0.749405,Drowsy,Drowsy/F0062.png
0.395408,0.405327,0.400368,0.049137,-15.753361,-2.687501,-0.339773,Drowsy,Drowsy/F0066.png
0.352108,0.366636,0.359372,0.108465,-19.102535,-2.381136,-0.793908,Drowsy,Drowsy/F0071.png
0.405518,0.397098,0.401308,0.281766,-15.394047,-9.671036,1.56458,Drowsy,Drowsy/F0075.png
0.372678,0.375743,0.374211,0.03326,-19.290146,-6.703103,0.416329,Drowsy,Drowsy/F0080.png
0.379987,0.40196,0.390974,0.315143,-14.538526,-4.103375,0.622099,Drowsy,Drowsy/F0084.png
0.348705,0.372628,0.360667,0.308441,-12.976919,-4.518455,0.660455,Drowsy,Drowsy/F0089.png
0.398009,0.418273,0.408141,0.112803,-16.334396,-3.518784,0.536273,Drowsy,Drowsy/F0093.png
0.410229,0.434586,0.422407,0.069221,-17.39667,-2.705699,0.366277,Drowsy,Drowsy/F0100.png
0.398009,0.421391,0.4097,0.06563,-14.347524,-3.766831,0.149518,Drowsy,Drowsy/F0104.png
0.38317,0.422316,0.402743,0.048087,-7.82546,-3.911557,-0.992808,Drowsy,Drowsy/F0110.png
0.398009,0.421391,0.4097,0.057416,-14.2344,-3.045331,-0.069434,Drowsy,Drowsy/F0114.png
0.364038,0.366636,0.365337,0.122102,-14.463115,-3.778324,0.007359,Drowsy,Drowsy/F0118.png
0.416115,0.4208,0.418458,0.058077,-14.920502,-2.934234,0.060975,Drowsy,Drowsy/F0123.png
0.394902,0.39874,0.396821,0.051273,-12.017321,-3.548344,-0.468267,Drowsy,Drowsy/F0127.png
0.38317,0.390611,0.386891,0.048087,-7.757206,-3.748844,-1.048631,Drowsy,Drowsy/F0132.png
0.38261,0.399913,0.391262,0.063779,-13.513689,-2.644335,-0.568648,Drowsy,Drowsy/F0136.png
0.398803,0.405327,0.402065,0.051204,-12.252253,-3.696257,-0.756161,Drowsy,Drowsy/F0141.png
0.400952,0.434586,0.417769,0.083936,-17.594737,-2.950351,0.113068,Drowsy,Drowsy/F0145.png
0.400952,0.42164,0.411296,0.051273,-13.071685,-3.076857,-0.512187,Drowsy,Drowsy/F0150.png
0.021832,0.060703,0.041268,0.159845,-8.061401,-5.065113,-1.367458,Drowsy,Drowsy/F0154.png
0.429483,0.42164,0.425562,0.050301,-16.386415,-3.234428,-0.01891,Drowsy,Drowsy/F0159.png
0.400698,0.410781,0.40574,0.071842,-14.10154,-3.074516,-0.195418,Drowsy,Drowsy/F0164.png
0.410795,0.414758,0.412777,0.050301,-20.465577,-2.547368,0.387993,Drowsy,Drowsy/F0169.png
0.413172,0.418875,0.416024,0.046399,-16.052766,-2.347514,-0.268468,Drowsy,Drowsy/F0173.png
0.38261,0.369409,0.37601,0.129199,-15.591087,-3.698952,0.013719,Drowsy,Drowsy/F0178.png
0.40815,0.427702,0.417926,0.304343,-17.956065,-6.848916,-0.737225,Drowsy,Drowsy/F0182.png
0.380173,0.397865,0.389019,0.291674,-14.562736,-6.175948,-0.738853,Drowsy,Drowsy/F0187.png
0.386701,0.415227,0.400964,0.304244,-15.681967,-4.697722,-1.185732,Drowsy,Drowsy/F0191.png
0.38956,0.413699,0.40163,0.28201,-18.919459,-4.831967,-0.489587,Drowsy,Drowsy/F0195.png
0.028808,0.037649,0.033228,0.0478,-9.038203,-6.617553,-2.776879,Drowsy,Drowsy/F0200.png
0.360002,0.387227,0.373615,0.203907,-14.080006,-4.930067,-1.726608,Drowsy,Drowsy/F0204.png
0.375795,0.396623,0.386209,0.061272,-20.87842,-3.967786,-1.026233,Drowsy,Drowsy/F0209.png
0.3261,0.394629,0.360365,0.08189,-22.718301,-4.416156,-0.898518,Drowsy,Drowsy/F0213.png
0.0,0.040148,0.020074,0.062534,34.102855,8.08784,-0.605464,Drowsy,Drowsy/F0218.png
0.316052,0.304895,0.310474,0.084881,-24.301348,-4.33728,-0.111195,Drowsy,Drowsy/F0222.png
0.405596,0.416381,0.410988,0.117879,-21.192168,-3.242943,-0.500811,Drowsy,Drowsy/F0227.png
0.38956,0.416226,0.402893,0.06764,-19.954256,-3.940692,-0.167035,Drowsy,Drowsy/F0231.png
0.352673,0.398253,0.375463,0.141845,-19.707017,-4.627915,-0.881675,Drowsy,Drowsy/F0236.png
0.380173,0.383637,0.381905,0.125115,-17.068946,-4.607128,-1.089796,Drowsy,Drowsy/F0240.png
0.38956,0.417981,0.403771,0.168493,-19.555526,-4.999468,-0.325996,Drowsy,Drowsy/F0245.png
0.39901,0.41345,0.40623,0.123105,-20.504861,-3.013732,-1.115722,Drowsy,Drowsy/F0249.png
0.39023,0.432693,0.411462,0.099216,-20.64736,-3.027514,-0.502681,Drowsy,Drowsy/F0254.png
0.29725,0.331444,0.314347,0.069136,-20.712001,-4.925056,-0.016266,Drowsy,Drowsy/F0258.png
0.310755,0.350823,0.330789,0.244845,-18.40623,-6.305046,-0.344276,Drowsy,Drowsy/F0263.png
0.368652,0.385245,0.376949,0.202596,-17.37193,-4.315641,-1.063422,Drowsy,Drowsy/F0267.png
0.104931,0.194152,0.149541,0.206642,-19.441812,-5.838571,-0.865562,Drowsy,Drowsy/F0271.png
0.371569,0.399913,0.385741,0.159,-18.768709,-4.235403,-1.075042,Drowsy,Drowsy/F0276.png
0.386701,0.418968,0.402834,0.09712,-17.131526,-4.308358,-1.263943,Drowsy,Drowsy/F0280.png
0.356649,0.395938,0.376294,0.141845,-20.776891,-4.866733,-1.058544,Drowsy,Drowsy/F0285.png
0.360168,0.417981,0.389074,0.088532,-17.457042,-4.723696,-1.000972,Drowsy,Drowsy/F0289.png
0.360168,0.399913,0.38004,0.132611,-16.905783,-4.602479,-1.129838,Drowsy,Drowsy/F0294.png
0.232622,0.287754,0.260188,0.142106,-20.693853,-6.674705,0.292155,Drowsy,Drowsy/F0298.png
0.404293,0.418968,0.41163,0.173544,-17.75562,-4.480896,-0.912732,Drowsy,Drowsy/F0303.png
0.209772,0.261712,0.235742,0.068866,-21.16502,-6.095312,-0.272612,Drowsy,Drowsy/F0307.png
0.356813,0.40145,0.379131,0.077558,-17.34053,-4.676549,-1.231397,Drowsy,Drowsy/F0312.png
0.174895,0.147254,0.161074,0.070411,-22.694873,-5.277212,-0.161543,Drowsy,Drowsy/F0316.png
0.352845,0.399913,0.376379,0.073245,-18.77746,-4.416646,-0.963276,Drowsy,Drowsy/F0321.png
0.360002,0.371468,0.365735,0.080085,-17.616215,-4.830738,-1.224383,Drowsy,Drowsy/F0325.png
0.367963,0.381407,0.374685,0.061185,-21.393794,-3.63598,-1.044436,Drowsy,Drowsy/F0330.png
0.368239,0.387227,0.377733,0.048747,-19.09771,-3.604244,-1.030943,Drowsy,Drowsy/F0334.png
0.291718,0.294956,0.293337,0.131001,-20.189561,-5.225,-0.774719,Drowsy,Drowsy/F0339.png
0.374828,0.397865,0.386347,0.070085,-19.031467,-4.191868,-1.119738,Drowsy,Drowsy/F0343.png
0.347997,0.344708,0.346352,0.081881,-15.926816,-5.162016,-1.611367,Drowsy,Drowsy/F0347.png
0.258199,0.270066,0.264132,0.132611,-20.339667,-6.549608,-0.240116,Drowsy,Drowsy/F0352.png
0.014907,0.032191,0.023549,0.059922,-13.121598,-5.782389,-2.189265,Drowsy,Drowsy/F0356.png
0.401433,0.432363,0.416898,0.384517,-16.631046,-4.5917,-0.887892,Drowsy,Drowsy/F0361.png
0.41623,0.414616,0.415423,0.256379,-18.482974,-4.368721,-0.976629,Drowsy,Drowsy/F0365.png
0.379987,0.382873,0.38143,0.34253,-13.126707,-8.846727,-1.233551,Drowsy,Drowsy/F0370.png
0.37635,0.414243,0.395297,0.306122,-17.723178,-8.720662,-0.461132,Drowsy,Drowsy/F0374.png
0.398803,0.411333,0.405068,0.052763,-18.676534,-4.864158,-2.109834,Drowsy,Drowsy/F0379.png
0.367035,0.394318,0.380677,0.277378,-19.930883,-6.531018,-2.014825,Drowsy,Drowsy/F0383.png
0.359908,0.393607,0.376758,0.292957,-16.008286,-6.971777,-2.249854,Drowsy,Drowsy/F0388.png
0.380173,0.399394,0.389784,0.21856,-14.161299,-6.098311,0.035246,Drowsy,Drowsy/F0392.png
0.38317,0.385111,0.384141,0.037102,-17.261986,-3.713807,0.940577,Drowsy,Drowsy/F0397.png
0.392232,0.399913,0.396073,0.06879,-12.356402,-3.21404,-0.610379,Drowsy,Drowsy/F0401.png
0.410829,0.432693,0.421761,0.071842,-17.095989,-3.314558,-0.151881,Drowsy,Drowsy/F0406.png
0.352673,0.381407,0.36704,0.31939,-11.776946,-4.584362,-0.636381,Drowsy,Drowsy/F0410.png
0.379432,0.416381,0.397906,0.282542,-13.982936,-4.478888,0.113176,Drowsy,Drowsy/F0414.png
0.313187,0.35499,0.334089,0.070283,-20.794367,-3.452064,1.314805,Drowsy,Drowsy/F0419.png
0.209401,0.196116,0.202758,0.0,3.149203,20.115616,-1.556735,Drowsy,Drowsy/G0004.png
0.221644,0.206725,0.214184,0.00568,6.490913,18.382751,-3.117642,Drowsy,Drowsy/G0009.png
0.23009,0.212697,0.221394,0.005552,11.299793,16.29395,-2.192122,Drowsy,Drowsy/G0013.png
0.183233,0.174492,0.178862,0.006096,2.320889,16.399677,-2.613511,Drowsy,Drowsy/G0018.png
0.191772,0.192388,0.19208,0.012496,2.947449,19.507764,-2.445602,Drowsy,Drowsy/G0022.png
0.189582,0.151621,0.170601,0.018287,3.334576,19.172521,-2.381371,Drowsy,Drowsy/G0027.png
0.171925,0.155999,0.163962,0.014539,2.830767,19.413868,-1.905674,Drowsy,Drowsy/G0031.png
0.207616,0.171571,0.189594,0.012337,2.6323,19.154472,-2.432272,Drowsy,Drowsy/G0036.png
0.191721,0.181397,0.186559,0.006171,2.624422,19.931373,-2.225421,Drowsy,Drowsy/G0040.png
0.204879,0.18876,0.196819,0.011901,2.677186,20.165169,-2.514913,Drowsy,Drowsy/G0045.png
0.20767,0.185968,0.196819,0.0,3.012827,20.115482,-2.079805,Drowsy,Drowsy/G0049.png
0.182809,0.171925,0.177367,0.00602,-0.056003,19.186559,2.403984,Drowsy,Drowsy/G0054.png
0.171637,0.197368,0.184502,0.005554,1.360612,18.476093,-2.234299,Drowsy,Drowsy/G0058.png
0.053418,0.038024,0.045721,0.014035,0.782218,22.209412,-0.143161,Drowsy,Drowsy/G0068.png
0.063082,0.035534,0.049308,0.005201,-9.018649,18.655549,-5.656416,Drowsy,Drowsy/G0072.png
0.045871,0.030029,0.03795,0.013236,6.569873,15.917024,-3.134282,Drowsy,Drowsy/G0093.png
0.217049,0.186052,0.201551,0.018939,8.810175,17.892572,-3.137626,Drowsy,Drowsy/G0103.png
0.205751,0.179836,0.192794,0.017028,7.507077,18.207138,-3.092971,Drowsy,Drowsy/G0107.png
0.20945,0.190415,0.199933,0.011482,7.501324,19.476912,-2.702718,Drowsy,Drowsy/G0112.png
0.215698,0.2005,0.208099,0.011482,8.325157,19.366874,-3.130169,Drowsy,Drowsy/G0116.png
0.187366,0.173567,0.180466,0.019601,8.107313,18.868282,-3.171486,Drowsy,Drowsy/G0121.png
0.220034,0.192945,0.20649,0.005609,7.903855,19.438635,-3.304645,Drowsy,Drowsy/G0125.png
0.204879,0.196904,0.200891,0.005741,7.43325,20.053338,-3.408586,Drowsy,Drowsy/G0130.png
0.220654,0.194009,0.207332,0.006017,6.74196,21.134973,-3.23221,Drowsy,Drowsy/G0136.png
0.217457,0.205325,0.211391,0.006017,7.238345,21.347694,-3.47741,Drowsy,Drowsy/G0141.png
0.226567,0.216103,0.221335,0.011752,6.79374,19.533148,-3.395028,Drowsy,Drowsy/G0145.png
0.237479,0.211579,0.224529,0.011752,7.004502,21.729471,-3.260417,Drowsy,Drowsy/G0150.png
0.207867,0.187232,0.197549,0.008509,6.500698,21.135866,-3.441501,Drowsy,Drowsy/G0154.png
0.21435,0.169365,0.191857,0.012181,5.751751,19.996955,-3.347055,Drowsy,Drowsy/G0159.png
0.191721,0.169365,0.180543,0.00831,6.018003,19.268484,-3.658193,Drowsy,Drowsy/G0163.png
0.212518,0.183231,0.197874,0.011615,6.202225,19.898271,-3.515556,Drowsy,Drowsy/G0168.png
0.215698,0.205312,0.210505,0.01959,5.903164,18.850639,-3.78422,Drowsy,Drowsy/G0172.png
0.192193,0.175716,0.183954,0.011621,6.455446,19.293478,-3.226356,Drowsy,Drowsy/G0176.png
0.226623,0.214917,0.22077,0.011884,6.259968,21.013132,-3.498854,Drowsy,Drowsy/G0181.png
0.218789,0.188421,0.203605,0.011752,5.819751,19.405713,-3.246505,Drowsy,Drowsy/G0185.png
0.223275,0.196961,0.210118,0.011345,7.617591,18.030094,-3.184682,Drowsy,Drowsy/G0190.png
0.220086,0.196359,0.208223,0.018949,7.736065,17.749363,-3.417623,Drowsy,Drowsy/G0194.png
0.243051,0.218045,0.230548,0.017018,7.400086,18.338272,-3.29651,Drowsy,Drowsy/G0199.png
0.226623,0.217196,0.22191,0.005876,6.07543,20.780994,-2.452518,Drowsy,Drowsy/G0203.png
0.218971,0.198246,0.208608,0.014021,5.909849,18.001944,-3.403578,Drowsy,Drowsy/G0208.png
0.083122,0.081306,0.082214,0.0,5.617772,11.08785,-3.081439,Drowsy,Drowsy/G0225.png
0.20767,0.184373,0.196022,0.011897,6.315284,17.89243,-1.243167,Drowsy,Drowsy/G0229.png
0.23639,0.218043,0.227216,0.011233,5.830026,16.181638,-1.584611,Drowsy,Drowsy/G0234.png
0.246952,0.211572,0.229262,0.016246,5.876541,18.014232,-2.158266,Drowsy,Drowsy/G0238.png
0.224977,0.227414,0.226196,0.011625,6.327427,18.606166,-1.39092,Drowsy,Drowsy/G0243.png
0.218476,0.203534,0.211005,0.005676,6.988099,16.817506,-2.181855,Drowsy,Drowsy/G0247.png
0.230031,0.2014,0.215715,0.005812,5.945335,18.374011,-0.873054,Drowsy,Drowsy/G0252.png
0.201231,0.163105,0.182168,0.005617,4.988697,15.401659,-2.188969,Drowsy,Drowsy/G0256.png
0.215751,0.200994,0.208372,0.013709,6.432742,17.155633,-1.984082,Drowsy,Drowsy/G0260.png
0.196161,0.19244,0.1943,0.016844,6.283117,16.730579,-2.732844,Drowsy,Drowsy/G0265.png
0.200425,0.196388,0.198407,0.011357,5.73372,16.487392,-2.469993,Drowsy,Drowsy/G0269.png
0.226567,0.205325,0.215946,0.0,4.862994,18.607254,-2.417682,Drowsy,Drowsy/G0274.png
0.031189,0.024614,0.027902,0.00543,4.822111,17.385428,-3.050445,Drowsy,Drowsy/G0278.png
0.181205,0.162431,0.171818,0.011487,4.337281,15.935487,-2.551544,Drowsy,Drowsy/G0283.png
0.19202,0.183701,0.18786,0.017231,5.2578,18.597813,-2.530038,Drowsy,Drowsy/G0287.png
0.205751,0.191946,0.198849,0.00602,5.038574,19.843433,-2.591211,Drowsy,Drowsy/G0292.png
0.205751,0.196825,0.201288,0.014542,1.886279,18.883518,-2.169236,Drowsy,Drowsy/G0296.png
0.207189,0.229557,0.218373,0.020263,4.063296,21.626704,-0.343077,Drowsy,Drowsy/G0301.png
0.225238,0.253055,0.239147,0.021409,1.123115,17.698208,-0.193799,Drowsy,Drowsy/G0305.png
0.226567,0.219452,0.223009,0.005741,1.58454,18.353318,-3.349647,Drowsy,Drowsy/G0310.png
0.221697,0.212052,0.216874,0.017231,4.521951,19.873585,-2.356446,Drowsy,Drowsy/G0314.png
0.182103,0.177047,0.179575,0.0,3.319492,15.033444,-1.864629,Drowsy,Drowsy/G0319.png
0.203055,0.162431,0.182743,0.005814,3.237513,15.8886,-1.759418,Drowsy,Drowsy/G0323.png
0.185324,0.17006,0.177692,0.005952,2.303286,16.700772,-1.744811,Drowsy,Drowsy/G0328.png
0.21693,0.205312,0.211121,0.005812,3.487938,16.151,-1.930639,Drowsy,Drowsy/G0332.png
0.209535,0.189085,0.19931,0.006096,3.090512,17.909733,-1.311923,Drowsy,Drowsy/G0336.png
0.198423,0.166701,0.182562,0.006096,2.492771,17.149455,-1.561929,Drowsy,Drowsy/G0341.png
0.194468,0.192388,0.193428,0.0,1.832136,19.562403,-1.300414,Drowsy,Drowsy/G0345.png
0.17197,0.148191,0.16008,0.005951,2.097173,17.31362,-1.693618,Drowsy,Drowsy/G0350.png
0.194519,0.198187,0.196353,0.0,2.718075,19.593036,-1.900783,Drowsy,Drowsy/G0354.png
0.183233,0.162396,0.172815,0.012191,2.374527,19.528503,-1.420282,Drowsy,Drowsy/G0359.png
0.189633,0.181776,0.185705,0.0,2.909035,19.820005,-1.616269,Drowsy,Drowsy/G0363.png
0.115857,0.103291,0.109574,0.0,2.539836,17.71568,-1.779283,Drowsy,Drowsy/G0368.png
0.203055,0.166701,0.184878,0.0,3.468932,18.143882,-1.975248,Drowsy,Drowsy/G0372.png
0.183204,0.170459,0.176832,0.0,2.35036,19.958833,-1.880936,Drowsy,Drowsy/G0377.png
0.171925,0.166988,0.169456,0.0,2.798465,18.210118,-1.801226,Drowsy,Drowsy/G0381.png
0.212281,0.184972,0.198626,0.0,3.477516,17.641652,-2.095642,Drowsy,Drowsy/G0386.png
0.160706,0.147121,0.153913,0.016835,2.528029,17.460803,-1.741332,Drowsy,Drowsy/G0390.png
0.220597,0.204332,0.212465,0.0,2.529261,18.910103,-1.90107,Drowsy,Drowsy/G0395.png
0.204879,0.199767,0.202323,0.006096,2.467457,18.690986,-1.888018,Drowsy,Drowsy/G0399.png
0.19224,0.189775,0.191007,0.006022,3.109332,19.894008,-1.762397,Drowsy,Drowsy/G0405.png
0.18116,0.18876,0.18496,0.0,2.667705,17.87762,-2.082133,Drowsy,Drowsy/G0409.png
0.030062,0.042544,0.036303,0.005882,2.165996,19.33787,-1.496951,Drowsy,Drowsy/G0413.png
0.181205,0.175779,0.178492,0.0,1.582287,17.96719,-1.307242,Drowsy,Drowsy/G0418.png
0.185276,0.181071,0.183174,0.0,2.341706,18.701882,-1.562375,Drowsy,Drowsy/G0422.png
0.194468,0.189085,0.191777,0.0,2.053614,16.323327,-0.077479,Drowsy,Drowsy/G0427.png
0.1743,0.167982,0.171141,0.006024,2.135185,18.348653,0.249595,Drowsy,Drowsy/G0431.png
0.175101,0.167776,0.171438,0.011905,1.785091,18.538768,-0.552396,Drowsy,Drowsy/G0436.png
0.079126,0.066981,0.073054,0.006024,1.383711,19.577211,-0.011134,Drowsy,Drowsy/G0440.png
0.201032,0.184992,0.193012,0.005814,2.540213,15.145159,0.141928,Drowsy,Drowsy/G0445.png
0.205804,0.210834,0.208319,0.0,3.619845,16.769224,-1.239719,Drowsy,Drowsy/G0449.png
0.203055,0.181447,0.192251,0.005881,3.296294,16.496575,-1.207585,Drowsy,Drowsy/G0454.png
0.204824,0.197808,0.201316,0.005814,3.228818,15.746571,-1.360143,Drowsy,Drowsy/G0458.png
0.175266,0.151602,0.163434,0.005746,2.972864,14.329805,-1.84062,Drowsy,Drowsy/G0463.png
0.201231,0.1908,0.196015,0.0,3.098256,14.401735,-1.39744,Drowsy,Drowsy/G0467.png
0.19681,0.197233,0.197021,0.0,2.84161,15.555824,-1.33383,Drowsy,Drowsy/G0472.png
0.19681,0.1908,0.193805,0.005881,2.240924,14.917187,-1.43196,Drowsy,Drowsy/G0476.png
0.148668,0.140346,0.144507,0.0,2.891549,17.39469,-1.658207,Drowsy,Drowsy/G0481.png
0.03326,0.025683,0.029471,0.0,2.862728,19.866199,-1.12697,Drowsy,Drowsy/G0485.png
0.19681,0.184688,0.190749,0.011627,2.768646,15.324608,-1.836355,Drowsy,Drowsy/G0489.png
0.198594,0.191688,0.195141,0.005951,2.876348,15.104214,-1.519635,Drowsy,Drowsy/G0494.png
0.137304,0.117115,0.127209,0.005952,2.667636,16.886102,-1.804668,Drowsy,Drowsy/G0498.png
0.205751,0.18876,0.197256,0.0,2.852038,17.667906,-1.46825,Drowsy,Drowsy/G0503.png
0.1784,0.163338,0.170869,0.0,2.673138,18.404793,-1.317118,Drowsy,Drowsy/G0507.png
0.189582,0.17006,0.179821,0.0,3.077679,18.39762,-1.176868,Drowsy,Drowsy/G0512.png
0.210533,0.193015,0.201774,0.006097,3.238383,19.439518,-1.007506,Drowsy,Drowsy/G0516.png
0.190196,0.166988,0.178592,0.005881,3.134373,17.841449,-1.106704,Drowsy,Drowsy/G0521.png
0.045947,0.034426,0.040186,0.0,2.803718,18.508671,-0.987958,Drowsy,Drowsy/G0525.png
0.187494,0.167776,0.177635,0.0,2.882496,18.800523,-0.788641,Drowsy,Drowsy/G0530.png
0.194519,0.166988,0.180753,0.006022,2.750012,19.945887,-1.066468,Drowsy,Drowsy/G0534.png
0.24181,0.317716,0.279763,0.303319,-11.433929,-9.261845,4.467531,Drowsy,Drowsy/H0002.png
0.236108,0.304402,0.270255,0.080499,-5.240234,-6.505267,2.930354,Drowsy,Drowsy/H0006.png
0.206838,0.281745,0.244292,0.223746,-6.432606,-8.431246,2.914996,Drowsy,Drowsy/H0011.png
0.028467,0.106404,0.067436,0.375541,-2.751796,-7.381174,2.067538,Drowsy,Drowsy/H0015.png
0.151238,0.256865,0.204051,0.317292,-7.432777,-8.977266,3.196331,Drowsy,Drowsy/H0020.png
0.035366,0.122572,0.078969,0.364345,-0.022678,-8.377424,1.277172,Drowsy,Drowsy/H0026.png
0.301846,0.329613,0.31573,0.152554,0.369709,-8.42537,1.095911,Drowsy,Drowsy/H0030.png
0.17463,0.269896,0.222263,0.25052,-2.804932,-7.48532,1.545018,Drowsy,Drowsy/H0035.png
0.073245,0.131446,0.102346,0.261133,0.797058,-7.522032,0.895292,Drowsy,Drowsy/H0039.png
0.267556,0.329613,0.298584,0.084934,4.351465,-7.755857,-0.164575,Drowsy,Drowsy/H0044.png
0.084482,0.148432,0.116457,0.101924,6.27851,-9.851439,-1.468156,Drowsy,Drowsy/H0048.png
0.172665,0.28243,0.227547,0.30951,1.055277,-9.296496,0.901657,Drowsy,Drowsy/H0053.png
0.044942,0.104346,0.074644,0.29225,4.80296,-7.909905,-0.198854,Drowsy,Drowsy/H0057.png
0.077522,0.124454,0.100988,0.119532,2.105337,-8.36316,0.207124,Drowsy,Drowsy/H0062.png
0.219432,0.304542,0.261987,0.389141,1.432175,-7.618964,0.473576,Drowsy,Drowsy/H0067.png
0.291503,0.345168,0.318335,0.109803,1.350886,-8.355196,0.164873,Drowsy,Drowsy/H0072.png
0.226482,0.313905,0.270194,0.291752,1.562829,-9.017092,0.436277,Drowsy,Drowsy/H0076.png
0.045124,0.102543,0.073834,0.145707,6.239872,-8.877415,-1.193912,Drowsy,Drowsy/H0082.png
0.307185,0.347277,0.327231,0.208788,6.416847,-7.517289,-0.846424,Drowsy,Drowsy/H0086.png
0.300756,0.340246,0.320501,0.44741,5.903407,-9.16561,-0.814013,Drowsy,Drowsy/H0091.png
0.311115,0.356302,0.333708,0.456896,8.109357,-8.031601,-1.262736,Drowsy,Drowsy/H0095.png
0.317716,0.336753,0.327234,0.177768,7.246815,-8.342871,-1.192054,Drowsy,Drowsy/H0102.png
0.307989,0.336753,0.322371,0.185661,2.614089,-9.16436,0.120038,Drowsy,Drowsy/H0106.png
0.339338,0.364897,0.352117,0.157145,3.516741,-7.381617,-0.107825,Drowsy,Drowsy/H0110.png
0.323217,0.334554,0.328886,0.1911,4.580935,-7.181205,-0.514657,Drowsy,Drowsy/H0115.png
0.087296,0.131841,0.109569,0.230228,3.229021,-9.201931,-0.684281,Drowsy,Drowsy/H0119.png
0.266942,0.304542,0.285742,0.448946,4.906387,-8.297203,-0.931939,Drowsy,Drowsy/H0125.png
0.271657,0.334256,0.302957,0.128853,-4.326409,-8.085281,1.458016,Drowsy,Drowsy/H0129.png
0.281978,0.318533,0.300255,0.448504,1.004654,-7.9723,0.733596,Drowsy,Drowsy/H0142.png
0.045268,0.120714,0.082991,0.175899,0.587027,-6.298447,0.977282,Drowsy,Drowsy/H0146.png
0.172831,0.251455,0.212143,0.417816,-0.075919,-8.336446,1.095453,Drowsy,Drowsy/H0152.png
0.268593,0.313024,0.290808,0.330129,-5.493424,-8.608999,2.411628,Drowsy,Drowsy/H0156.png
0.22798,0.269896,0.248938,0.47052,-4.315379,-8.637319,2.140197,Drowsy,Drowsy/H0161.png
0.267333,0.291827,0.27958,0.311936,2.496425,-7.701872,0.618664,Drowsy,Drowsy/H0166.png
0.152735,0.235998,0.194366,0.163969,3.23183,-8.055858,-0.06308,Drowsy,Drowsy/H0171.png
0.259938,0.292109,0.276023,0.097619,7.548901,-8.570416,-0.764726,Drowsy,Drowsy/H0175.png
0.275947,0.291585,0.283766,0.286041,7.91561,-7.509943,-0.752301,Drowsy,Drowsy/H0180.png
0.276771,0.307318,0.292045,0.250713,4.797494,-7.993046,-0.538295,Drowsy,Drowsy/H0184.png
0.300756,0.313024,0.30689,0.222922,-1.608842,-7.786509,0.872227,Drowsy,Drowsy/H0189.png
0.301679,0.313905,0.307792,0.364345,2.064355,-7.897746,0.141861,Drowsy,Drowsy/H0193.png
0.243959,0.326579,0.285269,0.151162,2.691989,-7.929986,-0.106697,Drowsy,Drowsy/H0197.png
0.268742,0.294757,0.281749,0.244938,1.734749,-8.077516,0.321542,Drowsy,Drowsy/H0202.png
0.281978,0.336753,0.309365,0.410056,3.087224,-7.614187,-0.305418,Drowsy,Drowsy/H0208.png
0.211718,0.285546,0.248632,0.239376,5.945037,-7.770463,-0.864854,Drowsy,Drowsy/H0213.png
0.217563,0.267333,0.242448,0.256092,6.050195,-7.420784,-0.779432,Drowsy,Drowsy/H0219.png
0.153881,0.228245,0.191063,0.307393,-1.002595,-7.708508,-0.22361,Drowsy,Drowsy/H0224.png
0.178383,0.266468,0.222426,0.479715,-1.282832,-7.507288,0.580027,Drowsy,Drowsy/H0228.png
0.054905,0.118995,0.08695,0.099496,2.932575,-7.2604,-0.07224,Drowsy,Drowsy/H0233.png
0.080038,0.120714,0.100376,0.097449,1.885165,-6.706048,0.199081,Drowsy,Drowsy/H0237.png
0.266079,0.306787,0.286433,0.151859,4.815623,-6.362714,-0.768713,Drowsy,Drowsy/H0243.png
0.266295,0.321722,0.294009,0.240503,3.064996,-7.923997,-0.314127,Drowsy,Drowsy/H0247.png
0.284213,0.349386,0.316799,0.467699,8.922149,-8.689999,-1.568433,Drowsy,Drowsy/H0252.png
0.235027,0.291827,0.263427,0.251079,1.27325,-8.127918,0.274192,Drowsy,Drowsy/H0257.png
0.235998,0.299942,0.26797,0.235223,6.431961,-6.534226,-0.759052,Drowsy,Drowsy/H0274.png
0.204318,0.261725,0.233022,0.334508,-0.960352,-7.855041,1.173853,Drowsy,Drowsy/H0278.png
0.244199,0.291827,0.268013,0.276123,2.202265,-7.478469,0.365898,Drowsy,Drowsy/H0283.png
0.042371,0.090271,0.066321,0.185638,3.385744,-7.080522,-0.370116,Drowsy,Drowsy/H0287.png
0.058421,0.128102,0.093261,0.315521,0.595294,-6.747825,0.728894,Drowsy,Drowsy/H0291.png
0.014482,0.085401,0.049942,0.533431,2.461425,-8.50141,-0.419637,Drowsy,Drowsy/H0300.png
0.179513,0.282115,0.230814,0.142609,2.428797,-8.091651,-1.417794,Drowsy,Drowsy/H0304.png
0.301178,0.340069,0.320623,0.444432,3.108341,-7.799255,-1.479097,Drowsy,Drowsy/H0309.png
0.218143,0.292109,0.255126,0.359597,-1.040879,-8.156717,-0.430237,Drowsy,Drowsy/H0313.png
0.28296,0.285406,0.284183,0.150212,8.933786,-7.903804,-2.615118,Drowsy,Drowsy/H0318.png
0.307989,0.336599,0.322294,0.31677,8.114369,-7.849699,-1.964892,Drowsy,Drowsy/H0322.png
0.301178,0.316219,0.308698,0.198736,10.227815,-6.605942,-2.338095,Drowsy,Drowsy/H0333.png
0.284662,0.298374,0.291518,0.457412,8.561674,-8.969524,-1.921356,Drowsy,Drowsy/H0337.png
0.219432,0.28243,0.250931,0.460315,-1.986669,-8.782149,1.178156,Drowsy,Drowsy/H0348.png
0.219432,0.259239,0.239336,0.208554,-2.941572,-7.562062,1.285288,Drowsy,Drowsy/H0355.png
0.182737,0.266468,0.224602,0.113027,-2.471777,-9.162089,0.890372,Drowsy,Drowsy/H0360.png
0.266942,0.313905,0.290424,0.186513,-0.695489,-8.445328,0.446992,Drowsy,Drowsy/H0364.png
0.122572,0.219753,0.171163,0.229708,0.81006,-8.223698,0.1292,Drowsy,Drowsy/H0369.png
0.275518,0.316374,0.295946,0.438319,-0.72978,-9.360506,0.592805,Drowsy,Drowsy/H0373.png
0.284213,0.32419,0.304201,0.323156,1.205852,-8.760448,0.05913,Drowsy,Drowsy/H0378.png
0.108074,0.196879,0.152477,0.48992,-3.007157,-9.172341,0.749298,Drowsy,Drowsy/H0382.png
0.211718,0.291957,0.251838,0.543002,-4.850332,-8.851264,1.184779,Drowsy,Drowsy/H0386.png
0.228873,0.273441,0.251157,0.3577,-1.462051,-8.768142,0.424736,Drowsy,Drowsy/H0391.png
0.266942,0.313126,0.290034,0.520449,-0.853479,-9.297439,0.326968,Drowsy,Drowsy/H0395.png
0.243579,0.282843,0.263211,0.418775,0.802963,-8.697856,-0.12346,Drowsy,Drowsy/H0400.png
0.186681,0.249878,0.21828,0.520883,-1.464919,-9.186678,0.086659,Drowsy,Drowsy/H0404.png
0.131841,0.243256,0.187548,0.430369,-2.730294,-9.031979,0.36035,Drowsy,Drowsy/H0409.png
0.28243,0.328904,0.305667,0.42994,-1.965087,-8.912174,0.499066,Drowsy,Drowsy/H0413.png
0.203838,0.251823,0.22783,0.260191,-0.293979,-8.048288,0.52116,Drowsy,Drowsy/H0418.png
0.212808,0.281978,0.247393,0.319878,-2.685073,-9.07549,0.750745,Drowsy,Drowsy/H0422.png
0.250484,0.314059,0.282271,0.390104,0.40249,-8.153343,-0.242527,Drowsy,Drowsy/H0428.png
0.056773,0.136114,0.096444,0.133798,1.130119,-8.044622,-0.500187,Drowsy,Drowsy/H0432.png
0.323217,0.347107,0.335162,0.142827,-1.768868,-8.051623,0.338553,Drowsy,Drowsy/H0440.png
0.30751,0.314059,0.310784,0.428579,1.734074,-8.381001,-0.61539,Drowsy,Drowsy/H0444.png
0.109931,0.25085,0.180391,0.369709,-4.413971,-7.763942,0.993567,Drowsy,Drowsy/H0449.png
0.048692,0.092578,0.070635,0.051308,3.233924,-11.249308,1.114168,Drowsy,Drowsy/H0453.png
0.046154,0.083032,0.064593,0.21342,4.024552,-8.030521,7.494568,Drowsy,Drowsy/H0457.png
0.187409,0.256755,0.222082,0.220441,-3.230104,-9.759814,5.799317,Drowsy,Drowsy/H0465.png
0.225338,0.271134,0.248236,0.19458,-3.496295,-10.362719,5.756593,Drowsy,Drowsy/H0471.png
0.121157,0.203065,0.162111,0.138242,-0.724235,-8.804476,5.25036,Drowsy,Drowsy/H0476.png
0.321081,0.334891,0.327986,0.130471,-3.490337,-9.862299,6.221459,Drowsy,Drowsy/H0481.png
0.267111,0.292333,0.279722,0.218553,-2.85544,-10.472993,5.92103,Drowsy,Drowsy/H0497.png
0.161486,0.241554,0.20152,0.327593,-3.959167,-9.656284,5.69631,Drowsy,Drowsy/H0507.png
0.265971,0.305201,0.285586,0.27439,-3.837519,-10.834324,6.022265,Drowsy,Drowsy/H0512.png
0.124939,0.225189,0.175064,0.247878,-6.883389,-10.037157,6.618327,Drowsy,Drowsy/H0516.png
0.257864,0.327439,0.292652,0.340739,-4.612321,-10.433481,6.230701,Drowsy,Drowsy/H0527.png
0.085679,0.130339,0.108009,0.446177,-2.727711,-7.912292,5.34793,Drowsy,Drowsy/H0532.png
0.311136,0.336023,0.32358,0.395708,-5.945054,-10.010101,6.680612,Drowsy,Drowsy/H0541.png
0.280702,0.316228,0.298465,0.349683,-4.166522,-10.551597,6.331286,Drowsy,Drowsy/H0545.png
0.181071,0.283341,0.232206,0.182107,-6.97846,-9.883477,6.899507,Drowsy,Drowsy/H0550.png
0.304818,0.341977,0.323398,0.307539,-10.0944,-9.096257,7.739144,Drowsy,Drowsy/H0554.png
0.335182,0.338647,0.336915,0.41333,-8.238027,-9.134507,7.626833,Drowsy,Drowsy/H0565.png
0.048755,0.071575,0.060165,0.079517,-1.64716,-8.26052,6.273827,Drowsy,Drowsy/H0571.png
0.296441,0.337407,0.316924,0.241433,-7.118169,-9.355411,5.866652,Drowsy,Drowsy/H0579.png
0.184242,0.267943,0.226092,0.381811,-6.02872,-9.444957,5.418963,Drowsy,Drowsy/H0584.png
0.216187,0.290751,0.253469,0.342041,-2.274834,-9.496865,4.498713,Drowsy,Drowsy/H0593.png
0.258008,0.287392,0.2727,0.528471,-2.181565,-10.491327,3.989291,Drowsy,Drowsy/H0602.png
0.297595,0.337407,0.317501,0.478691,-2.829162,-9.196794,3.849904,Drowsy,Drowsy/H0628.png
0.386294,0.401249,0.393771,0.34837,2.388654,-8.623794,2.895532,Drowsy,Drowsy/H0642.png
0.380873,0.38993,0.385401,0.430181,2.921126,-7.384252,1.766384,Drowsy,Drowsy/H0653.png
0.421186,0.414379,0.417783,0.259261,-3.101902,-7.255469,3.111277,Drowsy,Drowsy/H0665.png
0.190988,0.158114,0.174551,0.0,5.937683,6.577086,-4.837955,Drowsy,Drowsy/I0003.png
0.198794,0.189992,0.194393,0.0,5.616134,8.05971,-4.192881,Drowsy,Drowsy/I0008.png
0.221975,0.198827,0.210401,0.006844,6.625614,8.395861,-1.990375,Drowsy,Drowsy/I0012.png
0.223846,0.191471,0.207659,0.006839,7.325455,9.045737,-2.890848,Drowsy,Drowsy/I0019.png
0.231162,0.211811,0.221486,0.0,9.656562,10.482433,-2.227475,Drowsy,Drowsy/I0023.png
0.239683,0.200171,0.219927,0.006574,11.404313,9.259693,-2.441676,Drowsy,Drowsy/I0028.png
0.239683,0.217531,0.228607,0.015861,11.050036,10.597615,-2.119628,Drowsy,Drowsy/I0032.png
0.282276,0.243788,0.263032,0.006577,12.573837,9.429678,-2.424241,Drowsy,Drowsy/I0037.png
0.266367,0.243788,0.255077,0.006577,13.272038,10.062968,-2.453104,Drowsy,Drowsy/I0041.png
0.272691,0.230038,0.251365,0.006747,11.764296,10.212148,-2.40849,Drowsy,Drowsy/I0045.png
0.248659,0.206885,0.227772,0.006657,11.813461,8.756129,-2.927367,Drowsy,Drowsy/I0050.png
0.254642,0.217654,0.236148,0.016082,13.387276,8.827233,-2.961874,Drowsy,Drowsy/I0054.png
0.216,0.150143,0.183071,0.0,13.02504,8.348812,-2.890673,Drowsy,Drowsy/I0059.png
0.08296,0.058664,0.070812,0.201027,14.857285,5.415823,-3.156306,Drowsy,Drowsy/I0063.png
0.050301,0.05394,0.052121,0.633888,12.85863,0.410948,-1.243699,Drowsy,Drowsy/I0068.png
0.098391,0.042544,0.070467,0.138059,8.191398,15.291034,1.689241,Drowsy,Drowsy/I0072.png
0.254432,0.210613,0.232523,0.013157,11.751775,14.048245,-0.488103,Drowsy,Drowsy/I0077.png
0.24281,0.219259,0.231035,0.012331,10.451609,10.445015,-2.250803,Drowsy,Drowsy/I0081.png
0.299205,0.254767,0.276986,0.012804,12.127926,9.67204,-2.848918,Drowsy,Drowsy/I0086.png
0.271964,0.258758,0.265361,0.013699,2.727707,9.993348,0.721843,Drowsy,Drowsy/I0101.png
0.222799,0.207926,0.215362,0.006666,3.583082,8.658831,0.697983,Drowsy,Drowsy/I0106.png
0.232714,0.227379,0.230047,0.013514,3.623343,8.596721,0.389496,Drowsy,Drowsy/I0110.png
0.176721,0.172414,0.174568,0.0,3.971545,6.90905,0.557293,Drowsy,Drowsy/I0115.png
0.133999,0.121951,0.127975,0.006849,7.345635,6.129761,-0.672404,Drowsy,Drowsy/I0125.png
0.234217,0.215604,0.224911,0.006757,4.680367,7.198163,1.192605,Drowsy,Drowsy/I0133.png
0.232113,0.232922,0.232517,0.006944,4.889945,8.160733,1.066771,Drowsy,Drowsy/I0137.png
0.231319,0.228437,0.229878,0.014704,5.622243,8.034064,0.820627,Drowsy,Drowsy/I0141.png
0.214585,0.189167,0.201876,0.007042,4.873329,7.502713,0.438305,Drowsy,Drowsy/I0148.png
0.188831,0.176777,0.182804,0.016536,5.185656,5.829817,0.176684,Drowsy,Drowsy/I0152.png
0.24262,0.201867,0.222243,0.006942,8.624191,8.762039,-1.420939,Drowsy,Drowsy/I0157.png
0.232113,0.215056,0.223585,0.013877,8.177909,9.161471,-1.882286,Drowsy,Drowsy/I0161.png
0.167422,0.101539,0.13448,0.0,5.694615,5.516027,-1.247437,Drowsy,Drowsy/I0170.png
0.163861,0.152022,0.157941,0.007246,5.713157,4.714606,-0.917277,Drowsy,Drowsy/I0174.png
0.146592,0.107234,0.126913,0.006754,5.813284,6.063878,-1.164653,Drowsy,Drowsy/I0179.png
0.163029,0.144787,0.153908,0.013509,5.995867,5.564376,-1.406359,Drowsy,Drowsy/I0183.png
0.029303,0.011364,0.020333,0.006844,7.642882,9.056356,-2.243575,Drowsy,Drowsy/I0188.png
0.24046,0.215073,0.227766,0.013884,8.54353,6.98801,-1.716562,Drowsy,Drowsy/I0192.png
0.193953,0.179262,0.186608,0.006751,8.385145,6.528042,-1.566771,Drowsy,Drowsy/I0197.png
0.105409,0.082827,0.094118,0.013329,6.322885,7.516472,-1.070576,Drowsy,Drowsy/I0201.png
0.227574,0.210995,0.219284,0.0,4.471879,7.465411,0.606026,Drowsy,Drowsy/I0206.png
0.228437,0.226866,0.227651,0.019104,6.796946,7.31106,-1.560211,Drowsy,Drowsy/I0211.png
0.196688,0.164423,0.180555,0.007042,7.698219,6.755203,-1.109366,Drowsy,Drowsy/I0229.png
0.257686,0.243714,0.2507,0.016306,9.227471,9.009238,-1.704678,Drowsy,Drowsy/I0233.png
0.274082,0.249465,0.261773,0.006751,9.10188,8.456105,-2.214145,Drowsy,Drowsy/I0237.png
0.253099,0.227468,0.240284,0.006839,9.071616,8.385162,-2.398862,Drowsy,Drowsy/I0242.png
0.235938,0.203264,0.219601,0.007031,9.373216,6.82977,-2.983299,Drowsy,Drowsy/I0246.png
0.230417,0.221199,0.225808,0.0205,9.248497,8.370714,-3.416772,Drowsy,Drowsy/I0251.png
0.034239,0.022217,0.028228,0.013494,8.196438,10.050246,-3.609519,Drowsy,Drowsy/I0263.png
0.242644,0.214528,0.228586,0.0205,9.797765,8.662725,-3.756193,Drowsy,Drowsy/I0268.png
0.264507,0.238186,0.251346,0.0,9.092209,7.878325,-3.712387,Drowsy,Drowsy/I0272.png
0.245671,0.216214,0.230943,0.0,9.512786,8.819582,-3.761722,Drowsy,Drowsy/I0277.png
0.242644,0.215022,0.228833,0.013667,9.690913,7.747592,-3.782658,Drowsy,Drowsy/I0281.png
0.248617,0.219452,0.234034,0.006839,10.053888,8.047132,-3.785323,Drowsy,Drowsy/I0286.png
0.249011,0.238734,0.243873,0.0205,9.518113,8.957805,-3.596402,Drowsy,Drowsy/I0290.png
0.245796,0.213977,0.229887,0.01696,8.918812,6.811654,-4.063827,Drowsy,Drowsy/I0295.png
0.236321,0.208403,0.222362,0.013856,9.04059,8.17878,-3.643245,Drowsy,Drowsy/I0299.png
0.242644,0.225819,0.234232,0.006928,9.610991,8.594345,-3.754936,Drowsy,Drowsy/I0304.png
0.267612,0.23711,0.252361,0.0,9.886032,8.916869,-3.770566,Drowsy,Drowsy/I0308.png
0.255406,0.212783,0.234095,0.013841,8.777616,7.36242,-4.392479,Drowsy,Drowsy/I0313.png
0.252287,0.215649,0.233968,0.006928,9.513656,7.919371,-3.675081,Drowsy,Drowsy/I0317.png
0.246963,0.209044,0.228003,0.006928,9.209926,7.609948,-3.683142,Drowsy,Drowsy/I0321.png
0.241867,0.226419,0.234143,0.0,8.810667,7.120846,-4.111422,Drowsy,Drowsy/I0326.png
0.242933,0.220091,0.231512,0.016725,8.475685,7.394243,-4.153217,Drowsy,Drowsy/I0330.png
0.239511,0.220091,0.229801,0.013841,9.078548,7.862426,-4.307174,Drowsy,Drowsy/I0335.png
0.230201,0.216214,0.223207,0.006833,8.738229,7.760446,-3.981051,Drowsy,Drowsy/I0339.png
0.242644,0.221965,0.232304,0.013304,9.662296,7.231041,-4.035781,Drowsy,Drowsy/I0344.png
0.236088,0.209044,0.222566,0.01405,9.111714,8.596656,-4.102432,Drowsy,Drowsy/I0348.png
0.230201,0.203705,0.216953,0.0,9.517129,7.163497,-4.098182,Drowsy,Drowsy/I0353.png
0.202548,0.170276,0.186412,0.013653,7.949998,7.583392,-5.760131,Drowsy,Drowsy/I0357.png
0.230769,0.221349,0.226059,0.019422,9.624813,6.17839,-4.553221,Drowsy,Drowsy/I0463.png
0.254237,0.213929,0.234083,0.020479,10.622391,6.536987,-5.013889,Drowsy,Drowsy/I0467.png
0.221524,0.21332,0.217422,0.006747,7.687606,6.278056,-3.132194,Drowsy,Drowsy/I0472.png
0.260605,0.257097,0.258851,0.01648,-0.747311,8.794081,5.28475,Drowsy,Drowsy/I0476.png
0.124219,0.150426,0.137322,0.006747,-3.256976,6.181723,3.611102,Drowsy,Drowsy/I0481.png
0.236519,0.2248,0.230659,0.006754,-0.176266,7.713074,1.478191,Drowsy,Drowsy/I0486.png
0.258989,0.277821,0.268405,0.013888,-0.332514,7.058011,0.987055,Drowsy,Drowsy/I0493.png
0.248437,0.253232,0.250835,0.006944,-0.434233,5.734904,0.725763,Drowsy,Drowsy/I0497.png
0.245046,0.234294,0.23967,0.007042,-2.992837,6.058592,0.215651,Drowsy,Drowsy/I0501.png
0.183929,0.189107,0.186518,0.024385,2.608181,7.147782,-0.972962,Drowsy,Drowsy/I0506.png
0.209014,0.188153,0.198584,0.006942,2.951738,6.013617,-2.493142,Drowsy,Drowsy/I0510.png
0.216,0.19489,0.205445,0.014072,3.797186,7.421534,-2.078362,Drowsy,Drowsy/I0516.png
0.248733,0.258989,0.253861,0.023383,1.321843,9.407697,-0.690116,Drowsy,Drowsy/I0522.png
0.248733,0.25302,0.250876,0.0,1.068521,8.262618,-1.21508,Drowsy,Drowsy/I0527.png
0.245671,0.220617,0.233144,0.02142,1.906678,7.297169,-1.92581,Drowsy,Drowsy/I0531.png
0.240204,0.231763,0.235983,0.007136,5.014986,7.509029,-3.034232,Drowsy,Drowsy/I0536.png
0.270258,0.250003,0.26013,0.013877,4.901118,8.821594,-2.92605,Drowsy,Drowsy/I0540.png
0.161955,0.126198,0.144077,0.00995,3.688236,6.677524,-2.506522,Drowsy,Drowsy/I0545.png
0.266123,0.25572,0.260921,0.013868,3.150314,7.989193,-2.567539,Drowsy,Drowsy/I0549.png
0.03518,0.05,0.04259,0.0,3.029232,7.215772,-3.270084,Drowsy,Drowsy/I0554.png
0.259503,0.243961,0.251732,0.020783,4.518932,8.332222,-2.995706,Drowsy,Drowsy/I0558.png
0.245754,0.220274,0.233014,0.0,5.050383,7.819782,-3.037346,Drowsy,Drowsy/I0563.png
0.230201,0.215056,0.222629,0.007031,4.388886,8.322635,-2.987019,Drowsy,Drowsy/I0567.png
0.230417,0.236835,0.233626,0.014262,3.659518,7.15318,-3.420849,Drowsy,Drowsy/I0572.png
0.248617,0.220274,0.234445,0.014262,4.037192,7.237608,-3.276864,Drowsy,Drowsy/I0576.png
0.2246,0.215056,0.219828,0.007031,4.686636,7.912821,-3.203831,Drowsy,Drowsy/I0580.png
0.236729,0.225828,0.231279,0.013678,5.109247,8.367783,-3.739282,Drowsy,Drowsy/I0585.png
0.242644,0.220291,0.231467,0.007125,4.288306,8.636232,-3.954715,Drowsy,Drowsy/I0589.png
0.223626,0.219147,0.221387,0.017201,4.812878,8.308413,-4.096566,Drowsy,Drowsy/I0594.png
0.097881,0.071348,0.084614,0.014234,6.965855,7.108276,-4.87551,Drowsy,Drowsy/I0599.png
0.260718,0.222453,0.241586,0.013824,10.552406,7.828728,-4.781996,Drowsy,Drowsy/I0604.png
0.254633,0.226312,0.240472,0.006818,10.275606,8.655794,-5.495305,Drowsy,Drowsy/I0608.png
0.261145,0.248022,0.254583,0.007107,8.039274,7.410043,-5.409223,Drowsy,Drowsy/I0614.png
0.274365,0.242109,0.258237,0.014234,7.992445,7.303371,-5.486132,Drowsy,Drowsy/I0618.png
0.239119,0.225194,0.232157,0.0,7.712747,8.084526,-5.508188,Drowsy,Drowsy/I0624.png
0.20929,0.207902,0.208596,0.006912,7.990705,7.732668,-5.59524,Drowsy,Drowsy/I0628.png
0.216332,0.182335,0.199334,0.0,10.027553,9.028592,-6.200695,Drowsy,Drowsy/I0633.png
0.210819,0.193066,0.201942,0.0,9.294471,9.044924,-5.854656,Drowsy,Drowsy/I0637.png
0.226677,0.200347,0.213512,0.0,9.915807,10.153772,-6.033863,Drowsy,Drowsy/I0642.png
0.23692,0.212132,0.224526,0.016919,10.181462,9.805894,-5.972008,Drowsy,Drowsy/I0646.png
0.247163,0.236237,0.2417,0.007107,9.732381,9.201658,-6.406211,Drowsy,Drowsy/I0651.png
0.271574,0.229537,0.250555,0.006902,9.654548,9.205868,-6.216976,Drowsy,Drowsy/I0656.png
0.238865,0.21881,0.228838,0.0,9.621629,8.68036,-6.338397,Drowsy,Drowsy/I0660.png
0.211969,0.189141,0.200555,0.007008,9.504185,8.10471,-6.61345,Drowsy,Drowsy/I0665.png
0.27113,0.22445,0.24779,0.016687,10.030183,9.425036,-6.241858,Drowsy,Drowsy/I0669.png
0.245373,0.21806,0.231716,0.013824,10.278832,7.957623,-6.332159,Drowsy,Drowsy/I0674.png
0.232606,0.207932,0.220269,0.006809,9.746709,8.82402,-6.228108,Drowsy,Drowsy/I0678.png
0.230484,0.21881,0.224647,0.0,10.30941,8.839035,-6.133543,Drowsy,Drowsy/I0683.png
0.099224,0.071107,0.085165,0.0,9.846059,7.844591,-7.136206,Drowsy,Drowsy/I0687.png
0.230769,0.220129,0.225449,0.0,9.985307,8.90455,-6.430603,Drowsy,Drowsy/I0692.png
0.071318,0.0231,0.047209,0.0,2.78912,11.653365,2.798535,Drowsy,Drowsy/I0696.png
0.246515,0.205175,0.225845,0.006666,8.93601,8.456623,1.732419,Drowsy,Drowsy/I0701.png
0.225751,0.22335,0.22455,0.006751,7.145428,8.803604,3.978125,Drowsy,Drowsy/I0705.png
0.257351,0.239916,0.248633,0.006942,7.174221,8.766621,3.191808,Drowsy,Drowsy/I0710.png
0.233986,0.225786,0.229886,0.006844,7.706626,7.659496,2.993865,Drowsy,Drowsy/I0715.png
0.24672,0.212499,0.229609,0.0,8.346057,7.444613,2.387362,Drowsy,Drowsy/I0720.png
0.240567,0.218914,0.229741,0.0,9.682622,7.703576,1.759667,Drowsy,Drowsy/I0724.png
0.240376,0.21556,0.227968,0.0,10.245867,7.214065,0.940246,Drowsy,Drowsy/I0729.png
0.246963,0.222094,0.234528,0.006849,9.67085,7.215039,0.698137,Drowsy,Drowsy/I0733.png
0.246515,0.218745,0.23263,0.006849,10.082648,7.587024,0.831658,Drowsy,Drowsy/I0738.png
0.251168,0.203005,0.227087,0.013697,10.006235,8.483831,0.797051,Drowsy,Drowsy/I0743.png
0.236088,0.239471,0.23778,0.006849,10.60526,8.386655,0.895554,Drowsy,Drowsy/I0747.png
0.227313,0.207616,0.217465,0.007042,11.257189,8.279841,1.015913,Drowsy,Drowsy/I0752.png
0.246515,0.240843,0.243679,0.007042,10.969754,7.764143,0.672151,Drowsy,Drowsy/I0756.png
0.234217,0.233466,0.233841,0.006944,11.278854,6.169816,-0.669549,Drowsy,Drowsy/I0761.png
0.227574,0.194318,0.210946,0.007042,11.081905,7.39187,-0.291522,Drowsy,Drowsy/I0765.png
0.18605,0.155564,0.170807,0.0,10.719138,7.530468,-0.446868,Drowsy,Drowsy/I0770.png
0.130701,0.070008,0.100354,0.013332,8.730646,10.361359,0.237774,Drowsy,Drowsy/I0774.png
0.242536,0.226866,0.234701,0.016764,7.298685,10.77972,-0.397979,Drowsy,Drowsy/I0779.png
0.236321,0.221615,0.228968,0.020546,7.506519,9.648648,-0.71696,Drowsy,Drowsy/I0783.png
0.236399,0.22352,0.229959,0.0,8.660798,9.947482,-1.146,Drowsy,Drowsy/I0788.png
0.24272,0.200785,0.221752,0.0,8.767943,9.400989,-1.04445,Drowsy,Drowsy/I0792.png
0.044397,0.044444,0.044421,0.0,8.232494,10.337287,-1.590173,Drowsy,Drowsy/I0797.png
0.24272,0.216602,0.229661,0.0,9.749948,9.405342,-0.677592,Drowsy,Drowsy/I0801.png
0.237605,0.248297,0.242951,0.0,0.722656,9.244907,6.474322,Drowsy,Drowsy/I0811.png
0.24511,0.254432,0.249771,0.007025,0.974763,10.332879,5.021692,Drowsy,Drowsy/I0817.png
0.088741,0.063977,0.076359,0.0,2.880628,9.092546,4.367776,Drowsy,Drowsy/I0821.png
0.254237,0.224002,0.23912,0.006756,7.030529,8.087442,1.777024,Drowsy,Drowsy/I0826.png
0.261145,0.252611,0.256878,0.006849,8.033452,7.597844,1.038129,Drowsy,Drowsy/I0830.png
0.226314,0.214408,0.220361,0.013888,7.213542,8.459921,1.375522,Drowsy,Drowsy/I0835.png
0.238741,0.225725,0.232233,0.0,7.095742,8.982461,0.725284,Drowsy,Drowsy/I0839.png
0.234217,0.215604,0.224911,0.006944,6.629297,8.348943,0.999243,Drowsy,Drowsy/I0844.png
0.03014,0.037588,0.033864,0.006944,5.862181,9.765471,0.710637,Drowsy,Drowsy/I0848.png
0.223846,0.219451,0.221649,0.013889,6.720053,8.246465,0.878774,Drowsy,Drowsy/I0853.png
0.234217,0.223817,0.229017,0.006849,7.193602,8.727101,0.77745,Drowsy,Drowsy/I0857.png
0.254505,0.235369,0.244937,0.006751,7.653093,8.610598,-1.905526,Drowsy,Drowsy/I0862.png
0.230417,0.215022,0.22272,0.0,10.075929,8.342384,-3.660696,Drowsy,Drowsy/I0866.png
0.267349,0.220273,0.243811,0.013824,11.104335,8.288885,-5.463335,Drowsy,Drowsy/I0871.png
0.227518,0.216657,0.222088,0.0,10.773056,8.682092,-5.403651,Drowsy,Drowsy/I0875.png
0.033672,0.033951,0.033811,0.0,3.567271,10.196612,2.940773,Drowsy,Drowsy/I0880.png
0.240434,0.242936,0.241685,0.0,4.560169,9.405124,2.980454,Drowsy,Drowsy/I0884.png
0.246267,0.235441,0.240854,0.0,5.320075,9.511424,2.18562,Drowsy,Drowsy/I0889.png
0.25302,0.225725,0.239372,0.006849,5.171602,8.459336,1.638952,Drowsy,Drowsy/I0893.png
0.230417,0.21435,0.222383,0.0,6.070447,8.000737,1.533054,Drowsy,Drowsy/I0897.png
0.236519,0.220654,0.228586,0.006666,5.449553,8.627474,1.505967,Drowsy,Drowsy/I0903.png
0.171682,0.136201,0.153942,0.0,5.160373,5.581179,0.609818,Drowsy,Drowsy/I0907.png
0.211372,0.217384,0.214378,0.006849,5.287888,6.548699,1.225276,Drowsy,Drowsy/I0912.png
0.212091,0.208752,0.210421,0.0,5.724327,5.720828,1.780335,Drowsy,Drowsy/I0916.png
0.242644,0.225786,0.234215,0.0,6.17566,7.632679,1.705382,Drowsy,Drowsy/I0921.png
0.226314,0.217559,0.221936,0.006849,6.337719,6.899487,1.121394,Drowsy,Drowsy/I0925.png
0.052885,0.048026,0.050455,0.0,5.292787,7.039899,0.755066,Drowsy,Drowsy/I0930.png
0.242644,0.224002,0.233323,0.0,6.471361,7.734668,0.650104,Drowsy,Drowsy/I0934.png
0.230417,0.212442,0.221429,0.0,6.120686,7.212374,0.726227,Drowsy,Drowsy/I0939.png
0.240593,0.24675,0.243671,0.013699,6.959693,7.504744,0.743393,Drowsy,Drowsy/I0943.png
0.163198,0.160413,0.161805,0.0,6.369472,4.899477,-0.077809,Drowsy,Drowsy/I0950.png
0.138036,0.098141,0.118089,0.0,7.181655,7.122268,0.113758,Drowsy,Drowsy/I0954.png
0.233071,0.242644,0.237858,0.007131,1.453834,6.668774,4.559477,Drowsy,Drowsy/I0959.png
0.238147,0.2248,0.231473,0.0,2.542155,7.914662,3.797734,Drowsy,Drowsy/I0964.png
0.244465,0.23398,0.239222,0.0,2.488683,7.973151,3.997053,Drowsy,Drowsy/I0968.png
0.244465,0.231096,0.237781,0.0,2.703219,8.048248,3.934505,Drowsy,Drowsy/I0974.png
0.079057,0.076764,0.077911,0.0,2.280672,7.783988,3.773756,Drowsy,Drowsy/I0978.png
0.062334,0.033436,0.047885,0.0,1.830844,8.367598,3.633837,Drowsy,Drowsy/I0983.png
0.220601,0.2309,0.22575,0.006938,3.079698,6.365045,3.259853,Drowsy,Drowsy/I0987.png
0.181071,0.174807,0.177939,0.0,2.759331,6.382491,3.353344,Drowsy,Drowsy/I0992.png
0.208809,0.203792,0.2063,0.007039,3.166322,7.128756,2.62857,Drowsy,Drowsy/I0996.png
0.208809,0.210932,0.20987,0.014072,3.792531,6.86456,2.777301,Drowsy,Drowsy/I1001.png
0.193953,0.175014,0.184484,0.006942,3.358248,6.317417,2.295921,Drowsy,Drowsy/I1005.png
0.228152,0.212934,0.220543,0.0,3.552453,7.453192,2.379875,Drowsy,Drowsy/I1010.png
0.233986,0.210995,0.222491,0.006849,3.89795,7.048641,2.149799,Drowsy,Drowsy/I1014.png
0.221271,0.210995,0.216133,0.0,4.573952,7.18613,2.064143,Drowsy,Drowsy/I1021.png
0.230201,0.207867,0.219034,0.0,4.908226,7.083773,2.000363,Drowsy,Drowsy/I1025.png
0.234217,0.231162,0.232689,0.006942,5.226882,6.496358,1.774846,Drowsy,Drowsy/I1031.png
0.242417,0.2371,0.239758,0.007039,5.152585,7.505337,1.884115,Drowsy,Drowsy/I1035.png
0.223846,0.196664,0.210255,0.006944,4.362287,5.919245,1.038956,Drowsy,Drowsy/I1050.png
0.215955,0.20869,0.212322,0.0,4.432342,7.011656,1.664582,Drowsy,Drowsy/I1054.png
0.213904,0.196283,0.205093,0.0,5.417642,6.612735,1.75346,Drowsy,Drowsy/I1058.png
0.213904,0.196283,0.205093,0.007042,5.513853,7.113369,1.789069,Drowsy,Drowsy/I1063.png
0.216202,0.203781,0.209992,0.006756,5.15173,8.052728,1.145291,Drowsy,Drowsy/I1067.png
0.236321,0.222124,0.229222,0.0,5.938213,7.364549,0.8091,Drowsy,Drowsy/I1072.png
0.234217,0.210363,0.22229,0.006847,8.54239,7.940977,-0.841937,Drowsy,Drowsy/I1076.png
0.24272,0.227877,0.235298,0.0,8.693834,8.27135,-1.275467,Drowsy,Drowsy/I1081.png
0.254951,0.239163,0.247057,0.006847,9.194091,7.879191,-1.374136,Drowsy,Drowsy/I1085.png
0.226385,0.205592,0.215988,0.006847,9.066555,7.74291,-1.536768,Drowsy,Drowsy/I1090.png
0.234294,0.205328,0.219811,0.006754,9.235718,7.285817,-1.535906,Drowsy,Drowsy/I1094.png
0.20869,0.194318,0.201504,0.006844,9.02902,7.290512,-1.832932,Drowsy,Drowsy/I1099.png
0.201305,0.182337,0.191821,0.0,9.525813,7.47556,-1.278356,Drowsy,Drowsy/I1103.png
0.230417,0.216881,0.223649,0.013329,9.073215,7.451539,-1.865351,Drowsy,Drowsy/I1108.png
0.236399,0.209517,0.222958,0.013693,9.423776,7.005655,-2.064863,Drowsy,Drowsy/I1113.png
0.238741,0.205592,0.222167,0.013687,8.102042,6.529738,-2.14827,Drowsy,Drowsy/I1118.png
0.246852,0.207226,0.227039,0.006751,9.063868,7.080564,-1.879684,Drowsy,Drowsy/I1122.png
0.215955,0.198827,0.207391,0.016522,9.244159,7.029794,-2.128733,Drowsy,Drowsy/I1127.png
0.24272,0.211811,0.227265,0.0,9.348217,7.634048,-1.85587,Drowsy,Drowsy/I1131.png
0.25302,0.222453,0.237737,0.006844,8.794959,7.933391,-1.995415,Drowsy,Drowsy/I1137.png
0.254871,0.229145,0.242008,0.006938,9.249765,7.723677,-1.936061,Drowsy,Drowsy/I1142.png
0.222799,0.227877,0.225338,0.006754,8.758536,6.975539,-2.085887,Drowsy,Drowsy/I1146.png
0.228365,0.21008,0.219222,0.013868,8.933259,6.939855,-2.759026,Drowsy,Drowsy/I1151.png
0.248659,0.218012,0.233336,0.006844,9.280757,8.754099,-2.09105,Drowsy,Drowsy/I1155.png
0.236088,0.197917,0.217003,0.013687,8.947958,6.917899,-2.684717,Drowsy,Drowsy/I1160.png
0.051415,0.045443,0.048429,0.006844,7.878585,6.629115,-2.549087,Drowsy,Drowsy/I1164.png
0.248659,0.222847,0.235753,0.006844,9.371748,8.345819,-2.226224,Drowsy,Drowsy/I1169.png
0.242644,0.21008,0.226362,0.006844,8.621765,7.598202,-2.214483,Drowsy,Drowsy/I1174.png
0.265378,0.233163,0.24927,0.0,8.701433,6.928685,-2.18429,Drowsy,Drowsy/I1179.png
0.212934,0.200785,0.206859,0.006938,9.492294,7.444364,-2.155117,Drowsy,Drowsy/I1183.png
0.233986,0.2047,0.219343,0.0,9.258577,7.004932,-2.780357,Drowsy,Drowsy/I1188.png
0.246852,0.222836,0.234844,0.00657,9.604584,7.325656,-2.44436,Drowsy,Drowsy/I1192.png
0.201305,0.182337,0.191821,0.013502,9.162117,4.748272,-2.260408,Drowsy,Drowsy/I1197.png
0.213704,0.200418,0.207061,0.009542,9.687646,6.125535,-2.146204,Drowsy,Drowsy/I1201.png
0.227574,0.209044,0.218309,0.013877,9.79845,5.297961,-2.808341,Drowsy,Drowsy/I1206.png
0.240127,0.203264,0.221695,0.007131,9.856969,4.553409,-2.898427,Drowsy,Drowsy/I1211.png
0.201247,0.191001,0.196124,0.013877,9.79224,4.386402,-3.214884,Drowsy,Drowsy/I1215.png
0.242644,0.226904,0.234774,0.016059,9.611243,5.393206,-3.21308,Drowsy,Drowsy/I1220.png
0.012403,0.044433,0.028418,0.013678,8.834716,7.080671,-3.354813,Drowsy,Drowsy/I1224.png
0.230201,0.215022,0.222612,0.013494,9.598493,5.934412,-3.244386,Drowsy,Drowsy/I1229.png
0.248617,0.2047,0.226658,0.006833,9.901671,6.424275,-3.273437,Drowsy,Drowsy/I1234.png
0.233538,0.192388,0.212963,0.006747,9.827939,6.561335,-3.75826,Drowsy,Drowsy/I1239.png
0.259248,0.215022,0.237135,0.006833,9.353558,5.800812,-3.800656,Drowsy,Drowsy/I1243.png
0.236519,0.210895,0.223707,0.013494,10.126821,5.935734,-3.485965,Drowsy,Drowsy/I1248.png
0.212744,0.20044,0.206592,0.006839,11.040331,5.731024,-3.781407,Drowsy,Drowsy/I1252.png
0.155509,0.113284,0.134396,0.435891,13.337515,-3.993217,-3.139635,Drowsy,Drowsy/I1257.png
0.027069,0.054903,0.040986,0.687523,9.252425,-4.274587,-1.923689,Drowsy,Drowsy/I1261.png
0.039359,0.039992,0.039676,0.273673,12.8587,4.454575,-2.514514,Drowsy,Drowsy/I1266.png
0.236729,0.200785,0.218757,0.006402,10.82356,10.27371,-2.726432,Drowsy,Drowsy/I1270.png
0.272691,0.217654,0.245173,0.013314,11.839538,11.321196,-2.662458,Drowsy,Drowsy/I1275.png
0.248317,0.208131,0.228224,0.006161,10.566915,8.812012,-3.989476,Drowsy,Drowsy/I1279.png
0.248437,0.205911,0.227174,0.006311,10.200944,7.745319,-4.421463,Drowsy,Drowsy/I1284.png
0.227856,0.205312,0.216584,0.012622,10.563882,8.892331,-4.720378,Drowsy,Drowsy/I1288.png
0.180339,0.160017,0.170178,0.0,-4.053765,-14.868345,1.406228,Drowsy,Drowsy/J0003.png
0.231696,0.213212,0.222454,0.006494,-4.894738,-13.155772,1.202803,Drowsy,Drowsy/J0008.png
0.21536,0.207931,0.211646,0.009182,-5.327248,-13.205241,1.074331,Drowsy,Drowsy/J0012.png
0.036574,0.025433,0.031004,0.0,-5.885231,-20.191489,3.150334,Drowsy,Drowsy/J0017.png
0.183196,0.168418,0.175807,0.006248,-5.831403,-15.804694,2.695756,Drowsy,Drowsy/J0021.png
0.191001,0.179867,0.185434,0.006327,-5.870956,-17.137391,2.595347,Drowsy,Drowsy/J0026.png
0.208504,0.193762,0.201133,0.0,-5.421013,-15.615216,2.604676,Drowsy,Drowsy/J0030.png
0.23109,0.201493,0.216292,0.012804,-5.165992,-14.35728,2.745989,Drowsy,Drowsy/J0035.png
0.196407,0.197573,0.19699,0.012816,-6.858928,-17.307895,2.869154,Drowsy,Drowsy/J0039.png
0.128037,0.122558,0.125297,0.012811,-6.389351,-17.23328,3.119851,Drowsy,Drowsy/J0044.png
0.200216,0.171454,0.185835,0.0,-6.157965,-14.267407,2.908991,Drowsy,Drowsy/J0048.png
0.22506,0.193762,0.209411,0.006574,-5.582541,-15.333748,2.656912,Drowsy,Drowsy/J0053.png
0.183196,0.17175,0.177473,0.009176,-7.519111,-14.929858,2.565664,Drowsy,Drowsy/J0057.png
0.185824,0.125602,0.155713,0.006751,-6.488623,-17.854943,3.484907,Drowsy,Drowsy/J0062.png
0.236834,0.209459,0.223146,0.00657,-6.027216,-16.492095,4.08254,Drowsy,Drowsy/J0066.png
0.047606,0.068848,0.058227,0.008833,-5.722781,-20.659203,2.83775,Drowsy,Drowsy/J0071.png
0.226866,0.208195,0.21753,0.0,-6.068558,-16.862177,2.75451,Drowsy,Drowsy/J0075.png
0.226866,0.213704,0.220285,0.0,-5.984143,-16.616375,3.212978,Drowsy,Drowsy/J0079.png
0.036585,0.035968,0.036276,0.006329,-6.348023,-19.149943,2.826457,Drowsy,Drowsy/J0084.png
0.213977,0.188931,0.201454,0.012649,-6.671152,-15.294447,2.829549,Drowsy,Drowsy/J0088.png
0.195359,0.167084,0.181222,0.006325,-6.144624,-16.035439,3.091229,Drowsy,Drowsy/J0093.png
0.202524,0.171454,0.186989,0.012649,-7.070504,-16.186492,2.616117,Drowsy,Drowsy/J0097.png
0.051659,0.065428,0.058544,0.012816,-6.102277,-20.609457,3.130071,Drowsy,Drowsy/J0102.png
0.20701,0.193762,0.200386,0.006489,-6.304322,-16.160587,3.401247,Drowsy,Drowsy/J0106.png
0.174782,0.172837,0.17381,0.0,-5.859984,-17.065758,2.95927,Drowsy,Drowsy/J0111.png
0.202524,0.193762,0.198143,0.006406,-6.189234,-14.852127,2.833978,Drowsy,Drowsy/J0115.png
0.19944,0.185504,0.192472,0.0,-5.626157,-16.823248,3.288457,Drowsy,Drowsy/J0120.png
0.187751,0.17175,0.17975,0.0,-6.562407,-16.437732,3.066074,Drowsy,Drowsy/J0124.png
0.183468,0.171454,0.177461,0.0,-5.933478,-17.275405,2.91606,Drowsy,Drowsy/J0129.png
0.080944,0.088597,0.084771,0.008724,-5.283637,-17.231682,3.046088,Drowsy,Drowsy/J0133.png
0.196116,0.166448,0.181282,0.0,-6.177293,-16.350196,2.706332,Drowsy,Drowsy/J0138.png
0.191741,0.163962,0.177852,0.012187,-4.653469,-16.05838,2.796733,Drowsy,Drowsy/J0142.png
0.02325,0.017482,0.020366,0.006325,-6.021547,-21.895738,3.26052,Drowsy,Drowsy/J0147.png
0.230089,0.203835,0.216962,0.006574,-5.48416,-16.549661,3.351767,Drowsy,Drowsy/J0151.png
0.212909,0.197914,0.205411,0.019454,-6.623605,-14.909095,3.072066,Drowsy,Drowsy/J0155.png
0.214633,0.188043,0.201338,0.0,-5.745176,-14.098489,2.779703,Drowsy,Drowsy/J0160.png
0.190731,0.168418,0.179574,0.006096,-5.953211,-14.772571,2.680362,Drowsy,Drowsy/J0164.png
0.167087,0.167234,0.16716,0.0,-6.754638,-15.708004,2.934341,Drowsy,Drowsy/J0169.png
0.184061,0.17254,0.1783,0.009059,-6.664829,-16.014738,3.236552,Drowsy,Drowsy/J0173.png
0.182818,0.166217,0.174518,0.006238,-5.592556,-16.510473,5.610185,Drowsy,Drowsy/J0178.png
0.025994,0.024723,0.025359,0.006161,-5.89173,-20.288415,4.796858,Drowsy,Drowsy/J0182.png
0.204058,0.176536,0.190297,0.01314,-6.279831,-13.828326,3.651209,Drowsy,Drowsy/J0187.png
0.17451,0.123901,0.149206,0.0,-6.388288,-18.074464,4.649395,Drowsy,Drowsy/J0191.png
0.137115,0.120307,0.128711,0.006402,-6.438478,-18.966585,5.152599,Drowsy,Drowsy/J0196.png
0.187344,0.184456,0.1859,0.01313,-6.802742,-14.17221,4.254076,Drowsy,Drowsy/J0200.png
0.208195,0.193005,0.2006,0.00648,-6.45261,-14.004986,4.278258,Drowsy,Drowsy/J0205.png
0.231278,0.219169,0.225223,0.006402,-6.898449,-12.051034,3.56429,Drowsy,Drowsy/J0209.png
0.225763,0.201016,0.213389,0.012804,-6.428882,-15.694191,4.05258,Drowsy,Drowsy/J0214.png
0.187751,0.197573,0.192662,0.00648,-6.143459,-14.916708,3.82458,Drowsy,Drowsy/J0218.png
0.028042,0.044945,0.036494,0.013314,-5.686757,-19.436572,4.055619,Drowsy,Drowsy/J0223.png
0.225261,0.227338,0.2263,0.0,-6.47541,-13.893737,3.868098,Drowsy,Drowsy/J0227.png
0.183303,0.162931,0.173117,0.006321,-6.263954,-15.824046,3.350252,Drowsy,Drowsy/J0231.png
0.199782,0.184571,0.192177,0.019956,-5.598272,-14.197451,4.111156,Drowsy,Drowsy/J0236.png
0.200556,0.198847,0.199702,0.00657,-6.12031,-12.660413,3.70518,Drowsy,Drowsy/J0240.png
0.202524,0.180775,0.19165,0.0,-6.679493,-15.238145,4.022187,Drowsy,Drowsy/J0245.png
0.203264,0.188637,0.19595,0.006169,-6.356522,-15.795805,3.39763,Drowsy,Drowsy/J0251.png
0.212134,0.193446,0.20279,0.009059,-5.620699,-13.876649,3.759913,Drowsy,Drowsy/J0256.png
0.207522,0.180775,0.194148,0.006485,-6.52031,-14.437833,4.110939,Drowsy,Drowsy/J0260.png
0.202864,0.192965,0.197914,0.0,-6.576963,-12.491745,3.778479,Drowsy,Drowsy/J0265.png
0.195359,0.198505,0.196932,0.0,-6.121529,-13.834872,3.782181,Drowsy,Drowsy/J0269.png
0.190731,0.180812,0.185772,0.006242,-6.487053,-13.280308,3.696494,Drowsy,Drowsy/J0274.png
0.192098,0.177173,0.184636,0.022431,-6.058877,-15.45731,4.282433,Drowsy,Drowsy/J0278.png
0.207522,0.198847,0.203185,0.0,-6.338742,-12.84072,3.793304,Drowsy,Drowsy/J0283.png
0.135193,0.09321,0.114202,0.006325,-6.437956,-15.598759,3.648275,Drowsy,Drowsy/J0287.png
0.190356,0.211532,0.200944,0.012642,-7.981057,-13.67434,3.481985,Drowsy,Drowsy/J0292.png
0.189992,0.179754,0.184873,0.012642,-6.243728,-14.15892,3.885619,Drowsy,Drowsy/J0296.png
0.171454,0.125602,0.148528,0.0,-5.951885,-15.243666,4.019599,Drowsy,Drowsy/J0301.png
0.038514,0.012619,0.025566,0.01314,-5.696824,-21.17669,4.142571,Drowsy,Drowsy/J0305.png
0.088928,0.107482,0.098205,0.009054,-7.582094,-16.677241,3.812553,Drowsy,Drowsy/J0310.png
0.207438,0.193446,0.200442,0.0,-5.826695,-14.66183,3.938857,Drowsy,Drowsy/J0315.png
0.207765,0.193762,0.200764,0.009054,-6.730197,-12.371535,3.570221,Drowsy,Drowsy/J0319.png
0.158114,0.168142,0.163128,0.0,-6.530683,-14.113279,3.510789,Drowsy,Drowsy/J0324.png
0.167931,0.163607,0.165769,0.012484,-5.989564,-15.806823,3.489736,Drowsy,Drowsy/J0328.png
0.195359,0.181071,0.188215,0.0,-5.856096,-12.959086,3.362514,Drowsy,Drowsy/J0334.png
0.207093,0.193762,0.200428,0.009039,-5.9228,-14.737295,3.760868,Drowsy,Drowsy/J0338.png
0.182439,0.168142,0.175291,0.006485,-5.511592,-14.765302,3.557249,Drowsy,Drowsy/J0344.png
0.208195,0.193762,0.200979,0.0,-6.024383,-13.766817,3.70448,Drowsy,Drowsy/J0348.png
0.187751,0.171454,0.179603,0.00657,-5.826331,-13.235759,3.770451,Drowsy,Drowsy/J0353.png
0.195359,0.168418,0.181888,0.006485,-5.975217,-13.836842,3.466689,Drowsy,Drowsy/J0357.png
0.195711,0.188931,0.192321,0.006316,-6.391475,-14.444858,3.548245,Drowsy,Drowsy/J0362.png
0.07334,0.076522,0.074931,0.006489,-7.148807,-17.90892,3.783165,Drowsy,Drowsy/J0366.png
0.200992,0.193762,0.197377,0.0,-5.554487,-11.840546,3.221335,Drowsy,Drowsy/J0371.png
0.022721,0.012067,0.017394,0.006321,-6.188068,-18.954936,3.65432,Drowsy,Drowsy/J0375.png
0.242317,0.211871,0.227094,0.0,-5.929698,-12.388765,3.694237,Drowsy,Drowsy/J0380.png
0.200556,0.204206,0.202381,0.006485,-6.372102,-13.133965,3.687181,Drowsy,Drowsy/J0384.png
0.0,0.038149,0.019075,0.01314,-6.172856,-18.599274,3.941351,Drowsy,Drowsy/J0388.png
0.187861,0.17254,0.1802,0.006652,-5.516159,-14.448545,3.769707,Drowsy,Drowsy/J0393.png
0.194602,0.185824,0.190213,0.0,-5.816472,-12.984417,3.555095,Drowsy,Drowsy/J0397.png
0.191304,0.177173,0.184239,0.006741,-5.259808,-14.28893,4.106692,Drowsy,Drowsy/J0402.png
0.17451,0.171043,0.172776,0.006747,-5.96324,-14.994131,3.743728,Drowsy,Drowsy/J0406.png
0.191741,0.149277,0.170509,0.00657,-5.978772,-16.044183,4.083717,Drowsy,Drowsy/J0411.png
0.179252,0.149277,0.164264,0.0,-6.273123,-15.921766,3.727206,Drowsy,Drowsy/J0415.png
0.189528,0.154766,0.172147,0.006839,-5.69466,-15.168146,4.198426,Drowsy,Drowsy/J0420.png
0.179867,0.153478,0.166673,0.006652,-5.88761,-15.699456,4.104058,Drowsy,Drowsy/J0424.png
0.193005,0.172837,0.182921,0.0,-4.882867,-15.444913,3.767962,Drowsy,Drowsy/J0429.png
0.187344,0.190485,0.188914,0.006652,-6.883258,-14.719197,4.079404,Drowsy,Drowsy/J0433.png
0.188153,0.171608,0.17988,0.006652,-5.648957,-15.015502,3.217598,Drowsy,Drowsy/J0438.png
0.184571,0.181575,0.183073,0.006839,-6.662189,-16.089003,4.125096,Drowsy,Drowsy/J0442.png
0.187751,0.172126,0.179938,0.0,-6.071045,-15.820495,3.783526,Drowsy,Drowsy/J0447.png
0.047619,0.076299,0.061959,0.0,-5.877154,-18.652558,3.702236,Drowsy,Drowsy/J0451.png
0.199782,0.184571,0.192177,0.006485,-5.461499,-14.534637,3.914671,Drowsy,Drowsy/J0456.png
0.188637,0.17175,0.180193,0.006485,-5.611152,-15.078342,3.625269,Drowsy,Drowsy/J0460.png
0.194602,0.188637,0.191619,0.012642,-5.187023,-15.394753,3.71952,Drowsy,Drowsy/J0464.png
0.188637,0.185504,0.18707,0.013304,-5.681654,-14.833558,3.741746,Drowsy,Drowsy/J0469.png
0.175396,0.162746,0.169071,0.006661,-6.885454,-15.156653,3.515044,Drowsy,Drowsy/J0473.png
0.215056,0.192055,0.203556,0.006489,-5.369682,-13.548524,2.727657,Drowsy,Drowsy/J0478.png
0.234293,0.239054,0.236673,0.009085,9.665257,-8.577952,-2.574312,Drowsy,Drowsy/K0003.png
0.065677,0.108321,0.086999,0.008916,6.301225,-8.519621,-2.349333,Drowsy,Drowsy/K0009.png
0.2882,0.29725,0.292725,0.012848,9.702703,-7.94077,-2.527871,Drowsy,Drowsy/K0013.png
0.277844,0.294604,0.286224,0.018155,8.798625,-8.202368,-2.677992,Drowsy,Drowsy/K0018.png
0.294956,0.281559,0.288258,0.0,8.769542,-8.313142,-2.46937,Drowsy,Drowsy/K0022.png
0.251663,0.259938,0.255801,0.012848,9.089874,-8.381764,-2.919384,Drowsy,Drowsy/K0027.png
0.259938,0.262903,0.26142,0.012837,5.835038,-7.973735,-1.761341,Drowsy,Drowsy/K0031.png
0.300835,0.331076,0.315955,0.0,7.463791,-7.271972,-2.396816,Drowsy,Drowsy/K0036.png
0.310539,0.326409,0.318474,0.009608,8.059608,-6.868018,-2.114859,Drowsy,Drowsy/K0040.png
0.23518,0.251823,0.243501,0.021933,8.586725,-8.15521,-2.43692,Drowsy,Drowsy/K0045.png
0.062017,0.128784,0.095401,0.0,6.40924,-8.521607,-2.294941,Drowsy,Drowsy/K0049.png
0.062017,0.095651,0.078834,0.021125,4.696292,-8.779985,-2.339736,Drowsy,Drowsy/K0054.png
0.251663,0.234842,0.243253,0.009085,6.375486,-8.188426,-1.853637,Drowsy,Drowsy/K0058.png
0.255146,0.266007,0.260577,0.009089,5.329109,-8.554863,-1.057033,Drowsy,Drowsy/K0062.png
0.260764,0.266007,0.263386,0.009085,7.181253,-9.135211,-1.685375,Drowsy,Drowsy/K0067.png
0.2882,0.265869,0.277034,0.018515,11.027869,-7.838037,-2.628188,Drowsy,Drowsy/K0072.png
0.052086,0.080621,0.066354,0.0,4.677161,-8.310606,-1.243052,Drowsy,Drowsy/K0077.png
0.273275,0.265455,0.269365,0.017501,11.839481,-9.059997,-4.327014,Drowsy,Drowsy/K0081.png
0.30042,0.29638,0.2984,0.017812,9.460964,-9.162689,-4.246351,Drowsy,Drowsy/K0086.png
0.287392,0.287721,0.287557,0.008906,8.161143,-8.073421,-3.876188,Drowsy,Drowsy/K0090.png
0.30042,0.303908,0.302164,0.02189,8.339103,-9.032768,-3.815361,Drowsy,Drowsy/K0095.png
0.280514,0.2882,0.284357,0.017812,7.999159,-9.002853,-3.666637,Drowsy,Drowsy/K0099.png
0.283678,0.285136,0.284407,0.008893,7.845108,-9.327852,-3.781996,Drowsy,Drowsy/K0104.png
0.246121,0.262903,0.254512,0.008893,7.78407,-9.254002,-3.553567,Drowsy,Drowsy/K0108.png
0.246121,0.227626,0.236873,0.008738,7.439608,-9.482307,-3.879764,Drowsy,Drowsy/K0113.png
0.224592,0.268593,0.246592,0.008906,9.21157,-9.859203,-3.96734,Drowsy,Drowsy/K0117.png
0.270459,0.265869,0.268164,0.00875,7.743702,-9.220617,-3.584209,Drowsy,Drowsy/K0122.png
0.282843,0.291503,0.287173,0.009067,9.449472,-9.445767,-4.132548,Drowsy,Drowsy/K0126.png
0.054365,0.096286,0.075325,0.008893,8.174408,-9.444565,-4.250166,Drowsy,Drowsy/K0130.png
0.208637,0.252082,0.23036,0.0,8.681231,-9.920347,-4.568323,Drowsy,Drowsy/K0135.png
0.267061,0.287721,0.277391,0.022293,10.0222,-9.235105,-3.826049,Drowsy,Drowsy/K0139.png
0.294432,0.291957,0.293195,0.008906,9.752066,-9.275462,-3.60822,Drowsy,Drowsy/K0144.png
0.29638,0.281559,0.28897,0.009067,9.536966,-10.116933,-3.906269,Drowsy,Drowsy/K0148.png
0.24655,0.252222,0.249386,0.0,11.177143,-10.208926,-3.961308,Drowsy,Drowsy/K0153.png
0.26029,0.263934,0.262112,0.009067,11.632141,-9.968209,-4.437564,Drowsy,Drowsy/K0157.png
0.269551,0.259938,0.264744,0.0,12.381083,-9.816464,-3.82175,Drowsy,Drowsy/K0162.png
0.107459,0.153702,0.13058,0.019983,7.595374,-9.430435,-5.0182,Drowsy,Drowsy/K0166.png
0.068319,0.117506,0.092912,0.012358,10.611007,-9.48097,-4.777953,Drowsy,Drowsy/K0171.png
0.334587,0.309095,0.321841,0.009067,11.66082,-7.957245,-4.088917,Drowsy,Drowsy/K0175.png
0.297597,0.316841,0.307219,0.009234,11.393134,-8.407269,-4.841941,Drowsy,Drowsy/K0180.png
0.198538,0.255146,0.226842,0.018468,11.772852,-9.936883,-4.485928,Drowsy,Drowsy/K0184.png
0.157511,0.196218,0.176865,0.012595,8.45245,-10.251769,-3.886047,Drowsy,Drowsy/K0189.png
0.251101,0.271206,0.261153,0.009234,13.101393,-9.453139,-4.867688,Drowsy,Drowsy/K0193.png
0.2687,0.259533,0.264117,0.009407,11.710925,-9.688166,-4.358829,Drowsy,Drowsy/K0198.png
0.286929,0.282843,0.284886,0.00876,10.38778,-9.170122,-3.197219,Drowsy,Drowsy/K0202.png
0.268593,0.281559,0.275076,0.009077,8.828543,-8.976727,-3.040391,Drowsy,Drowsy/K0206.png
0.29725,0.310152,0.303701,0.018155,9.069435,-7.407011,-2.84459,Drowsy,Drowsy/K0211.png
0.093704,0.133714,0.113709,0.009089,1.892877,-7.084191,1.603252,Drowsy,Drowsy/K0215.png
0.292109,0.301559,0.296834,0.009258,1.877002,-8.137038,1.886046,Drowsy,Drowsy/K0220.png
0.260073,0.270669,0.265371,0.009089,1.321678,-7.561326,1.273082,Drowsy,Drowsy/K0224.png
0.268593,0.297405,0.282999,0.008927,4.257861,-8.385124,-0.43935,Drowsy,Drowsy/K0229.png
0.314898,0.311773,0.313335,0.009614,5.712236,-7.519932,-0.608238,Drowsy,Drowsy/K0233.png
0.28836,0.299068,0.293714,0.009089,4.480505,-7.938046,-0.724205,Drowsy,Drowsy/K0238.png
0.260764,0.266007,0.263386,0.0,6.002181,-8.323596,-0.96476,Drowsy,Drowsy/K0242.png
0.08027,0.199703,0.139987,0.009258,4.170722,-9.324433,-0.807821,Drowsy,Drowsy/K0247.png
0.148435,0.226242,0.187339,0.0,3.463548,-8.088592,-0.756185,Drowsy,Drowsy/K0251.png
0.151314,0.223136,0.187225,0.0,4.154003,-9.172235,-1.004833,Drowsy,Drowsy/K0256.png
0.243685,0.274874,0.259279,0.0,7.905934,-8.465781,-1.547191,Drowsy,Drowsy/K0260.png
0.290934,0.297405,0.29417,0.017854,6.211037,-8.204744,-1.164751,Drowsy,Drowsy/K0265.png
0.255564,0.266007,0.260786,0.018179,8.488156,-7.780997,-1.38777,Drowsy,Drowsy/K0269.png
0.252082,0.29725,0.274666,0.017846,7.396868,-8.239326,-1.460106,Drowsy,Drowsy/K0274.png
0.252377,0.274874,0.263625,0.009085,10.554881,-7.537638,-2.531536,Drowsy,Drowsy/K0278.png
0.314898,0.303908,0.309403,0.027735,8.973655,-6.277011,-2.662233,Drowsy,Drowsy/K0282.png
0.23281,0.242133,0.237471,0.026718,15.560161,-8.597661,-5.095004,Drowsy,Drowsy/K0287.png
0.099123,0.126862,0.112992,0.017178,12.986525,-9.309578,-5.399354,Drowsy,Drowsy/K0291.png
0.27735,0.294145,0.285748,0.012358,12.859897,-9.584897,-5.005822,Drowsy,Drowsy/K0296.png
0.27735,0.311731,0.29454,0.0,12.457278,-9.326511,-4.875003,Drowsy,Drowsy/K0300.png
0.251101,0.275947,0.263524,0.0,11.53331,-10.357903,-4.328215,Drowsy,Drowsy/K0305.png
0.13874,0.236343,0.187541,0.017477,10.646939,-10.017506,-4.511687,Drowsy,Drowsy/K0309.png
0.2687,0.262903,0.265802,0.021857,12.006316,-9.888876,-4.735129,Drowsy,Drowsy/K0314.png
0.25097,0.28797,0.26947,0.008916,9.610084,-8.692296,-3.710767,Drowsy,Drowsy/K0318.png
0.277844,0.296788,0.287316,0.0,9.659947,-8.628041,-3.668439,Drowsy,Drowsy/K0323.png
0.294604,0.300249,0.297426,0.031564,10.114214,-6.68627,-3.193613,Drowsy,Drowsy/K0327.png
0.310636,0.329365,0.32,0.018814,10.896798,-6.676573,-4.59072,Drowsy,Drowsy/K0332.png
0.300257,0.29725,0.298753,0.009253,3.333794,-7.863981,1.815967,Drowsy,Drowsy/K0336.png
0.342423,0.328798,0.33561,0.009085,5.271496,-7.282788,-1.66248,Drowsy,Drowsy/K0341.png
0.291957,0.292145,0.292051,0.0,9.217084,-9.119256,-2.178718,Drowsy,Drowsy/K0345.png
0.316491,0.2833,0.299895,0.03044,18.451906,-9.52552,0.664495,Drowsy,Drowsy/K0350.png
0.300756,0.326264,0.31351,0.026251,2.801456,-12.774376,3.600921,Drowsy,Drowsy/K0354.png
0.307096,0.344097,0.325597,0.01752,1.856147,-10.133531,2.551983,Drowsy,Drowsy/K0358.png
0.267556,0.296788,0.282172,0.008616,4.083299,-10.798078,2.233838,Drowsy,Drowsy/K0363.png
0.291957,0.28755,0.289754,0.008616,4.865981,-9.903104,1.723556,Drowsy,Drowsy/K0367.png
0.275862,0.311082,0.293472,0.0263,4.063485,-10.77793,2.009084,Drowsy,Drowsy/K0372.png
0.291957,0.291718,0.291838,0.008927,4.665086,-9.653323,1.707294,Drowsy,Drowsy/K0376.png
0.260073,0.288111,0.274092,0.017854,8.744254,-7.474599,-0.540183,Drowsy,Drowsy/K0381.png
0.304413,0.312559,0.308486,0.021555,10.692583,-7.631648,-1.502017,Drowsy,Drowsy/K0385.png
0.225586,0.260073,0.24283,0.017832,11.527747,-11.045111,-3.694908,Drowsy,Drowsy/K0390.png
0.27735,0.278913,0.278132,0.017832,11.94939,-10.752931,-3.746666,Drowsy,Drowsy/K0394.png
0.124375,0.234533,0.179454,0.009353,17.808506,-10.99302,-8.428407,Drowsy,Drowsy/K0399.png
0.299535,0.290996,0.295266,0.032067,17.003679,-7.558628,-6.869875,Drowsy,Drowsy/K0403.png
0.298303,0.29725,0.297777,0.018865,10.032362,-7.655024,-0.99227,Drowsy,Drowsy/K0411.png
0.3523,0.331935,0.342117,0.074023,-1.391288,-7.046826,3.418683,Drowsy,Drowsy/K0415.png
0.28836,0.28797,0.288165,0.017533,10.474551,-6.877064,-1.35792,Drowsy,Drowsy/K0420.png
0.300955,0.296022,0.298488,0.055319,17.618213,-6.410843,-4.732356,Drowsy,Drowsy/K0424.png
0.298126,0.286853,0.29249,0.027201,18.0741,-5.674725,-4.345885,Drowsy,Drowsy/K0429.png
0.269551,0.256569,0.26306,0.031527,19.643025,-6.625557,-5.04368,Drowsy,Drowsy/K0434.png
0.317162,0.274881,0.296021,0.009067,20.571649,-6.830907,-5.670935,Drowsy,Drowsy/K0438.png
0.303908,0.304557,0.304232,0.027232,20.206782,-6.750529,-5.602724,Drowsy,Drowsy/K0443.png
0.085283,0.167959,0.126621,0.027735,16.824709,-8.827927,-5.120429,Drowsy,Drowsy/K0447.png
0.2882,0.302075,0.295138,0.032805,18.904894,-6.272432,-4.189239,Drowsy,Drowsy/K0452.png
0.069982,0.159267,0.114624,0.028282,15.145565,-7.531481,-4.028777,Drowsy,Drowsy/K0457.png
0.298126,0.286853,0.29249,0.029994,18.044609,-5.974593,-3.182072,Drowsy,Drowsy/K0462.png
0.226655,0.270248,0.248452,0.018515,17.704618,-6.576538,-2.964362,Drowsy,Drowsy/K0466.png
0.048162,0.128847,0.088505,0.027268,12.919808,-7.377917,-2.698753,Drowsy,Drowsy/K0471.png
0.28118,0.292145,0.286663,0.029406,16.928439,-6.367151,-2.387204,Drowsy,Drowsy/K0475.png
0.08406,0.124943,0.104501,0.009089,12.601018,-6.787271,-2.378061,Drowsy,Drowsy/K0480.png
0.243685,0.265869,0.254777,0.02235,16.602417,-5.675671,-2.641642,Drowsy,Drowsy/K0484.png
0.243252,0.266007,0.254629,0.027759,11.091786,-9.281421,-2.370558,Drowsy,Drowsy/K0489.png
0.268593,0.311082,0.289838,0.325188,0.578897,-9.894172,3.624549,Drowsy,Drowsy/K0493.png
0.047989,0.096239,0.072114,0.0335,5.920291,-9.370245,-3.067068,Drowsy,Drowsy/K0498.png
0.251101,0.271657,0.261379,0.017501,6.804253,-10.112527,-3.57594,Drowsy,Drowsy/K0502.png
0.224592,0.268593,0.246592,0.009054,8.337553,-10.25503,-4.423112,Drowsy,Drowsy/K0510.png
0.174179,0.260301,0.21724,0.009407,8.958379,-9.277432,-4.913076,Drowsy,Drowsy/K0514.png
0.229733,0.271657,0.250695,0.0,7.728099,-9.890445,-3.629521,Drowsy,Drowsy/K0518.png
0.174179,0.239054,0.206616,0.018134,8.746552,-8.934603,-4.494086,Drowsy,Drowsy/K0523.png
0.050651,0.084409,0.06753,0.246106,10.379957,-11.017853,-5.531959,Drowsy,Drowsy/K0527.png
0.263119,0.255564,0.259342,0.027232,6.234149,-7.909313,-3.267231,Drowsy,Drowsy/K0532.png
0.290451,0.281706,0.286078,0.0,1.489266,-8.686787,-0.951623,Drowsy,Drowsy/K0536.png
0.101535,0.202759,0.152147,0.387652,3.100746,-9.906054,-0.890328,Drowsy,Drowsy/K0541.png
0.136231,0.23472,0.185476,0.024945,6.294173,-7.663975,-3.902006,Drowsy,Drowsy/K0545.png
0.082875,0.112735,0.097805,0.00876,4.089849,-7.609524,-2.058812,Drowsy,Drowsy/K0550.png
0.031993,0.053321,0.042657,0.220026,3.288537,-8.88135,-1.9105,Drowsy,Drowsy/K0554.png
0.284183,0.296788,0.290485,0.028282,10.447855,-6.103964,-3.091512,Drowsy,Drowsy/K0559.png
0.175412,0.238657,0.207034,0.021525,11.767736,-8.363528,-3.709103,Drowsy,Drowsy/K0563.png
0.290934,0.269502,0.280218,0.018855,11.844701,-6.294364,-2.244747,Drowsy,Drowsy/K0568.png
0.26304,0.28499,0.274015,0.026781,9.423907,-7.358909,-1.743313,Drowsy,Drowsy/K0572.png
0.152939,0.23135,0.192145,0.0,7.732267,-8.930967,-1.878015,Drowsy,Drowsy/K0577.png
0.202646,0.23472,0.218683,0.021552,8.171601,-8.562916,-1.173959,Drowsy,Drowsy/K0581.png
0.132727,0.196218,0.164473,0.008927,7.564498,-8.98462,-1.345907,Drowsy,Drowsy/K0586.png
0.277844,0.297405,0.287624,0.034798,10.124649,-8.278874,-1.47957,Drowsy,Drowsy/K0590.png
0.267556,0.297405,0.28248,0.018519,8.687072,-8.102013,-1.096036,Drowsy,Drowsy/K0594.png
0.135085,0.215946,0.175516,0.027268,6.139451,-8.685002,-0.921786,Drowsy,Drowsy/K0600.png
0.277844,0.279682,0.278763,0.028302,6.461298,-8.47687,-0.659991,Drowsy,Drowsy/K0604.png
0.278009,0.290669,0.284339,0.037736,7.306315,-7.490238,-0.384906,Drowsy,Drowsy/K0609.png
0.295132,0.297405,0.296268,0.028846,7.575809,-7.488495,-0.173997,Drowsy,Drowsy/K0613.png
0.271808,0.292287,0.282047,0.032204,8.345633,-7.17102,-0.114208,Drowsy,Drowsy/K0622.png
0.285294,0.297405,0.291349,0.009432,5.275664,-7.261596,0.184692,Drowsy,Drowsy/K0626.png
0.294757,0.288111,0.291434,0.042437,6.046096,-6.306838,0.486118,Drowsy,Drowsy/K0631.png
0.268742,0.262219,0.265481,0.027778,7.782671,-7.497009,-0.363056,Drowsy,Drowsy/K0635.png
0.209253,0.23135,0.220302,0.018506,11.58284,-8.070856,-2.647491,Drowsy,Drowsy/K0640.png
0.276091,0.285406,0.280749,0.03221,7.308498,-5.802972,-0.823452,Drowsy,Drowsy/K0644.png
0.258772,0.23472,0.246746,0.008332,3.880695,-3.935546,-0.651118,Drowsy,Drowsy/L0028.png
0.271657,0.239054,0.255355,0.025858,3.120365,-4.7558,-0.324784,Drowsy,Drowsy/L0032.png
0.277844,0.255706,0.266775,0.008475,5.831214,-9.015248,-2.153789,Drowsy,Drowsy/L0037.png
0.24383,0.231471,0.23765,0.0,6.675495,-7.59507,-1.470647,Drowsy,Drowsy/L0041.png
0.190969,0.174349,0.182659,0.0,6.394012,-7.926804,-0.712699,Drowsy,Drowsy/L0046.png
0.219231,0.23135,0.22529,0.0,6.097608,-7.727951,-0.668292,Drowsy,Drowsy/L0050.png
0.202646,0.206674,0.20466,0.0,5.634713,-7.860245,-1.065586,Drowsy,Drowsy/L0054.png
0.24388,0.234563,0.239221,0.018182,6.780361,-7.400941,-1.407044,Drowsy,Drowsy/L0059.png
0.235702,0.274874,0.255288,0.0,7.055113,-7.182848,-1.592987,Drowsy,Drowsy/L0063.png
0.24383,0.28118,0.262505,0.0,9.59725,-6.766324,-1.979034,Drowsy,Drowsy/L0069.png
0.166574,0.196116,0.181345,0.008619,7.496072,-6.883516,-1.375752,Drowsy,Drowsy/L0073.png
0.235571,0.235571,0.235571,0.008771,8.107707,-6.612411,-1.981422,Drowsy,Drowsy/L0078.png
0.151314,0.196218,0.173766,0.016947,8.223079,-7.423544,-2.063959,Drowsy,Drowsy/L0082.png
0.184574,0.228099,0.206336,0.008473,10.247503,-6.528855,-2.108194,Drowsy,Drowsy/L0087.png
0.243685,0.222715,0.2332,0.0,9.880781,-6.349911,-2.223312,Drowsy,Drowsy/L0091.png
0.260764,0.243959,0.252362,0.008473,10.800045,-6.799861,-2.305033,Drowsy,Drowsy/L0096.png
0.255146,0.220863,0.238005,0.0,9.691451,-6.500005,-2.149036,Drowsy,Drowsy/L0100.png
0.243685,0.250294,0.24699,0.0,11.292543,-6.23001,-2.547098,Drowsy,Drowsy/L0105.png
0.252082,0.23135,0.241716,0.008771,8.344467,-6.112357,-1.962721,Drowsy,Drowsy/L0109.png
0.243685,0.235571,0.239628,0.008771,7.9281,-8.349032,-1.977752,Drowsy,Drowsy/L0114.png
0.250482,0.22798,0.239231,0.0,9.185896,-10.890953,-3.165966,Drowsy,Drowsy/L0118.png
0.268147,0.250425,0.259286,0.008473,5.79817,-8.868173,-1.784921,Drowsy,Drowsy/L0123.png
0.284662,0.265869,0.275265,0.008619,8.333646,-8.340415,-2.368209,Drowsy,Drowsy/L0128.png
0.275947,0.265869,0.270908,0.0,9.188431,-7.857583,-2.763529,Drowsy,Drowsy/L0134.png
0.2882,0.271808,0.280004,0.012625,9.719371,-7.476819,-2.619754,Drowsy,Drowsy/L0139.png
0.305477,0.271808,0.288643,0.008929,11.383289,-7.416476,-2.593164,Drowsy,Drowsy/L0145.png
0.294432,0.294757,0.294595,0.008772,7.564996,-8.259161,-2.238931,Drowsy,Drowsy/L0150.png
0.042371,0.014681,0.028526,0.0,7.128094,-8.654869,-2.070967,Drowsy,Drowsy/L0154.png
0.242605,0.215083,0.228844,0.008609,4.144025,-8.443006,0.95065,Drowsy,Drowsy/L0159.png
0.109162,0.09839,0.103776,0.008916,3.97504,-7.419663,0.351178,Drowsy,Drowsy/L0167.png
0.235702,0.23472,0.235211,0.0,6.94917,-7.299461,-0.131642,Drowsy,Drowsy/L0172.png
0.259692,0.226242,0.242967,0.008893,3.370241,-7.994932,2.088224,Drowsy,Drowsy/L0176.png
0.280979,0.274265,0.277622,0.008767,8.961066,-1.962805,-0.385486,Drowsy,Drowsy/L0181.png
0.296788,0.296788,0.296788,0.0,3.873454,-2.557857,0.010286,Drowsy,Drowsy/L0185.png
0.29725,0.265869,0.281559,0.008473,3.185464,-2.495476,-0.286089,Drowsy,Drowsy/L0190.png
0.281013,0.247287,0.26415,0.008923,-36.896071,7.280448,-3.32505,Drowsy,Drowsy/L0194.png
0.18595,0.179406,0.182678,0.15452,4.302048,-9.950495,-1.112615,Drowsy,Drowsy/L0199.png
0.260764,0.230257,0.245511,0.017544,8.402816,-8.330111,-2.821727,Drowsy,Drowsy/L0203.png
0.24388,0.219109,0.231494,0.016949,8.765225,-6.778414,-2.508889,Drowsy,Drowsy/L0208.png
0.252222,0.239054,0.245638,0.008767,2.415415,-8.041714,0.067443,Drowsy,Drowsy/L0212.png
0.292131,0.285546,0.288838,0.016939,5.040812,-7.245291,-0.64794,Drowsy,Drowsy/L0217.png
0.260073,0.247329,0.253701,0.00847,-0.240404,-7.567566,0.531055,Drowsy,Drowsy/L0224.png
0.259938,0.271808,0.265873,0.0,-0.461708,-7.177232,0.354632,Drowsy,Drowsy/L0229.png
0.260919,0.247434,0.254177,0.009085,2.227915,-8.575292,-0.084341,Drowsy,Drowsy/L0234.png
0.079616,0.112378,0.095997,0.056773,1.460786,-15.475814,-1.517542,Drowsy,Drowsy/L0238.png
0.283923,0.286299,0.285111,0.009077,11.45548,-5.3845,-5.213959,Drowsy,Drowsy/L0243.png
0.264366,0.25097,0.257668,0.020784,7.356336,-4.918087,-4.432739,Drowsy,Drowsy/L0247.png
0.258199,0.238678,0.248438,0.00847,8.759031,-5.065787,-4.322809,Drowsy,Drowsy/L0252.png
0.274721,0.258863,0.266792,0.020448,10.223102,-4.443131,-4.880965,Drowsy,Drowsy/L0256.png
0.28797,0.282123,0.285046,0.008329,10.159837,-3.751521,-4.83849,Drowsy,Drowsy/L0261.png
0.265869,0.267943,0.266906,0.011969,9.244089,-4.633391,-4.787955,Drowsy,Drowsy/L0265.png
0.265571,0.252852,0.259212,0.0,10.053652,-4.121608,-4.813816,Drowsy,Drowsy/L0272.png
0.265869,0.234632,0.25025,0.008464,10.944345,-3.875195,-5.006227,Drowsy,Drowsy/L0277.png
0.281559,0.265398,0.273479,0.0,9.683362,-4.287533,-4.617492,Drowsy,Drowsy/L0284.png
0.274385,0.227038,0.250712,0.008323,7.378586,-4.75212,-4.228689,Drowsy,Drowsy/L0288.png
0.274721,0.257934,0.266328,0.016939,8.879787,-3.833164,-4.407583,Drowsy,Drowsy/L0293.png
0.141421,0.113612,0.127517,0.01752,10.491917,-4.568444,-4.699445,Drowsy,Drowsy/L0297.png
0.290934,0.276764,0.283849,0.0,12.556663,-3.613138,-5.060342,Drowsy,Drowsy/L0301.png
0.321238,0.289707,0.305473,0.0,10.171401,-4.296127,-5.285965,Drowsy,Drowsy/L0306.png
0.267536,0.229567,0.248552,0.00876,15.059974,-3.35773,-5.902178,Drowsy,Drowsy/L0310.png
0.173869,0.168749,0.171309,0.008616,9.961285,-3.752385,-4.981811,Drowsy,Drowsy/L0315.png
0.25097,0.267536,0.259253,0.020413,-2.167932,-5.091571,3.325997,Drowsy,Drowsy/L0320.png
0.224005,0.217626,0.220815,0.721312,5.234502,-11.565468,3.695519,Drowsy,Drowsy/L0325.png
0.241434,0.224755,0.233094,0.007998,1.217544,-9.864719,4.982066,Drowsy,Drowsy/L0329.png
0.217369,0.177931,0.19765,0.008738,3.225639,-8.974162,3.746014,Drowsy,Drowsy/L0334.png
0.251045,0.241466,0.246256,0.0,4.542155,-8.824216,2.580289,Drowsy,Drowsy/L0339.png
0.233998,0.241466,0.237732,0.0,7.154684,-7.683764,2.709615,Drowsy,Drowsy/L0350.png
0.268955,0.242133,0.255544,0.020763,7.777582,-8.084348,1.778322,Drowsy,Drowsy/L0366.png
0.25954,0.24926,0.2544,0.017178,7.39809,-7.989934,1.980022,Drowsy,Drowsy/L0379.png
0.266519,0.24926,0.257889,0.0,5.21725,-8.085737,2.399386,Drowsy,Drowsy/L0390.png
0.224005,0.226242,0.225124,0.016889,8.132513,-8.139586,1.691579,Drowsy,Drowsy/L0395.png
0.234388,0.203069,0.218728,0.0,7.934561,-7.242159,1.951048,Drowsy,Drowsy/L0399.png
0.191362,0.168313,0.179838,0.0,9.931037,-7.927468,1.086687,Drowsy,Drowsy/L0404.png
0.241379,0.226242,0.233811,0.0086,8.911397,-8.247164,1.111397,Drowsy,Drowsy/L0408.png
0.213741,0.18471,0.199225,0.0086,9.493985,-8.097511,1.758401,Drowsy,Drowsy/L0412.png
0.231995,0.168749,0.200372,0.0,12.309009,-7.353584,1.097531,Drowsy,Drowsy/L0417.png
0.191082,0.209772,0.200427,0.0,9.785087,-8.611466,1.306878,Drowsy,Drowsy/L0426.png
0.232143,0.172287,0.202215,0.0086,10.295131,-8.365131,1.396868,Drowsy,Drowsy/L0435.png
0.224005,0.203069,0.213537,0.011942,11.970089,-7.173438,1.339959,Drowsy,Drowsy/L0439.png
0.233472,0.226242,0.229857,0.00875,10.646166,-7.402781,1.302888,Drowsy,Drowsy/L0444.png
0.160956,0.136526,0.148741,0.011848,4.139309,-8.478087,6.160904,Drowsy,Drowsy/L0449.png
0.166298,0.17602,0.171159,0.008241,3.639621,-9.172708,5.418483,Drowsy,Drowsy/L0454.png
0.224829,0.208969,0.216899,0.016831,6.52067,-7.07859,3.822241,Drowsy,Drowsy/L0458.png
0.21677,0.182736,0.199753,0.012337,5.24181,-6.409742,3.925605,Drowsy,Drowsy/L0463.png
0.268147,0.258199,0.263173,0.025366,2.192914,-4.849452,2.259234,Drowsy,Drowsy/L0472.png
0.251455,0.279058,0.265256,0.0,-0.086195,-4.656285,2.118305,Drowsy,Drowsy/L0477.png
0.237999,0.203912,0.220956,0.025801,3.326932,-4.593416,1.960396,Drowsy,Drowsy/L0481.png
0.166574,0.20234,0.184457,0.501281,8.732303,-15.537603,0.197506,Drowsy,Drowsy/L0486.png
0.234518,0.194193,0.214356,0.0,4.307812,-9.735533,2.358809,Drowsy,Drowsy/L0490.png
0.252082,0.241466,0.246774,0.0,4.200685,-8.848651,1.656175,Drowsy,Drowsy/L0494.png
0.183333,0.159166,0.17125,0.0,6.176189,-7.472242,1.511667,Drowsy,Drowsy/L0501.png
0.208323,0.168313,0.188318,0.0,7.945891,-8.700117,0.86725,Drowsy,Drowsy/L0521.png
0.275208,0.240542,0.257875,0.016831,1.846344,-9.999846,4.600607,Drowsy,Drowsy/L0526.png
0.273275,0.236176,0.254725,0.00864,-4.760369,-9.937328,9.130897,Drowsy,Drowsy/L0535.png
0.288842,0.258795,0.273818,0.008331,1.860774,-9.390096,8.03733,Drowsy,Drowsy/L0540.png
0.264062,0.234097,0.249079,0.00864,-0.522656,-9.049249,8.59027,Drowsy,Drowsy/L0544.png
0.258467,0.221507,0.239987,0.008378,3.624672,-9.654444,6.837413,Drowsy,Drowsy/L0549.png
0.240098,0.222341,0.23122,0.008519,3.089445,-10.075814,6.587048,Drowsy,Drowsy/L0553.png
0.206406,0.213565,0.209986,0.0,3.358064,-10.258209,6.657929,Drowsy,Drowsy/L0558.png
0.248759,0.226261,0.23751,0.00822,3.460112,-9.886363,6.45957,Drowsy,Drowsy/L0562.png
0.273275,0.229698,0.251487,0.0,2.980171,-9.544235,6.801114,Drowsy,Drowsy/L0567.png
0.240807,0.227827,0.234317,0.0,6.186587,-9.36751,6.264129,Drowsy,Drowsy/L0571.png
0.290354,0.272097,0.281225,0.017579,8.328936,-8.127117,6.255205,Drowsy,Drowsy/L0576.png
0.310562,0.257316,0.283939,0.00826,12.040283,-9.351362,4.210945,Drowsy,Drowsy/L0581.png
0.273275,0.216135,0.244705,0.017413,14.823995,-5.894147,3.119174,Drowsy,Drowsy/L0586.png
0.310597,0.275041,0.292819,0.009018,17.778126,-5.199018,2.807775,Drowsy,Drowsy/L0592.png
0.298511,0.250547,0.274529,0.019942,11.880711,-7.105582,3.333173,Drowsy,Drowsy/L0597.png
0.265343,0.223798,0.244571,0.008687,12.973485,-6.178478,3.53702,Drowsy,Drowsy/L0602.png
0.266076,0.223763,0.244919,0.008687,14.971068,-7.143494,2.856036,Drowsy,Drowsy/L0606.png
0.276279,0.247033,0.261656,0.009018,15.995241,-7.07178,2.708237,Drowsy,Drowsy/L0611.png
0.232175,0.20234,0.217258,0.008559,12.739561,-6.825157,3.225445,Drowsy,Drowsy/L0615.png
0.275208,0.252599,0.263904,0.008839,13.360782,-6.879464,3.44562,Drowsy,Drowsy/L0621.png
0.101797,0.082904,0.092351,0.0,11.870528,-6.860142,4.035148,Drowsy,Drowsy/L0633.png
0.240098,0.223763,0.23193,0.008707,12.406954,-7.051434,3.206995,Drowsy,Drowsy/L0642.png
0.249792,0.224776,0.237284,0.0,11.791794,-7.252571,3.41691,Drowsy,Drowsy/L0646.png
0.06663,0.082904,0.074767,0.008559,12.539512,-6.796565,3.775372,Drowsy,Drowsy/L0651.png
0.240807,0.177063,0.208935,0.008559,11.849581,-7.383024,3.831203,Drowsy,Drowsy/L0655.png
0.240807,0.20795,0.224379,0.0,11.879138,-8.105165,3.86415,Drowsy,Drowsy/L0660.png
0.206406,0.180771,0.193589,0.008277,11.546517,-8.003396,3.549226,Drowsy,Drowsy/L0664.png
0.223607,0.193555,0.208581,0.0,12.083146,-8.186278,3.515143,Drowsy,Drowsy/L0669.png
0.232817,0.195273,0.214045,0.0,11.393533,-8.838329,3.515278,Drowsy,Drowsy/L0677.png
0.201268,0.186457,0.193862,0.016795,11.505544,-8.403267,3.762894,Drowsy,Drowsy/L0682.png
0.259079,0.21663,0.237855,0.0,11.947657,-9.423061,3.228411,Drowsy,Drowsy/L0686.png
0.232817,0.195273,0.214045,0.0,11.744542,-8.492891,3.1934,Drowsy,Drowsy/L0690.png
0.233354,0.210931,0.222143,0.0,13.515728,-7.812495,3.232722,Drowsy,Drowsy/L0695.png
0.266076,0.224776,0.245426,0.02443,11.040919,-9.019236,3.726061,Drowsy,Drowsy/L0699.png
0.25954,0.200301,0.22992,0.011901,14.097708,-8.872042,3.257391,Drowsy,Drowsy/L0704.png
0.240807,0.210931,0.225869,0.008416,12.386983,-8.721421,3.423499,Drowsy,Drowsy/L0708.png
0.258008,0.192566,0.225287,0.020702,14.279267,-8.713846,2.961585,Drowsy,Drowsy/L0713.png
0.2082,0.186457,0.197328,0.008416,12.001965,-9.746941,3.168233,Drowsy,Drowsy/L0717.png
0.206774,0.1819,0.194337,0.0,12.277986,-9.630536,3.290468,Drowsy,Drowsy/L0726.png
0.182927,0.166987,0.174957,0.008559,14.122584,-8.875451,2.622719,Drowsy,Drowsy/L0730.png
0.206774,0.186457,0.196615,0.0,15.510213,-9.50401,2.597273,Drowsy,Drowsy/L0735.png
0.206774,0.201415,0.204094,0.019983,12.36413,-9.348275,3.380956,Drowsy,Drowsy/L0740.png
0.206774,0.180771,0.193772,0.016831,12.049871,-9.056971,3.421483,Drowsy,Drowsy/L0745.png
0.206406,0.20234,0.204373,0.008559,13.851133,-8.542947,2.943808,Drowsy,Drowsy/L0749.png
0.242461,0.201415,0.221938,0.008416,13.267817,-9.323251,2.991511,Drowsy,Drowsy/L0755.png
0.241236,0.224776,0.233006,0.016287,13.092494,-9.436732,3.374142,Drowsy,Drowsy/L0759.png
0.201268,0.201415,0.201341,0.0,10.857582,-9.864136,3.358591,Drowsy,Drowsy/L0764.png
0.231995,0.19345,0.212722,0.025676,13.882641,-9.656023,2.951222,Drowsy,Drowsy/L0768.png
0.250839,0.222739,0.236789,0.008559,16.496358,-9.095166,3.014368,Drowsy,Drowsy/L0772.png
0.20783,0.201415,0.204622,0.008416,12.496645,-8.565449,3.684843,Drowsy,Drowsy/L0780.png
0.239077,0.198956,0.219017,0.0,7.44561,-5.3385,6.786177,Drowsy,Drowsy/L0792.png
0.248981,0.198814,0.223897,0.0,5.514408,-5.946553,6.039213,Drowsy,Drowsy/L0797.png
0.248577,0.231153,0.239865,0.008687,7.828497,-8.000426,5.127902,Drowsy,Drowsy/L0801.png
0.190629,0.127911,0.15927,0.008665,7.17778,-6.501701,5.841789,Drowsy,Drowsy/L0807.png
0.256195,0.20795,0.232073,0.008665,6.548197,-6.744183,5.884411,Drowsy,Drowsy/L0811.png
0.16584,0.097129,0.131484,0.0,8.003018,-6.349601,5.833361,Drowsy,Drowsy/L0816.png
0.240098,0.212995,0.226546,0.008665,8.716652,-7.689419,5.523854,Drowsy,Drowsy/L0822.png
0.222948,0.183305,0.203127,0.0,8.378316,-7.856242,5.772446,Drowsy,Drowsy/L0828.png
0.241317,0.183305,0.212311,0.008519,9.158686,-6.988415,5.337039,Drowsy,Drowsy/L0832.png
0.231553,0.208477,0.220015,0.0,11.542363,-8.727182,4.606785,Drowsy,Drowsy/L0841.png
0.232817,0.21663,0.224723,0.0,11.0136,-9.078873,3.868214,Drowsy,Drowsy/L0845.png
0.258008,0.247229,0.252619,0.01652,10.678565,-8.974026,3.86753,Drowsy,Drowsy/L0850.png
0.249446,0.224776,0.237111,0.011287,8.668631,-9.638748,4.731734,Drowsy,Drowsy/L0854.png
0.111244,0.097482,0.104363,0.015962,7.897335,-7.848483,4.854405,Drowsy,Drowsy/L0859.png
0.199007,0.208052,0.20353,0.020049,2.928903,-13.151233,9.581746,Drowsy,Drowsy/L0863.png
0.133333,0.120892,0.127113,0.008724,5.978354,-8.449283,3.852364,Drowsy,Drowsy/L0867.png
0.161206,0.171499,0.166353,0.008292,5.449472,-8.929831,3.981847,Drowsy,Drowsy/L0872.png
0.199889,0.182607,0.191248,0.008724,3.890966,-8.814667,4.352872,Drowsy,Drowsy/L0876.png
0.214149,0.208969,0.211559,0.01708,8.347655,-9.053925,3.87761,Drowsy,Drowsy/L0881.png
0.242461,0.232363,0.237412,0.008559,2.052473,-9.70514,4.895343,Drowsy,Drowsy/L0885.png
0.216546,0.186457,0.201502,0.0,4.551135,-9.029097,4.320961,Drowsy,Drowsy/L0890.png
0.281559,0.275518,0.278539,0.012627,-0.278568,-2.949164,-0.667226,Drowsy,Drowsy/L0894.png
0.03014,0.042491,0.036316,0.006397,3.773083,-25.968111,3.877134,Drowsy,Drowsy/M0005.png
0.066096,0.09006,0.078078,0.025589,5.333322,-22.498946,3.313538,Drowsy,Drowsy/M0010.png
0.036155,0.052158,0.044157,0.019972,3.34781,-24.940896,3.247667,Drowsy,Drowsy/M0015.png
0.030028,0.037844,0.033936,0.019694,4.295224,-24.4751,3.530612,Drowsy,Drowsy/M0019.png
0.227444,0.240561,0.234002,0.023881,5.425815,-15.173962,4.143431,Drowsy,Drowsy/M0024.png
0.194017,0.208258,0.201137,0.028978,6.203237,-17.115055,3.995494,Drowsy,Drowsy/M0028.png
0.184498,0.213633,0.199065,0.012633,5.602956,-16.035009,3.848966,Drowsy,Drowsy/M0033.png
0.025607,0.064615,0.045111,0.01296,4.058799,-24.004149,3.727906,Drowsy,Drowsy/M0037.png
0.0,0.042491,0.021246,0.021566,3.590581,-22.421961,3.847274,Drowsy,Drowsy/M0042.png
0.011875,0.048212,0.030043,0.023568,2.919264,-23.921671,3.870348,Drowsy,Drowsy/M0046.png
0.028668,0.049556,0.039112,0.006316,3.539841,-24.853872,4.129052,Drowsy,Drowsy/M0050.png
0.030093,0.052299,0.041196,0.022124,4.409374,-24.275578,3.838059,Drowsy,Drowsy/M0055.png
0.023199,0.041545,0.032372,0.012783,4.15997,-22.876996,4.018357,Drowsy,Drowsy/M0059.png
0.028004,0.049789,0.038897,0.012465,3.162513,-22.803786,3.847875,Drowsy,Drowsy/M0064.png
0.108503,0.136475,0.122489,0.021822,5.220628,-19.468011,4.52696,Drowsy,Drowsy/M0068.png
0.201556,0.207649,0.204603,0.025565,4.940409,-15.616157,4.613851,Drowsy,Drowsy/M0073.png
0.029363,0.056205,0.042784,0.008933,2.537471,-23.737557,3.997109,Drowsy,Drowsy/M0077.png
0.040438,0.072065,0.056252,0.02072,2.81575,-24.082527,4.436594,Drowsy,Drowsy/M0082.png
0.012163,0.052058,0.03211,0.018933,3.452768,-25.780188,4.183018,Drowsy,Drowsy/M0086.png
0.023783,0.042491,0.033137,0.015047,3.106985,-22.368177,4.557663,Drowsy,Drowsy/M0091.png
0.032067,0.041545,0.036806,0.019174,3.375263,-23.483145,4.290889,Drowsy,Drowsy/M0095.png
0.017656,0.042491,0.030073,0.021798,3.662901,-25.126715,4.400513,Drowsy,Drowsy/M0107.png
0.029407,0.042491,0.035949,0.015612,3.825536,-24.487972,4.751862,Drowsy,Drowsy/M0112.png
0.151035,0.183793,0.167414,0.028238,5.799019,-16.652247,4.649512,Drowsy,Drowsy/M0117.png
0.023783,0.041342,0.032562,0.019174,3.452491,-23.957697,4.893982,Drowsy,Drowsy/M0121.png
0.060957,0.079146,0.070052,0.012769,3.688387,-19.727895,4.993834,Drowsy,Drowsy/M0126.png
0.016831,0.05764,0.037236,0.021798,3.298842,-22.419603,4.869653,Drowsy,Drowsy/M0130.png
0.028042,0.022651,0.025347,0.006559,3.816882,-22.35502,5.324126,Drowsy,Drowsy/M0134.png
0.038481,0.04772,0.0431,0.021499,2.497776,-21.234644,5.483592,Drowsy,Drowsy/M0140.png
0.028065,0.031342,0.029703,0.015414,2.949553,-16.982513,5.524742,Drowsy,Drowsy/M0144.png
0.0116,0.042491,0.027045,0.019401,4.286946,-18.457188,4.614006,Drowsy,Drowsy/M0149.png
0.130744,0.155747,0.143246,0.027858,5.299991,-20.070649,4.991472,Drowsy,Drowsy/M0153.png
0.017656,0.028103,0.022879,0.022367,3.541924,-22.219543,4.914249,Drowsy,Drowsy/M0158.png
0.104623,0.145172,0.124897,0.018259,4.476173,-17.976822,4.538135,Drowsy,Drowsy/M0162.png
0.216332,0.220797,0.218565,0.022753,3.185346,-15.827903,-1.871343,Drowsy,Drowsy/M0167.png
0.195391,0.205736,0.200563,0.0262,5.720662,-9.365182,-2.63584,Drowsy,Drowsy/M0171.png
0.114704,0.111172,0.112938,0.025514,6.638395,-8.741356,-1.268882,Drowsy,Drowsy/M0176.png
0.185695,0.153846,0.169771,0.021884,5.888815,-10.715576,-0.926282,Drowsy,Drowsy/M0180.png
0.034401,0.071175,0.052788,0.022168,2.905425,-13.691212,0.105883,Drowsy,Drowsy/M0185.png
0.206091,0.183994,0.195043,0.012987,4.65374,-10.568025,0.177582,Drowsy,Drowsy/M0189.png
0.090615,0.076764,0.08369,0.018744,4.207438,-14.086949,0.073746,Drowsy,Drowsy/M0194.png
0.023156,0.060782,0.041969,0.021879,2.236905,-14.425924,0.640848,Drowsy,Drowsy/M0198.png
0.045572,0.057934,0.051753,0.021593,3.354323,-15.757133,1.676099,Drowsy,Drowsy/M0203.png
0.065522,0.106773,0.086148,0.021886,4.256547,-11.455693,-0.240454,Drowsy,Drowsy/M0207.png
0.135156,0.137505,0.13633,0.018949,4.655578,-12.371712,4.125872,Drowsy,Drowsy/M0211.png
0.239115,0.220427,0.229771,0.019474,6.179301,-7.993514,-1.095365,Drowsy,Drowsy/M0216.png
0.011628,0.082199,0.046914,0.020281,4.323875,-28.360407,9.520973,Drowsy,Drowsy/M0221.png
0.236168,0.212442,0.224305,0.026161,3.377851,-10.543649,-4.238445,Drowsy,Drowsy/M0229.png
0.029303,0.051522,0.040412,0.021108,3.642844,-8.394412,-1.949391,Drowsy,Drowsy/M0233.png
0.017482,0.011875,0.014678,0.014072,3.951707,-9.716523,-2.676226,Drowsy,Drowsy/M0238.png
0.072362,0.149321,0.110842,0.783817,2.247086,-19.444772,-3.240953,Drowsy,Drowsy/M0242.png
0.078182,0.144787,0.111484,0.929238,5.590164,-18.52057,-3.332146,Drowsy,Drowsy/M0247.png
0.025709,0.011361,0.018535,0.064146,1.122913,-35.39315,-10.454273,Drowsy,Drowsy/M0251.png
0.253963,0.211984,0.232973,0.01648,4.129303,-5.596606,-4.91202,Drowsy,Drowsy/M0256.png
0.069006,0.089479,0.079242,0.0,0.831445,-10.160441,-0.215606,Drowsy,Drowsy/M0260.png
0.063815,0.062502,0.063159,0.006666,2.856457,-13.276288,-0.859562,Drowsy,Drowsy/M0265.png
0.212429,0.190601,0.201515,0.02392,3.650453,-10.619112,-1.376487,Drowsy,Drowsy/M0269.png
0.202871,0.204425,0.203648,0.020082,2.839299,-15.983259,0.008762,Drowsy,Drowsy/M0274.png
0.075101,0.084147,0.079624,0.029796,1.523413,-20.866547,0.812061,Drowsy,Drowsy/M0278.png
0.17314,0.190014,0.181577,0.012496,2.651602,-14.003339,1.30431,Drowsy,Drowsy/M0283.png
0.170799,0.186145,0.178472,0.018071,3.188367,-13.552454,1.399373,Drowsy,Drowsy/M0287.png
0.174807,0.168576,0.171691,0.018287,3.470671,-18.097739,1.321189,Drowsy,Drowsy/M0291.png
0.076923,0.070967,0.073945,0.011901,0.686961,-23.306589,0.623365,Drowsy,Drowsy/M0296.png
0.184785,0.17867,0.181727,0.024383,2.77758,-16.061749,1.402038,Drowsy,Drowsy/M0300.png
0.154074,0.17867,0.166372,0.02724,2.589891,-15.66705,1.275962,Drowsy,Drowsy/M0305.png
0.172895,0.168576,0.170736,0.018067,3.149898,-17.831277,0.857043,Drowsy,Drowsy/M0309.png
0.148316,0.168172,0.158244,0.020544,1.115754,-18.257372,1.439318,Drowsy,Drowsy/M0325.png
0.039529,0.046655,0.043092,0.018287,1.617742,-20.873433,0.800011,Drowsy,Drowsy/M0330.png
0.177353,0.168172,0.172762,0.024388,2.044692,-17.580107,0.723808,Drowsy,Drowsy/M0335.png
0.139381,0.172121,0.155751,0.030862,3.633183,-18.704081,0.84594,Drowsy,Drowsy/M0339.png
0.052866,0.060953,0.056909,0.009065,2.830771,-22.172834,-0.316787,Drowsy,Drowsy/M0344.png
0.193837,0.172555,0.183196,0.006578,4.991692,-13.446532,0.022901,Drowsy,Drowsy/M0348.png
0.24281,0.209108,0.225959,0.02054,3.458213,-8.425255,1.848468,Drowsy,Drowsy/M0353.png
0.242536,0.21435,0.228443,0.023708,2.372242,-10.379503,-1.325466,Drowsy,Drowsy/M0357.png
0.231237,0.217959,0.224598,0.01973,3.027948,-11.825044,-1.081117,Drowsy,Drowsy/M0362.png
0.0231,0.044055,0.033577,0.021886,1.909727,-17.974145,-0.748824,Drowsy,Drowsy/M0366.png
0.133447,0.10714,0.120294,0.006944,6.084525,-15.438689,-1.059674,Drowsy,Drowsy/M0371.png
0.013339,0.034734,0.024037,0.013323,3.163525,-23.361786,-3.732913,Drowsy,Drowsy/M0375.png
0.250356,0.228957,0.239657,0.018986,2.88475,-15.356265,-0.504564,Drowsy,Drowsy/M0379.png
0.196116,0.204074,0.200095,0.018293,3.267789,-19.214427,-0.186627,Drowsy,Drowsy/M0384.png
0.028233,0.044173,0.036203,0.015474,4.080944,-20.701204,-2.346592,Drowsy,Drowsy/M0388.png
0.022173,0.060583,0.041378,0.012649,1.507644,-20.965605,2.073246,Drowsy,Drowsy/M0393.png
0.066733,0.114589,0.090661,0.01204,3.898649,-20.312029,-3.836145,Drowsy,Drowsy/M0397.png
0.042879,0.038708,0.040794,0.012977,4.350156,-20.301417,-3.740219,Drowsy,Drowsy/M0402.png
0.045276,0.061093,0.053185,0.008623,3.032423,-22.434002,-2.118554,Drowsy,Drowsy/M0406.png
0.044945,0.056687,0.050816,0.021593,3.622341,-21.68725,-3.576069,Drowsy,Drowsy/M0411.png
0.034964,0.047939,0.041452,0.006248,3.306152,-21.801579,-2.768317,Drowsy,Drowsy/M0415.png
0.052365,0.046883,0.049624,0.012657,3.72805,-20.885063,-2.577615,Drowsy,Drowsy/M0420.png
0.025343,0.036622,0.030983,0.006171,3.614877,-22.33371,-2.952453,Drowsy,Drowsy/M0424.png
0.108353,0.118294,0.113324,0.020317,2.695395,-17.284042,-0.855205,Drowsy,Drowsy/M0429.png
0.055745,0.070117,0.062931,0.020084,2.493809,-20.936662,-1.376419,Drowsy,Drowsy/M0433.png
0.052803,0.084508,0.068655,0.017646,3.186,-18.734989,-1.118829,Drowsy,Drowsy/M0438.png
0.052158,0.061203,0.05668,0.012819,4.375164,-20.658934,-2.85176,Drowsy,Drowsy/M0442.png
0.078446,0.069997,0.074222,0.023063,3.573357,-21.075038,-1.904143,Drowsy,Drowsy/M0447.png
0.090633,0.097727,0.09418,0.021609,3.155184,-24.365812,-2.483739,Drowsy,Drowsy/M0451.png
0.045844,0.069578,0.057711,0.012491,3.463635,-24.707725,-3.610434,Drowsy,Drowsy/M0455.png
0.024515,0.036688,0.030601,0.018963,4.107487,-22.56306,-4.021347,Drowsy,Drowsy/M0460.png
0.057036,0.071703,0.06437,0.017857,3.552379,-22.929529,-2.179464,Drowsy,Drowsy/M0464.png
0.035082,0.04427,0.039676,0.018071,1.879906,-24.4174,-2.496723,Drowsy,Drowsy/M0469.png
0.058661,0.062619,0.06064,0.02252,2.919228,-21.55994,-1.876148,Drowsy,Drowsy/M0473.png
0.083103,0.092094,0.087599,0.014369,2.515921,-19.257466,-1.15912,Drowsy,Drowsy/M0478.png
0.063582,0.069738,0.06666,0.006171,3.623653,-20.511925,-2.471092,Drowsy,Drowsy/M0482.png
0.093402,0.106974,0.100188,0.005808,1.99542,-15.927695,0.461476,Drowsy,Drowsy/M0487.png
0.035692,0.034012,0.034852,0.024213,4.115102,-23.992387,-3.999027,Drowsy,Drowsy/M0491.png
0.057166,0.081055,0.069111,0.023063,2.132242,-22.20001,-1.607041,Drowsy,Drowsy/M0496.png
0.025343,0.047939,0.036641,0.018974,3.419052,-22.700458,-3.261889,Drowsy,Drowsy/M0500.png
0.024515,0.022135,0.023325,0.021581,4.085612,-23.560869,-4.031558,Drowsy,Drowsy/M0505.png
0.05687,0.056585,0.056727,0.008621,3.334235,-21.590104,-2.424234,Drowsy,Drowsy/M0509.png
0.056668,0.046883,0.051775,0.02392,3.850631,-22.365863,-3.78867,Drowsy,Drowsy/M0514.png
0.023939,0.031304,0.027621,0.01971,3.344742,-21.974779,-3.92858,Drowsy,Drowsy/M0518.png
0.053868,0.069864,0.061866,0.006024,2.660618,-22.755424,-2.138319,Drowsy,Drowsy/M0522.png
0.085402,0.08651,0.085956,0.012649,4.310183,-20.413723,-4.149195,Drowsy,Drowsy/M0527.png
0.03032,0.049495,0.039908,0.029044,3.393101,-23.681139,-4.215029,Drowsy,Drowsy/M0531.png
0.05787,0.071346,0.064608,0.022444,3.830151,-21.855207,-3.362749,Drowsy,Drowsy/M0536.png
0.024515,0.033202,0.028858,0.008833,3.447081,-26.164648,-4.079974,Drowsy,Drowsy/M0540.png
0.070641,0.080757,0.075699,0.020817,1.96233,-23.368803,-2.91381,Drowsy,Drowsy/M0545.png
0.07943,0.059507,0.069469,0.00648,4.942317,-17.46895,-4.739835,Drowsy,Drowsy/M0549.png
0.046062,0.059881,0.052972,0.024841,3.137915,-21.926702,-3.92261,Drowsy,Drowsy/M0554.png
0.034669,0.055433,0.045051,0.01971,4.543447,-17.413876,-4.250219,Drowsy,Drowsy/M0558.png
0.051002,0.057313,0.054157,0.012187,4.542214,-18.247501,-4.116954,Drowsy,Drowsy/M0563.png
0.046062,0.049137,0.0476,0.012977,4.066264,-20.85195,-4.026438,Drowsy,Drowsy/M0567.png
0.041637,0.048026,0.044831,0.01971,4.571438,-20.128844,-4.935623,Drowsy,Drowsy/M0572.png
0.056433,0.038708,0.047571,0.02105,3.867323,-20.392196,-4.291259,Drowsy,Drowsy/M0576.png
0.034964,0.058526,0.046745,0.017852,2.794159,-20.776528,-2.941818,Drowsy,Drowsy/M0581.png
0.056433,0.04958,0.053007,0.03086,3.935817,-22.190693,-3.793846,Drowsy,Drowsy/M0585.png
0.058124,0.048087,0.053106,0.021332,3.440915,-23.01952,-3.93481,Drowsy,Drowsy/M0590.png
0.034669,0.036688,0.035679,0.018949,4.02467,-21.223064,-4.475837,Drowsy,Drowsy/M0594.png
0.054816,0.069864,0.06234,0.012484,3.900433,-19.762967,-4.674407,Drowsy,Drowsy/M0598.png
0.056668,0.04958,0.053124,0.018737,3.713431,-22.136478,-4.024361,Drowsy,Drowsy/M0603.png
0.080845,0.082703,0.081774,0.011905,2.748702,-17.803402,-2.477112,Drowsy,Drowsy/M0607.png
0.030592,0.027371,0.028981,0.01526,3.309785,-20.548323,-3.833134,Drowsy,Drowsy/M0612.png
0.056668,0.048087,0.052378,0.018506,4.19252,-19.610994,-4.128469,Drowsy,Drowsy/M0616.png
0.048214,0.046399,0.047306,0.025919,4.600305,-21.714745,-5.651013,Drowsy,Drowsy/M0621.png
0.057582,0.048087,0.052835,0.01971,4.954099,-21.037325,-5.331371,Drowsy,Drowsy/M0625.png
0.036418,0.034846,0.035632,0.022689,4.346396,-20.426903,-5.827313,Drowsy,Drowsy/M0630.png
0.0456,0.036764,0.041182,0.006559,4.919884,-19.570411,-6.538646,Drowsy,Drowsy/M0634.png
0.060634,0.047565,0.0541,0.03255,5.654508,-20.812234,-6.079391,Drowsy,Drowsy/M0639.png
0.012419,0.011352,0.011885,0.019401,5.65029,-18.597264,-7.51945,Drowsy,Drowsy/M0643.png
0.037139,0.034082,0.035611,0.01624,5.728679,-18.291054,-6.855447,Drowsy,Drowsy/M0648.png
0.037359,0.034082,0.03572,0.03205,5.692958,-18.743905,-6.886916,Drowsy,Drowsy/M0652.png
0.043445,0.033325,0.038385,0.016004,6.339259,-19.603035,-8.060818,Drowsy,Drowsy/M0657.png
0.03032,0.043478,0.036899,0.019401,5.722759,-15.838163,-7.400369,Drowsy,Drowsy/M0661.png
0.036214,0.05676,0.046487,0.018605,6.142898,-14.850487,-9.656769,Drowsy,Drowsy/M0666.png
0.059655,0.070204,0.064929,0.023778,7.276034,-15.627678,-8.470008,Drowsy,Drowsy/M0670.png
0.031272,0.023766,0.027519,0.015773,8.334329,-17.901553,-10.36713,Drowsy,Drowsy/M0674.png
0.064282,0.040462,0.052372,0.010185,10.792584,-10.120564,-14.014745,Drowsy,Drowsy/M0680.png
0.058001,0.050495,0.054248,0.032571,11.831233,-10.077216,-13.193875,Drowsy,Drowsy/M0684.png
0.088492,0.062502,0.075497,0.026163,8.843933,-15.001166,-13.342652,Drowsy,Drowsy/M0689.png
0.060434,0.047405,0.053919,0.015858,9.118594,-13.994652,-13.321387,Drowsy,Drowsy/M0693.png
0.081433,0.052885,0.067159,0.0,2.592759,-15.185917,-7.993521,Drowsy,Drowsy/M0698.png
0.188841,0.175921,0.182381,0.025847,1.555631,-9.137194,-2.037248,Drowsy,Drowsy/M0702.png
0.190749,0.180101,0.185425,0.019735,-2.937945,-6.576544,1.547129,Drowsy,Drowsy/M0707.png
0.134587,0.153597,0.144092,0.0,-1.97603,-9.75849,0.768654,Drowsy,Drowsy/M0711.png
0.198469,0.19827,0.198369,0.019481,6.954981,-8.995057,-0.847175,Drowsy,Drowsy/M0716.png
0.235994,0.236605,0.236299,0.015031,7.923413,-1.810785,-5.448327,Drowsy,Drowsy/M0720.png
0.21971,0.185276,0.202493,0.038091,8.642457,-9.799338,-4.354844,Drowsy,Drowsy/M0725.png
0.200528,0.217758,0.209143,0.020946,6.541641,-14.492243,7.29163,Drowsy,Drowsy/M0729.png
0.204516,0.173287,0.188901,0.006938,2.865648,-5.290888,-2.040197,Drowsy,Drowsy/M0734.png
0.04326,0.037395,0.040327,0.0,-2.593441,-10.3234,-0.746933,Drowsy,Drowsy/M0738.png
0.203429,0.193873,0.198651,0.041023,4.619541,-8.661827,0.874826,Drowsy,Drowsy/M0743.png
0.047498,0.071107,0.059302,0.015671,2.976981,-11.362868,0.21591,Drowsy,Drowsy/M0747.png
0.029303,0.024133,0.026718,0.006666,2.696301,-17.601921,0.420123,Drowsy,Drowsy/M0751.png
0.060953,0.046655,0.053804,0.00641,4.540163,-15.568878,0.696652,Drowsy,Drowsy/M0756.png
0.0,0.037467,0.018733,0.683675,3.674587,-20.633682,-2.758218,Drowsy,Drowsy/M0761.png
0.053868,0.080978,0.067423,1.014108,4.053347,-19.549924,-3.706947,Drowsy,Drowsy/M0766.png
0.123578,0.144787,0.134182,0.026561,4.554007,-19.643393,-3.904396,Drowsy,Drowsy/M0770.png
0.19151,0.218169,0.204839,0.059837,7.110542,-8.388561,15.886146,Drowsy,Drowsy/M0778.png
0.197006,0.21647,0.206738,0.033108,5.776298,-9.05255,15.346226,Drowsy,Drowsy/M0782.png
0.179201,0.184083,0.181642,0.024275,5.045197,-12.797638,14.108126,Drowsy,Drowsy/M0792.png
0.160702,0.179898,0.1703,0.025565,6.054281,-11.525129,13.925443,Drowsy,Drowsy/M0796.png
0.177707,0.193722,0.185715,0.03477,6.251104,-14.453029,16.316161,Drowsy,Drowsy/M0802.png
0.198539,0.217384,0.207962,0.051712,6.308553,-13.100611,15.698013,Drowsy,Drowsy/M0809.png
0.011087,0.040609,0.025848,0.01879,5.207501,-16.311315,14.550866,Drowsy,Drowsy/M0816.png
0.153393,0.175701,0.164547,0.083694,-3.835974,-11.421016,5.800275,Drowsy,Drowsy/N0001.png
0.204058,0.209459,0.206758,0.068186,-4.168661,-10.191873,5.774714,Drowsy,Drowsy/N0006.png
0.204852,0.223205,0.214028,0.062424,-3.723644,-10.611242,5.900722,Drowsy,Drowsy/N0010.png
0.203463,0.200436,0.201949,0.006818,-1.198019,-9.980872,7.289844,Drowsy,Drowsy/N0015.png
0.221756,0.222609,0.222182,0.0,-2.333123,-9.257363,8.635049,Drowsy,Drowsy/N0019.png
0.190972,0.221822,0.206397,0.095467,-2.605153,-12.838929,9.361974,Drowsy,Drowsy/N0023.png
0.178934,0.207925,0.193429,0.124055,-2.189047,-11.969097,8.910428,Drowsy,Drowsy/N0028.png
0.139881,0.144229,0.142055,0.096556,-3.003976,-12.246786,8.388652,Drowsy,Drowsy/N0032.png
0.157625,0.169979,0.163802,0.118169,-2.163558,-13.958235,8.941481,Drowsy,Drowsy/N0037.png
0.113473,0.102621,0.108047,0.109206,-1.486856,-14.217902,9.071985,Drowsy,Drowsy/N0041.png
0.179838,0.194987,0.187412,0.118074,-1.73033,-12.608724,8.8402,Drowsy,Drowsy/N0046.png
0.228337,0.221579,0.224958,0.109973,-0.985551,-13.105545,8.834232,Drowsy,Drowsy/N0050.png
0.211959,0.23098,0.22147,0.105655,-1.440422,-15.454703,9.014199,Drowsy,Drowsy/N0055.png
0.184491,0.202548,0.193519,0.063761,-1.27812,-15.471388,8.665122,Drowsy,Drowsy/N0059.png
0.112185,0.128114,0.12015,0.087631,-0.572825,-18.22514,8.489365,Drowsy,Drowsy/N0064.png
0.186569,0.182191,0.18438,0.063761,-2.289469,-15.965269,8.487651,Drowsy,Drowsy/N0068.png
0.051522,0.081433,0.066477,0.095008,-1.486749,-18.961833,9.223007,Drowsy,Drowsy/N0073.png
0.061093,0.086686,0.073889,0.013804,-1.251911,-11.391732,8.038514,Drowsy,Drowsy/N0077.png
0.224719,0.216,0.22036,0.172894,-1.309374,-18.233819,4.540834,Drowsy,Drowsy/N0082.png
0.195359,0.202844,0.199102,0.091972,-0.676424,-17.320819,6.047316,Drowsy,Drowsy/N0086.png
0.214399,0.222751,0.218575,0.035222,-1.017643,-17.996947,6.539384,Drowsy,Drowsy/N0091.png
0.202864,0.21495,0.208907,0.046736,-1.617071,-18.665327,6.950641,Drowsy,Drowsy/N0095.png
0.137115,0.133321,0.135218,0.033634,-0.954758,-20.133297,6.836035,Drowsy,Drowsy/N0099.png
0.194956,0.210338,0.202647,0.059177,-1.677258,-18.481096,6.720248,Drowsy,Drowsy/N0104.png
0.212134,0.220909,0.216522,0.06649,-0.989397,-18.323579,6.841025,Drowsy,Drowsy/N0108.png
0.207093,0.207992,0.207542,0.0603,-1.500332,-18.036008,6.678868,Drowsy,Drowsy/N0113.png
0.175396,0.187794,0.181595,0.039827,-1.578285,-19.302613,6.827489,Drowsy,Drowsy/N0117.png
0.182818,0.183029,0.182924,0.039257,-1.15078,-19.295886,6.743294,Drowsy,Drowsy/N0122.png
0.158114,0.157777,0.157945,0.048406,-1.468471,-18.70274,6.841961,Drowsy,Drowsy/N0126.png
0.12608,0.140504,0.133292,0.061966,-0.85507,-20.869295,6.314997,Drowsy,Drowsy/N0131.png
0.134993,0.161256,0.148125,0.05974,-1.544011,-19.519452,6.795393,Drowsy,Drowsy/N0135.png
0.09513,0.078182,0.086656,0.053877,-0.898709,-21.3317,6.442531,Drowsy,Drowsy/N0140.png
0.124844,0.112129,0.118486,0.033189,-1.413408,-20.616432,6.580553,Drowsy,Drowsy/N0144.png
0.137115,0.137192,0.137153,0.067455,-1.290233,-19.357354,6.400997,Drowsy,Drowsy/N0149.png
0.149813,0.165013,0.157413,0.060737,-1.155006,-20.636927,6.756859,Drowsy,Drowsy/N0153.png
0.073521,0.050923,0.062222,0.05461,-1.458909,-22.014989,6.39067,Drowsy,Drowsy/N0158.png
0.11236,0.139851,0.126105,0.076105,-1.972221,-20.303305,6.875707,Drowsy,Drowsy/N0162.png
0.139598,0.140402,0.14,0.073016,-1.382045,-20.696999,6.635804,Drowsy,Drowsy/N0167.png
0.12465,0.120307,0.122478,0.067455,-2.661322,-19.293674,6.656737,Drowsy,Drowsy/N0171.png
0.05814,0.064727,0.061433,0.081549,-0.729028,-23.164383,6.279803,Drowsy,Drowsy/N0175.png
0.094429,0.095539,0.094984,0.081645,-1.21415,-21.667459,6.101278,Drowsy,Drowsy/N0180.png
0.062316,0.080141,0.071229,0.085935,-1.227212,-21.445527,6.616112,Drowsy,Drowsy/N0184.png
0.092213,0.076562,0.084387,0.095209,-1.061798,-21.078502,6.038269,Drowsy,Drowsy/N0189.png
0.087241,0.088289,0.087765,0.063407,-1.608498,-20.469588,6.25222,Drowsy,Drowsy/N0193.png
0.073084,0.085402,0.079243,0.104362,-1.872809,-20.586629,7.046247,Drowsy,Drowsy/N0198.png
0.149256,0.169394,0.159325,0.132556,-1.532567,-17.462744,8.222989,Drowsy,Drowsy/N0202.png
0.179457,0.201708,0.190582,0.149386,-0.060983,-17.492745,8.868437,Drowsy,Drowsy/N0207.png
0.169196,0.220711,0.194953,0.136612,-14.594235,-21.544365,12.266043,Drowsy,Drowsy/N0211.png
0.058526,0.081393,0.06996,0.089419,-6.821196,-21.446756,9.181813,Drowsy,Drowsy/N0216.png
0.178348,0.218986,0.198667,0.065125,-7.236931,-20.162185,9.883889,Drowsy,Drowsy/N0220.png
0.194568,0.209845,0.202207,0.078538,-7.438052,-18.770221,9.720388,Drowsy,Drowsy/N0225.png
0.186934,0.203964,0.195449,0.066021,-7.793396,-18.329141,9.867553,Drowsy,Drowsy/N0229.png
0.171197,0.188615,0.179906,0.112363,-7.687242,-19.172476,10.039303,Drowsy,Drowsy/N0234.png
0.12917,0.14689,0.13803,0.092872,-7.184139,-21.654894,10.307961,Drowsy,Drowsy/N0238.png
0.182335,0.218616,0.200475,0.078265,-7.852048,-17.468804,9.512574,Drowsy,Drowsy/N0243.png
0.202353,0.233238,0.217795,0.070876,-7.519346,-20.633997,8.694604,Drowsy,Drowsy/N0247.png
0.201733,0.210189,0.205961,0.081678,-7.467412,-20.273806,9.281898,Drowsy,Drowsy/N0251.png
0.132261,0.146866,0.139563,0.079394,-6.681209,-24.644366,9.757692,Drowsy,Drowsy/N0256.png
0.163153,0.193997,0.178575,0.051781,-7.198134,-21.990078,9.771192,Drowsy,Drowsy/N0260.png
0.178934,0.207835,0.193385,0.081639,-6.753162,-19.802063,9.585418,Drowsy,Drowsy/N0265.png
0.186304,0.218616,0.20246,0.113302,-7.19382,-19.964646,9.616975,Drowsy,Drowsy/N0269.png
0.125911,0.140929,0.13342,0.05106,-6.569161,-22.747904,9.84594,Drowsy,Drowsy/N0274.png
0.158792,0.205013,0.181902,0.064651,-7.109586,-21.202109,9.414448,Drowsy,Drowsy/N0278.png
0.174821,0.22219,0.198505,0.079356,-8.004446,-20.955585,9.784675,Drowsy,Drowsy/N0283.png
0.196116,0.176282,0.186199,0.127689,-1.083069,-9.70945,-5.641599,Drowsy,Drowsy/N0287.png
0.205646,0.2086,0.207123,0.143463,-2.152942,-18.266411,6.926379,Drowsy,Drowsy/N0293.png
0.209873,0.217581,0.213727,0.14673,-2.077219,-16.069981,4.733556,Drowsy,Drowsy/N0297.png
0.162931,0.175711,0.169321,0.0,-3.21301,-16.441273,4.882068,Drowsy,Drowsy/N0302.png
0.073521,0.078446,0.075984,0.0,-2.695192,-17.467801,5.115277,Drowsy,Drowsy/N0306.png
0.17451,0.187794,0.181152,0.012769,-2.919247,-17.544807,5.739793,Drowsy,Drowsy/N0317.png
0.200451,0.209181,0.204816,0.011166,-4.968361,-25.03773,-7.95071,Drowsy,Drowsy/N0321.png
0.238028,0.245119,0.241573,0.082013,-1.152909,-28.338193,-0.004239,Drowsy,Drowsy/N0331.png
0.205128,0.212091,0.20861,0.094154,-1.510306,-26.772538,1.171062,Drowsy,Drowsy/N0335.png
0.225,0.219385,0.222192,0.079514,-1.245014,-26.904829,1.315974,Drowsy,Drowsy/N0339.png
0.213212,0.211871,0.212542,0.083031,-1.811658,-26.188625,1.53614,Drowsy,Drowsy/N0344.png
0.213278,0.219385,0.216332,0.083031,-0.615705,-25.701854,1.52787,Drowsy,Drowsy/N0348.png
0.207255,0.233986,0.220621,0.065277,-1.892784,-26.184937,1.648731,Drowsy,Drowsy/N0353.png
0.200778,0.224921,0.21285,0.06505,-2.919192,-25.889261,2.224755,Drowsy,Drowsy/N0357.png
0.214286,0.228152,0.221219,0.092643,-1.717225,-26.216798,1.809986,Drowsy,Drowsy/N0362.png
0.202983,0.193762,0.198373,0.082322,-2.150734,-26.730557,2.249364,Drowsy,Drowsy/N0366.png
0.154718,0.18125,0.167984,0.064839,-1.299734,-28.733494,1.023122,Drowsy,Drowsy/N0371.png
0.210235,0.217581,0.213908,0.192251,-2.438182,-21.619207,2.840833,Drowsy,Drowsy/N0375.png
0.096274,0.109413,0.102843,1.188634,-4.490433,-20.886269,4.593215,Drowsy,Drowsy/N0380.png
0.130573,0.141933,0.136253,0.919948,-5.592344,-22.70371,6.231252,Drowsy,Drowsy/N0384.png
0.149813,0.159851,0.154832,0.164246,-3.486278,-14.938383,3.37033,Drowsy,Drowsy/N0389.png
0.144687,0.171729,0.158208,0.143,-2.562752,-16.113691,3.7418,Drowsy,Drowsy/N0393.png
0.075127,0.082199,0.078663,0.0,-3.767816,-16.128679,5.034677,Drowsy,Drowsy/N0398.png
0.166176,0.19574,0.180958,0.012948,-4.330546,-13.991474,4.686758,Drowsy,Drowsy/N0402.png
0.137115,0.153478,0.145297,0.0,-3.876831,-15.57128,5.268483,Drowsy,Drowsy/N0407.png
0.099875,0.113442,0.106659,0.0,-3.916491,-15.701882,5.687364,Drowsy,Drowsy/N0411.png
0.128037,0.144229,0.136133,0.006645,-3.477017,-17.845341,5.540379,Drowsy,Drowsy/N0415.png
0.170522,0.186697,0.178609,0.015834,-4.515521,-18.792666,5.492418,Drowsy,Drowsy/N0420.png
0.14061,0.17127,0.15594,0.0,-4.549338,-17.447562,5.973456,Drowsy,Drowsy/N0424.png
0.140841,0.172669,0.156755,0.006638,-4.411088,-17.631018,6.112314,Drowsy,Drowsy/N0429.png
0.115347,0.140293,0.12782,0.0,-4.254951,-19.713815,6.192986,Drowsy,Drowsy/N0433.png
0.14061,0.140293,0.140452,0.0,-5.032271,-17.596776,6.506138,Drowsy,Drowsy/N0438.png
0.085264,0.109998,0.097631,0.0,-4.310529,-18.694667,6.399012,Drowsy,Drowsy/N0442.png
0.060868,0.0822,0.071534,0.0,-4.41157,-17.729525,6.413272,Drowsy,Drowsy/N0447.png
0.179428,0.17542,0.177424,0.006248,-3.413371,-22.752975,1.175303,Drowsy,Drowsy/N0451.png
0.176556,0.190831,0.183694,0.006316,-4.93341,-18.760604,3.436829,Drowsy,Drowsy/N0456.png
0.192965,0.19574,0.194353,0.006474,-4.503991,-19.269613,4.106965,Drowsy,Drowsy/N0460.png
0.200216,0.198505,0.19936,0.129552,-4.475201,-18.663974,4.646072,Drowsy,Drowsy/N0465.png
0.180339,0.195217,0.187778,0.080897,-4.549571,-19.842614,4.245371,Drowsy,Drowsy/N0469.png
0.204524,0.203835,0.20418,0.088468,-5.199654,-19.3238,4.485773,Drowsy,Drowsy/N0474.png
0.194602,0.211507,0.203054,0.081202,-5.521968,-17.724365,4.617936,Drowsy,Drowsy/N0478.png
0.155571,0.190003,0.172787,0.099677,-5.283877,-19.237537,4.634284,Drowsy,Drowsy/N0483.png
0.120192,0.110523,0.115358,0.09702,-7.59969,-3.717785,2.855763,Drowsy,Drowsy/N0487.png
0.096704,0.107576,0.10214,0.095747,-3.587843,-24.049072,4.361287,Drowsy,Drowsy/N0491.png
0.069767,0.104862,0.087315,0.11856,-3.867393,-22.34635,4.444753,Drowsy,Drowsy/N0496.png
0.07336,0.08039,0.076875,0.08975,-3.523076,-23.231844,4.379195,Drowsy,Drowsy/N0500.png
0.147307,0.112131,0.129719,0.098446,-5.101263,-20.483045,4.670235,Drowsy,Drowsy/N0505.png
0.07336,0.08039,0.076875,0.117408,-4.284206,-21.417812,4.500921,Drowsy,Drowsy/N0509.png
0.096704,0.107576,0.10214,0.097926,-7.489315,-5.843334,3.008812,Drowsy,Drowsy/N0514.png
0.126198,0.137013,0.131606,0.123438,-4.722766,-20.475041,4.889059,Drowsy,Drowsy/N0518.png
0.08534,0.11079,0.098065,0.120004,-4.415116,-21.095877,4.638041,Drowsy,Drowsy/N0523.png
0.095211,0.080426,0.087818,0.127142,-4.040161,-21.998911,4.319776,Drowsy,Drowsy/N0527.png
0.094455,0.10597,0.100212,0.118458,-1.262946,37.052867,2.653154,Drowsy,Drowsy/N0532.png
0.047606,0.082524,0.065065,0.140996,-3.806103,-22.700657,4.319397,Drowsy,Drowsy/N0536.png
0.097561,0.082507,0.090034,0.122982,-3.841685,-24.549176,4.58872,Drowsy,Drowsy/N0541.png
0.097532,0.127333,0.112432,0.123669,-5.177383,-20.021571,4.681356,Drowsy,Drowsy/N0545.png
0.07334,0.078362,0.075851,0.128952,-3.608223,-22.028882,4.313961,Drowsy,Drowsy/N0550.png
0.073541,0.078362,0.075952,0.118345,-4.260265,-22.419099,4.537035,Drowsy,Drowsy/N0554.png
0.075271,0.067094,0.071182,0.137835,-4.5035,-21.801918,4.482826,Drowsy,Drowsy/N0559.png
0.045455,0.052365,0.04891,0.125141,-4.482133,-23.142472,5.012226,Drowsy,Drowsy/N0563.png
0.085265,0.082507,0.083886,0.100451,-4.292946,-20.706315,4.631865,Drowsy,Drowsy/N0567.png
0.061438,0.082507,0.071972,0.1253,-3.127475,-23.073932,4.202546,Drowsy,Drowsy/N0572.png
0.069749,0.085758,0.077753,0.169909,-4.261128,-22.452167,5.2028,Drowsy,Drowsy/N0576.png
0.07336,0.109301,0.091331,0.155046,0.01613,-17.243102,4.223865,Drowsy,Drowsy/N0581.png
0.062771,0.096739,0.079755,0.099908,-4.769443,-20.5495,4.767979,Drowsy,Drowsy/N0585.png
0.071429,0.087961,0.079695,0.134673,-7.814884,-5.630077,3.593715,Drowsy,Drowsy/N0590.png
0.072512,0.0822,0.077356,0.144549,-4.901448,-21.530406,5.19821,Drowsy,Drowsy/N0594.png
0.07336,0.055056,0.064208,0.103916,-4.552214,-23.710911,5.112202,Drowsy,Drowsy/N0599.png
0.071654,0.092578,0.082116,0.157693,-4.497537,-21.347431,4.792708,Drowsy,Drowsy/N0603.png
0.104108,0.130893,0.1175,0.125381,-5.487728,-20.276115,5.196173,Drowsy,Drowsy/N0608.png
0.034884,0.053677,0.04428,0.05739,-4.617111,-19.701067,4.946873,Drowsy,Drowsy/N0612.png
0.07336,0.107175,0.090268,0.013304,-3.327743,-24.22067,5.065294,Drowsy,Drowsy/N0617.png
0.071635,0.102931,0.087283,0.053215,-4.024646,-21.908928,5.244094,Drowsy,Drowsy/N0621.png
0.049243,0.082199,0.065721,0.042074,-4.32327,-24.088727,4.925251,Drowsy,Drowsy/N0626.png
0.071654,0.078362,0.075008,0.033707,-3.677438,-23.146247,4.817398,Drowsy,Drowsy/N0630.png
0.068164,0.065413,0.066789,0.035263,-5.239212,-23.439174,5.42473,Drowsy,Drowsy/N0634.png
0.099033,0.10597,0.102501,0.055523,-4.117302,-23.826965,5.06712,Drowsy,Drowsy/N0639.png
0.068182,0.065413,0.066798,0.02333,-5.103752,-22.932569,5.217801,Drowsy,Drowsy/N0643.png
0.068164,0.065413,0.066789,0.030958,-3.972811,-24.166704,4.721147,Drowsy,Drowsy/N0648.png
0.099969,0.105025,0.102497,0.033707,-4.19602,-21.960525,5.155779,Drowsy,Drowsy/N0652.png
0.197368,0.210104,0.203736,0.071423,-4.445235,-23.888228,1.148886,Drowsy,Drowsy/N0657.png
0.202983,0.206116,0.204549,0.049349,-2.929407,-26.139555,2.824686,Drowsy,Drowsy/N0661.png
0.175833,0.193864,0.184849,0.045739,-3.112845,-23.992493,2.539339,Drowsy,Drowsy/N0666.png
0.175,0.185824,0.180412,0.064272,-3.179473,-25.334305,2.409076,Drowsy,Drowsy/N0670.png
0.112432,0.108166,0.110299,0.073226,-3.646319,-26.910155,2.510975,Drowsy,Drowsy/N0675.png
0.07334,0.065838,0.069589,0.061856,-3.535258,-25.681092,2.589292,Drowsy,Drowsy/N0679.png
0.120192,0.088597,0.104395,0.059979,-3.216804,-27.242716,2.342941,Drowsy,Drowsy/N0684.png
0.101539,0.114135,0.107837,0.075209,-4.420422,-25.630965,2.78218,Drowsy,Drowsy/N0688.png
0.073277,0.068848,0.071063,0.077486,-3.471153,-25.315606,2.327182,Drowsy,Drowsy/N0693.png
0.08534,0.095334,0.090337,0.067543,-3.488406,-24.871862,2.531355,Drowsy,Drowsy/N0697.png
0.071348,0.054025,0.062686,0.068467,-3.536086,-25.675052,2.634293,Drowsy,Drowsy/N0702.png
0.092998,0.090615,0.091807,0.055534,0.055963,-16.031919,3.217079,Drowsy,Drowsy/N0706.png
0.097532,0.119066,0.108299,0.079936,-4.675507,-23.056797,3.001544,Drowsy,Drowsy/N0710.png
0.103672,0.086457,0.095064,0.038433,-3.466933,-23.906376,2.945263,Drowsy,Drowsy/N0715.png
0.081306,0.074597,0.077951,0.029405,-3.666458,-25.231122,2.675938,Drowsy,Drowsy/N0719.png
0.063836,0.064591,0.064213,0.086164,-3.290564,-21.204504,3.337016,Drowsy,Drowsy/N0724.png
0.060868,0.078591,0.06973,0.082965,-3.354074,-21.2844,3.231025,Drowsy,Drowsy/N0728.png
0.08331,0.113012,0.098161,0.083897,-4.559904,-19.553893,5.856025,Drowsy,Drowsy/N0733.png
0.07336,0.094687,0.084024,0.065504,-3.988791,-21.527694,5.250125,Drowsy,Drowsy/N0737.png
0.073171,0.080036,0.076603,0.07941,-58.206124,-4.539731,-8.469651,Drowsy,Drowsy/N0742.png
0.049257,0.066696,0.057976,0.051555,-4.706809,-19.401545,5.580778,Drowsy,Drowsy/N0746.png
0.07334,0.08009,0.076715,0.070249,11.915147,75.74473,7.27206,Drowsy,Drowsy/N0751.png
0.07515,0.084697,0.079923,0.071113,-3.649726,-19.397674,5.178409,Drowsy,Drowsy/N0755.png
0.034082,0.056668,0.045375,0.049744,-4.247272,-17.220126,4.577301,Drowsy,Drowsy/N0760.png
0.193446,0.198103,0.195774,0.129552,-3.832723,-28.64055,5.433556,Drowsy,Drowsy/N0764.png
0.154856,0.180955,0.167906,0.085834,-5.005193,-31.26648,4.311017,Drowsy,Drowsy/N0769.png
0.164218,0.167932,0.166075,0.065797,-4.218309,-29.874939,4.635918,Drowsy,Drowsy/N0773.png
0.126648,0.125174,0.125911,0.064975,-4.370949,-30.096886,4.694787,Drowsy,Drowsy/N0780.png
0.124366,0.137013,0.13069,0.081526,-4.400851,-29.599753,4.023548,Drowsy,Drowsy/N0784.png
0.147351,0.153826,0.150588,0.092557,-5.387389,-29.493,4.681724,Drowsy,Drowsy/N0788.png
0.123122,0.127302,0.125212,0.091907,-5.05228,-30.317799,4.469639,Drowsy,Drowsy/N0793.png
0.099062,0.111748,0.105405,0.074809,-4.663538,-30.716203,4.665555,Drowsy,Drowsy/N0797.png
0.100564,0.118243,0.109403,0.046924,-5.127146,-30.307422,4.81218,Drowsy,Drowsy/N0802.png
0.096704,0.097991,0.097348,0.067521,-5.919784,-29.311259,4.690365,Drowsy,Drowsy/N0806.png
0.096704,0.092924,0.094814,0.07302,-5.522545,-27.210355,4.573405,Drowsy,Drowsy/N0811.png
0.099062,0.110523,0.104793,0.0916,-4.26047,-27.65241,4.655159,Drowsy,Drowsy/N0815.png
0.105263,0.134691,0.119977,0.087638,-5.834341,-26.85244,4.735558,Drowsy,Drowsy/N0820.png
0.105118,0.148944,0.127031,0.109425,-5.341514,-23.982751,5.09939,Drowsy,Drowsy/N0824.png
0.124961,0.11079,0.117875,0.0,-2.335654,-13.994502,3.849841,Drowsy,Drowsy/N0829.png
0.101507,0.097182,0.099344,0.020736,-1.752919,-17.730178,6.305081,Drowsy,Drowsy/N0833.png
0.074977,0.075923,0.07545,0.021322,-1.232163,-18.220864,6.361735,Drowsy,Drowsy/N0838.png
0.048766,0.084365,0.066565,0.016687,-2.01149,-17.979381,6.449598,Drowsy,Drowsy/N0842.png
0.048766,0.084365,0.066565,0.007008,-1.978173,-18.536022,6.346452,Drowsy,Drowsy/N0847.png
0.140841,0.130804,0.135822,0.023306,-1.417902,-18.725481,6.158932,Drowsy,Drowsy/N0851.png
0.050429,0.066348,0.058389,0.126891,-1.298925,-19.201167,5.773527,Drowsy,Drowsy/N0856.png
0.128037,0.157152,0.142595,0.162769,-2.463269,-19.848294,6.111573,Drowsy,Drowsy/N0860.png
0.032601,0.074536,0.053568,0.128397,-1.230245,-21.358165,4.771888,Drowsy,Drowsy/N0864.png
0.097532,0.108914,0.103223,0.106985,-0.638786,-24.38727,5.776038,Drowsy,Drowsy/N0869.png
0.153393,0.167932,0.160663,0.107412,-2.338661,-19.726133,6.349628,Drowsy,Drowsy/N0873.png
0.162931,0.176153,0.169542,0.061895,-1.783658,-22.530875,6.595835,Drowsy,Drowsy/N0878.png
0.124844,0.130263,0.127553,0.047968,-1.413796,-25.211796,6.803013,Drowsy,Drowsy/N0882.png
0.079032,0.094687,0.08686,0.084962,-0.867723,-22.184446,6.87787,Drowsy,Drowsy/N0887.png
0.087241,0.087961,0.087601,0.063328,-0.950636,-24.05238,6.85276,Drowsy,Drowsy/N0891.png
0.124844,0.109998,0.117421,0.061895,-1.065247,-23.580552,6.702171,Drowsy,Drowsy/N0896.png
0.083239,0.089704,0.086472,0.063575,-1.264278,-22.695855,6.734147,Drowsy,Drowsy/N0900.png
0.046512,0.06902,0.057766,0.048406,-1.188776,-24.347622,6.947488,Drowsy,Drowsy/N0905.png
0.083192,0.079809,0.081501,0.041394,-1.159594,-25.127289,7.025246,Drowsy,Drowsy/N0909.png
0.116618,0.123016,0.119817,0.040851,-1.76273,-23.961417,7.38559,Drowsy,Drowsy/N0914.png
0.094429,0.095162,0.094796,0.047405,-0.207426,-26.021102,6.709489,Drowsy,Drowsy/N0918.png
0.051988,0.077522,0.064755,0.041892,-1.043497,-23.900684,7.570438,Drowsy,Drowsy/N0923.png
0.045455,0.079809,0.062632,0.060818,-0.795055,-26.955723,6.575695,Drowsy,Drowsy/N0927.png
0.042399,0.06576,0.05408,0.074869,-2.424941,-19.467869,8.78559,Drowsy,Drowsy/N0932.png
0.186975,0.187218,0.187096,0.0409,-0.229512,-21.244333,6.033756,Drowsy,Drowsy/N0936.png
0.167508,0.170685,0.169097,0.066291,-1.213795,-22.492445,6.947195,Drowsy,Drowsy/N0940.png
0.07334,0.088538,0.080939,0.040801,-0.307248,-24.119472,6.636847,Drowsy,Drowsy/N0945.png
0.060957,0.086063,0.07351,0.062469,-0.367012,-24.086281,6.43637,Drowsy,Drowsy/N0949.png
0.075127,0.100448,0.087788,0.048609,-0.378901,-23.909666,6.939258,Drowsy,Drowsy/N0954.png
0.086764,0.096373,0.091569,0.102233,-0.295493,-22.269559,6.581522,Drowsy,Drowsy/N0958.png
0.050415,0.056433,0.053424,0.048609,-1.210332,-23.183751,7.050891,Drowsy,Drowsy/N0963.png
0.034082,0.056433,0.045258,0.061895,-1.025352,-23.933816,7.086506,Drowsy,Drowsy/N0967.png
0.071635,0.106252,0.088943,0.060737,-0.409956,-25.617104,6.710131,Drowsy,Drowsy/N0972.png
0.147176,0.167759,0.157467,0.077532,-0.83032,-21.712825,5.118374,Drowsy,Drowsy/N0976.png
0.068164,0.089972,0.079068,0.072076,-0.540888,-24.947278,4.564124,Drowsy,Drowsy/N0981.png
0.059507,0.076434,0.06797,0.042521,0.909528,-26.743518,4.307432,Drowsy,Drowsy/N0985.png
0.034082,0.052705,0.043393,0.072194,-0.128727,-25.844565,4.803732,Drowsy,Drowsy/N0990.png
0.069767,0.083945,0.076856,0.060148,-0.053299,-25.048113,4.804469,Drowsy,Drowsy/N0994.png
0.062955,0.059688,0.061321,0.048134,-0.066518,-26.855338,4.723722,Drowsy,Drowsy/N0999.png
0.102564,0.058341,0.080453,0.069103,0.13579,-26.470267,5.298802,Drowsy,Drowsy/N1003.png
0.07334,0.081656,0.077498,0.080077,0.214443,-28.827237,5.035773,Drowsy,Drowsy/N1008.png
0.128163,0.13657,0.132366,0.047286,0.491264,-27.374576,4.796242,Drowsy,Drowsy/N1012.png
0.104108,0.109301,0.106704,0.076742,0.346764,-26.77061,5.423791,Drowsy,Drowsy/N1016.png
0.153796,0.153229,0.153512,0.068445,0.240355,-25.443657,5.194772,Drowsy,Drowsy/N1021.png
0.1,0.080426,0.090213,0.056616,0.302952,-26.857171,4.905681,Drowsy,Drowsy/N1025.png
0.079057,0.078085,0.078571,0.079421,0.104989,-27.861814,5.346992,Drowsy,Drowsy/N1030.png
0.063836,0.078182,0.071009,0.042059,1.39655,-39.739931,4.435323,Drowsy,Drowsy/N1034.png
0.071796,0.049641,0.060719,0.052123,-0.615776,-6.457074,0.202047,Drowsy,Drowsy/N1039.png
0.059507,0.050301,0.054904,0.042027,-0.176863,-9.128971,1.878733,Drowsy,Drowsy/N1043.png
0.174945,0.168418,0.171681,0.045439,-0.757089,-13.712166,2.69886,Drowsy,Drowsy/N1048.png
0.05814,0.053104,0.055622,0.046972,-0.798572,-10.27205,2.681607,Drowsy,Drowsy/N1052.png
0.046499,0.050202,0.048351,0.054888,0.016475,-10.678844,2.801225,Drowsy,Drowsy/N1057.png
0.081373,0.050301,0.065837,0.038449,-0.183794,-10.398556,2.211894,Drowsy,Drowsy/N1061.png
0.073171,0.072863,0.073017,0.04728,-0.1825,-12.030466,2.66613,Drowsy,Drowsy/N1066.png
0.071654,0.062053,0.066854,0.051944,-0.806969,-11.334035,2.795667,Drowsy,Drowsy/N1070.png
0.049243,0.057315,0.053279,0.077916,-0.335642,-9.348029,2.386086,Drowsy,Drowsy/N1075.png
0.038788,0.060623,0.049705,0.04429,-0.575679,-11.01556,2.575432,Drowsy,Drowsy/N1079.png
0.071429,0.054393,0.062911,0.066661,-1.107953,-11.109304,2.300317,Drowsy,Drowsy/N1084.png
0.071635,0.072863,0.072249,0.04048,-0.213933,-10.28291,2.482131,Drowsy,Drowsy/N1088.png
0.073541,0.064103,0.068822,0.032465,-0.802589,-9.75053,2.16592,Drowsy,Drowsy/N1092.png
0.069749,0.0613,0.065524,0.03333,-0.069039,-9.124969,2.465366,Drowsy,Drowsy/N1097.png
0.068164,0.042342,0.055253,0.052613,-0.367113,-9.639086,2.540599,Drowsy,Drowsy/N1101.png
0.011352,0.042161,0.026756,0.064913,0.295353,-10.732346,2.440838,Drowsy,Drowsy/N1106.png
0.049243,0.039529,0.044386,0.074409,-1.193435,-9.752631,2.409204,Drowsy,Drowsy/N1110.png
0.048125,0.050611,0.049368,0.065967,-0.154566,-9.790871,2.300253,Drowsy,Drowsy/N1115.png
0.046512,0.045461,0.045986,0.059205,-0.816812,-9.234201,2.55152,Drowsy,Drowsy/N1119.png
0.062754,0.053104,0.057929,0.05418,-0.397957,-9.566059,2.213421,Drowsy,Drowsy/N1124.png
0.045455,0.055903,0.050679,0.072343,-0.877665,-10.722473,2.851918,Drowsy,Drowsy/N1128.png
0.127475,0.076923,0.102199,0.066572,0.314651,-10.330724,2.990411,Drowsy,Drowsy/N1133.png
0.030178,0.025238,0.027708,0.016511,-2.596465,-6.750282,5.052507,Drowsy,Drowsy/N1137.png
0.190831,0.201036,0.195933,0.162252,-0.811743,-33.58913,8.927751,Drowsy,Drowsy/N1142.png
0.195671,0.211679,0.203675,0.079362,0.696387,-32.858448,9.371964,Drowsy,Drowsy/N1146.png
0.175412,0.198507,0.18696,0.107175,-0.578024,-32.878913,10.337934,Drowsy,Drowsy/N1151.png
0.076813,0.115814,0.096313,0.095305,-0.825796,-34.795974,9.900532,Drowsy,Drowsy/N1155.png
0.051598,0.086653,0.069126,0.067708,-0.184349,-31.971363,9.788539,Drowsy,Drowsy/N1160.png
0.028065,0.033436,0.03075,0.019972,-1.497857,-1.328879,5.30049,Drowsy,Drowsy/N1164.png
0.194068,0.190196,0.192132,0.011235,-0.52404,-11.896574,-1.298329,Drowsy,Drowsy/N1176.png
0.291184,0.260678,0.275931,0.024832,4.439516,-4.150024,-5.948809,Drowsy,Drowsy/O0003.png
0.291373,0.321407,0.30639,0.034462,3.149933,-1.834777,-3.319845,Drowsy,Drowsy/O0007.png
0.26477,0.262882,0.263826,0.044298,7.60306,-1.035493,-7.249999,Drowsy,Drowsy/O0012.png
0.275412,0.281613,0.278512,0.025994,4.812532,-2.081993,-8.522909,Drowsy,Drowsy/O0016.png
0.246083,0.241584,0.243834,0.032108,18.49514,-1.099982,-6.441393,Drowsy,Drowsy/O0021.png
0.263546,0.265376,0.264461,0.021061,13.471371,-0.503719,-7.212648,Drowsy,Drowsy/O0025.png
0.263546,0.244798,0.254172,0.036255,12.860298,-0.242621,-7.697251,Drowsy,Drowsy/O0030.png
0.250322,0.236751,0.243537,0.027803,8.81007,-0.850032,-7.683778,Drowsy,Drowsy/O0034.png
0.286953,0.311663,0.299308,0.035438,11.74328,3.783738,-8.696789,Drowsy,Drowsy/O0039.png
0.245904,0.254669,0.250287,0.033218,9.002657,-3.628791,-5.172612,Drowsy,Drowsy/O0043.png
0.288542,0.265866,0.277204,0.053255,15.830789,-2.843796,-9.478329,Drowsy,Drowsy/O0048.png
0.261202,0.258462,0.259832,0.035488,10.285038,-2.315525,-8.21801,Drowsy,Drowsy/O0052.png
0.274331,0.279775,0.277053,0.029085,10.216268,-1.718999,-8.534045,Drowsy,Drowsy/O0057.png
0.26673,0.272698,0.269714,0.033591,11.160852,-1.580713,-8.88605,Drowsy,Drowsy/O0061.png
0.161852,0.216057,0.188954,0.032524,9.163948,-3.349577,-9.138756,Drowsy,Drowsy/O0066.png
0.262613,0.281613,0.272113,0.048001,9.87872,-4.366134,-9.835002,Drowsy,Drowsy/O0070.png
0.294959,0.279775,0.287367,0.034658,11.831934,-3.392458,-9.740854,Drowsy,Drowsy/O0074.png
0.254772,0.261646,0.258209,0.023664,2.885017,-12.182162,7.112933,Drowsy,Drowsy/O0079.png
0.256865,0.261646,0.259255,0.036603,4.280068,-11.424098,5.67981,Drowsy,Drowsy/O0083.png
0.265971,0.257052,0.261512,0.04927,5.04917,-11.683338,4.529626,Drowsy,Drowsy/O0088.png
0.24081,0.26271,0.25176,0.027477,3.35736,-11.339398,4.604703,Drowsy,Drowsy/O0092.png
0.218324,0.250006,0.234165,0.040711,4.251902,-11.973985,4.84529,Drowsy,Drowsy/O0097.png
0.188426,0.250756,0.219591,0.053748,4.814164,-10.495839,3.780659,Drowsy,Drowsy/O0101.png
0.146995,0.195217,0.171106,0.022686,7.55382,-8.844903,2.996446,Drowsy,Drowsy/O0106.png
0.190587,0.243194,0.21689,0.023798,9.192318,-2.239724,-2.971358,Drowsy,Drowsy/O0110.png
0.278455,0.303926,0.29119,0.054817,9.475925,-5.356703,-11.341712,Drowsy,Drowsy/O0115.png
0.066646,0.11764,0.092143,0.033749,10.172383,-2.127998,-9.748846,Drowsy,Drowsy/O0119.png
0.203069,0.165733,0.184401,0.027659,15.875527,3.291028,-6.906119,Drowsy,Drowsy/O0124.png
0.35015,0.341146,0.345648,0.017201,10.913684,6.201204,-5.753889,Drowsy,Drowsy/O0128.png
0.301788,0.281984,0.291886,0.040636,9.508696,3.485331,-5.37201,Drowsy,Drowsy/O0133.png
0.039825,0.065585,0.052705,0.029324,10.357298,2.154786,-5.905014,Drowsy,Drowsy/O0137.png
0.196174,0.25067,0.223422,0.024165,7.117381,-2.298434,-3.663543,Drowsy,Drowsy/O0142.png
0.303505,0.282309,0.292907,0.146204,7.122857,-0.340684,-4.387686,Drowsy,Drowsy/O0146.png
0.279252,0.285097,0.282175,0.164746,11.026502,0.206161,-4.929279,Drowsy,Drowsy/O0150.png
0.291827,0.283011,0.287419,0.051852,10.361071,-0.979526,-4.579659,Drowsy,Drowsy/O0155.png
0.0274,0.052613,0.040007,0.031155,2.8131,-3.274203,-4.124676,Drowsy,Drowsy/O0159.png
0.269536,0.281613,0.275574,0.060652,9.534763,-2.626464,-9.730973,Drowsy,Drowsy/O0164.png
0.02863,0.041412,0.035021,0.040994,6.486289,-2.215049,-8.713985,Drowsy,Drowsy/O0168.png
0.114841,0.133393,0.124117,0.033539,6.640573,-2.634076,-9.423469,Drowsy,Drowsy/O0173.png
0.247388,0.24346,0.245424,0.035262,9.399844,-4.53238,-9.703573,Drowsy,Drowsy/O0177.png
0.329581,0.310383,0.319982,0.050972,8.283626,-1.963142,-9.443908,Drowsy,Drowsy/O0182.png
0.054905,0.068168,0.061537,0.026191,14.39236,-5.772428,-12.413539,Drowsy,Drowsy/O0191.png
0.07546,0.122702,0.099081,0.034722,12.098568,-3.966849,-11.14953,Drowsy,Drowsy/O0196.png
0.054905,0.082199,0.068552,0.127464,10.797601,-5.028312,-11.190376,Drowsy,Drowsy/O0200.png
0.119713,0.112066,0.11589,0.024914,11.994062,-4.85286,-11.517046,Drowsy,Drowsy/O0205.png
0.098773,0.112066,0.10542,0.036819,13.169092,-4.968229,-11.147149,Drowsy,Drowsy/O0209.png
0.254669,0.260364,0.257517,0.029551,-4.113708,-10.423585,8.835289,Drowsy,Drowsy/O0214.png
0.122852,0.207183,0.165017,0.044638,-1.435955,-9.440221,4.975387,Drowsy,Drowsy/O0218.png
0.266079,0.285406,0.275743,0.024587,-0.340542,-8.116214,2.22789,Drowsy,Drowsy/O0223.png
0.229293,0.237023,0.233158,0.075101,1.971737,-8.888085,0.604034,Drowsy,Drowsy/O0227.png
0.267333,0.268633,0.267983,0.04918,3.9776,-7.943613,0.509469,Drowsy,Drowsy/O0231.png
0.161695,0.222549,0.192122,0.027094,2.83409,-7.845309,0.568323,Drowsy,Drowsy/O0236.png
0.26649,0.28096,0.273725,0.027985,3.992093,-7.31583,0.580393,Drowsy,Drowsy/O0240.png
0.251823,0.265875,0.258849,0.051108,5.00572,-6.896002,-1.340477,Drowsy,Drowsy/O0245.png
0.243256,0.271698,0.257477,0.027083,6.412739,-6.823739,-1.713654,Drowsy,Drowsy/O0249.png
0.272371,0.294441,0.283406,0.043579,6.142688,-6.44089,-3.18461,Drowsy,Drowsy/O0254.png
0.235868,0.25668,0.246274,0.026283,12.905187,-9.066076,-12.572296,Drowsy,Drowsy/O0258.png
0.304965,0.321081,0.313023,0.017854,7.434871,6.506122,-1.839987,Drowsy,Drowsy/O0267.png
0.061868,0.085575,0.073722,0.026747,6.579589,1.439242,-4.040861,Drowsy,Drowsy/O0272.png
0.301926,0.293233,0.297579,0.030957,8.950579,3.392432,-4.631601,Drowsy,Drowsy/O0277.png
0.296464,0.281455,0.288959,0.0,10.738122,2.642528,-5.555224,Drowsy,Drowsy/O0281.png
0.306027,0.311327,0.308677,0.032732,12.195543,3.396035,-5.312479,Drowsy,Drowsy/O0286.png
0.124429,0.148375,0.136402,0.0,8.54147,2.996614,-5.429894,Drowsy,Drowsy/O0290.png
0.27938,0.289512,0.284446,0.03044,9.832803,3.002868,-5.434842,Drowsy,Drowsy/O0295.png
0.301559,0.283173,0.292366,0.027702,10.57534,2.485852,-5.592446,Drowsy,Drowsy/O0299.png
0.292287,0.287727,0.290007,0.018134,11.213983,3.073066,-5.696835,Drowsy,Drowsy/O0304.png
0.29082,0.281455,0.286138,0.009234,10.456084,3.370711,-5.689253,Drowsy,Drowsy/O0308.png
0.292287,0.297913,0.2951,0.031527,9.628472,3.361861,-5.560578,Drowsy,Drowsy/O0312.png
0.300514,0.306804,0.303659,0.032732,10.17621,2.569864,-5.598374,Drowsy,Drowsy/O0320.png
0.281732,0.270866,0.276299,0.027659,9.950914,3.034003,-5.548338,Drowsy,Drowsy/O0324.png
0.278904,0.27992,0.279412,0.017178,9.476755,2.738518,-6.042125,Drowsy,Drowsy/O0329.png
0.28748,0.277322,0.282401,0.02147,9.299826,2.501337,-5.945999,Drowsy,Drowsy/O0333.png
0.277079,0.273491,0.275285,0.009054,10.048611,3.01537,-5.676791,Drowsy,Drowsy/O0338.png
0.281732,0.283173,0.282452,0.0,11.516096,3.257557,-6.12761,Drowsy,Drowsy/O0342.png
0.306027,0.283173,0.2946,0.018107,12.727049,3.12196,-6.122967,Drowsy,Drowsy/O0347.png
0.300347,0.27895,0.289648,0.027659,9.964857,2.272082,-6.310245,Drowsy,Drowsy/O0351.png
0.270695,0.252944,0.261819,0.027406,14.335469,-1.707304,-5.919995,Drowsy,Drowsy/O0356.png
0.155858,0.211625,0.183741,0.04772,15.414207,-6.782298,-15.715346,Drowsy,Drowsy/O0360.png
0.263006,0.288914,0.27596,0.024931,18.458158,-4.704298,-15.851693,Drowsy,Drowsy/O0365.png
0.266097,0.264993,0.265545,0.118107,15.423303,-7.956963,-16.343635,Drowsy,Drowsy/O0375.png
0.256836,0.279274,0.268055,0.02514,13.596594,-5.622793,-12.645631,Drowsy,Drowsy/O0382.png
0.260832,0.268839,0.264836,0.041831,12.231184,-4.703987,-12.777924,Drowsy,Drowsy/O0386.png
0.24896,0.239841,0.2444,0.042762,13.666888,-4.343479,-12.499279,Drowsy,Drowsy/O0390.png
0.252373,0.260985,0.256679,0.027807,14.582808,-3.301921,-12.90255,Drowsy,Drowsy/O0395.png
0.238866,0.236208,0.237537,0.038704,6.182461,-5.66697,-2.89775,Drowsy,Drowsy/O0399.png
0.23353,0.261646,0.247588,0.027248,3.178517,-10.808875,7.35574,Drowsy,Drowsy/O0404.png
0.166361,0.200724,0.183543,0.018804,4.336201,-10.602076,4.381494,Drowsy,Drowsy/O0408.png
0.24198,0.237379,0.23968,0.026622,6.167532,-9.199428,3.203388,Drowsy,Drowsy/O0413.png
0.173422,0.244139,0.208781,0.027477,7.677919,-9.478843,2.497871,Drowsy,Drowsy/O0417.png
0.121212,0.215401,0.168306,0.030838,5.995073,-8.548126,2.600946,Drowsy,Drowsy/O0422.png
0.249878,0.257829,0.253853,0.026661,9.223665,-9.988615,1.446641,Drowsy,Drowsy/O0426.png
0.319039,0.30118,0.31011,0.024143,15.227152,-2.345395,-4.556672,Drowsy,Drowsy/O0431.png
0.278311,0.240846,0.259578,0.027851,15.875705,-1.846192,-6.299847,Drowsy,Drowsy/O0435.png
0.19138,0.210999,0.20119,0.027406,13.834446,-2.561118,-5.829093,Drowsy,Drowsy/O0440.png
0.317297,0.281606,0.299452,0.02826,16.680005,-2.588228,-6.833672,Drowsy,Drowsy/O0444.png
0.290521,0.298332,0.294426,0.027892,8.818049,-3.714621,-4.816175,Drowsy,Drowsy/O0449.png
0.249878,0.244438,0.247158,0.063558,4.746395,-12.428802,-0.152011,Drowsy,Drowsy/O0453.png
0.295075,0.288792,0.291933,0.007928,7.096275,-0.367544,1.42645,Drowsy,Drowsy/O0458.png
0.333333,0.316993,0.325163,0.020116,5.502113,0.538828,-0.108857,Drowsy,Drowsy/O0462.png
0.323322,0.311102,0.317212,0.045355,18.504758,-1.191357,-6.061434,Drowsy,Drowsy/O0466.png
0.162181,0.208727,0.185454,0.13935,9.531596,-4.694166,-6.607454,Drowsy,Drowsy/O0471.png
0.216549,0.241287,0.228918,0.035557,9.015713,-5.456013,-4.520522,Drowsy,Drowsy/O0475.png
0.261665,0.279872,0.270769,0.033292,3.857012,-5.364536,-2.926991,Drowsy,Drowsy/O0480.png
0.152735,0.187903,0.170319,0.033879,1.040964,-6.215677,0.528003,Drowsy,Drowsy/O0484.png
0.240725,0.239365,0.240045,0.025247,11.706993,-3.741183,-7.928134,Drowsy,Drowsy/O0489.png
0.285079,0.293197,0.289138,0.035603,19.281365,-2.48916,-11.38035,Drowsy,Drowsy/O0493.png
0.271134,0.271984,0.271559,0.041688,10.921969,-5.747021,-9.751742,Drowsy,Drowsy/O0498.png
0.276573,0.288794,0.282684,0.038247,13.97231,-3.850886,-9.30702,Drowsy,Drowsy/O0502.png
0.269654,0.284804,0.277229,0.056078,13.585827,-8.541596,-10.181852,Drowsy,Drowsy/O0507.png
0.26271,0.276079,0.269394,0.036429,6.925512,-6.987173,-5.201648,Drowsy,Drowsy/O0511.png
0.366103,0.341821,0.353962,0.019786,10.173334,-0.456472,-1.6634,Drowsy,Drowsy/O0516.png
0.274516,0.278233,0.276374,0.072589,5.448165,-9.163525,3.796518,Drowsy,Drowsy/O0520.png
0.282981,0.299425,0.291203,0.050847,8.952257,-3.60623,-1.317842,Drowsy,Drowsy/O0525.png
0.313905,0.305756,0.309831,0.045877,9.094115,-2.891029,-0.892869,Drowsy,Drowsy/O0529.png
0.280838,0.271222,0.27603,0.324876,6.244672,-2.075255,-0.976173,Drowsy,Drowsy/O0534.png
0.342457,0.31241,0.327434,0.051716,38.694185,0.532053,-0.401046,Drowsy,Drowsy/O0538.png
0.050388,0.080963,0.065676,0.025409,9.000632,-0.517389,-3.768737,Drowsy,Drowsy/O0542.png
0.301085,0.293233,0.297159,0.051655,9.074317,-0.247425,-4.590642,Drowsy,Drowsy/O0547.png
0.092371,0.11562,0.103996,0.036704,8.389576,-1.485371,-4.342787,Drowsy,Drowsy/O0551.png
0.30889,0.310406,0.309648,0.033821,8.675384,-0.599415,-4.881451,Drowsy,Drowsy/O0556.png
0.066667,0.097073,0.08187,0.033821,7.008625,-1.652307,-4.18936,Drowsy,Drowsy/O0560.png
0.318689,0.309453,0.314071,0.024945,10.215494,0.405321,-4.503953,Drowsy,Drowsy/O0565.png
0.294071,0.311044,0.302558,0.03994,10.64582,-0.556105,-5.196147,Drowsy,Drowsy/O0569.png
0.28797,0.289512,0.288741,0.025725,9.659455,-0.151088,-5.89813,Drowsy,Drowsy/O0574.png
0.302809,0.289512,0.296161,0.037852,10.361044,-1.474244,-5.990092,Drowsy,Drowsy/O0578.png
0.3261,0.287603,0.306852,0.00847,17.176929,3.346746,-5.009682,Drowsy,Drowsy/O0583.png
0.322317,0.29925,0.310784,0.033988,14.269097,0.793788,-6.980019,Drowsy,Drowsy/O0587.png
0.327439,0.311023,0.319231,0.029583,19.842065,-0.090261,-9.568857,Drowsy,Drowsy/O0592.png
0.318068,0.293089,0.305579,0.020702,16.165399,-0.066294,-7.644203,Drowsy,Drowsy/O0596.png
0.239691,0.267526,0.253608,0.041324,13.135783,-2.153418,-7.634489,Drowsy,Drowsy/O0601.png
0.036851,0.090465,0.063658,0.042026,11.204709,-1.76857,-6.945392,Drowsy,Drowsy/O0605.png
0.270795,0.285336,0.278066,0.032573,14.40261,-1.433519,-7.398939,Drowsy,Drowsy/O0610.png
0.286933,0.286923,0.286928,0.040716,12.948173,-1.039299,-6.867693,Drowsy,Drowsy/O0614.png
0.267579,0.274031,0.270805,0.035063,13.485299,-1.604947,-6.850941,Drowsy,Drowsy/O0618.png
0.285886,0.272671,0.279278,0.028732,13.175222,-2.396572,-7.00464,Drowsy,Drowsy/O0623.png
0.296022,0.298142,0.297082,0.025725,12.124639,-2.855944,-7.097477,Drowsy,Drowsy/O0627.png
0.256569,0.280865,0.268717,0.027803,13.931933,-1.99799,-7.155863,Drowsy,Drowsy/O0632.png
0.249944,0.271046,0.260495,0.030679,2.614292,-5.961254,3.628822,Drowsy,Drowsy/O0692.png
0.17463,0.231655,0.203143,0.03558,5.560763,-7.511527,0.772229,Drowsy,Drowsy/O0697.png
0.301786,0.279056,0.290421,0.015608,8.357671,-2.966526,1.664814,Drowsy,Drowsy/O0701.png
0.26811,0.280884,0.274497,0.038016,4.267384,-13.128975,-6.449462,Drowsy,Drowsy/O0706.png
0.30889,0.329309,0.319099,0.039312,4.539392,0.408617,-4.649309,Drowsy,Drowsy/O0710.png
0.33209,0.311044,0.321567,0.061319,3.487522,0.070857,-3.441147,Drowsy,Drowsy/O0715.png
0.227934,0.280126,0.25403,0.071081,3.890053,-1.455091,-3.699971,Drowsy,Drowsy/O0719.png
0.298203,0.269543,0.283873,0.260315,7.78508,-6.967212,-12.44378,Drowsy,Drowsy/O0728.png
0.322585,0.353549,0.338067,0.025424,2.661575,0.442106,-0.452264,Drowsy,Drowsy/O0787.png
0.333874,0.348674,0.341274,0.030957,10.808357,2.765023,-4.680358,Drowsy,Drowsy/O0792.png
0.117255,0.167359,0.142307,0.016339,8.160955,-0.370328,-5.20194,Drowsy,Drowsy/O0796.png
0.333512,0.337415,0.335464,0.008305,9.988719,1.030692,-5.263544,Drowsy,Drowsy/O0801.png
0.28899,0.308182,0.298586,0.025333,11.206311,1.067797,-5.73347,Drowsy,Drowsy/O0805.png
0.213292,0.260472,0.236882,0.024876,10.758077,0.274434,-6.148328,Drowsy,Drowsy/O0809.png
0.317507,0.311838,0.314672,0.04146,9.157453,-0.57356,-5.972399,Drowsy,Drowsy/O0814.png
0.219684,0.255704,0.237694,0.055392,9.074304,-10.878142,-7.642548,Drowsy,Drowsy/O0818.png
0.168212,0.228337,0.198274,0.029037,9.63308,-9.021934,-9.617676,Drowsy,Drowsy/O0823.png
0.251852,0.281563,0.266708,0.026762,10.402877,-7.868844,-9.716081,Drowsy,Drowsy/O0827.png
0.228015,0.283173,0.255594,0.033422,12.084825,-10.37679,-10.156357,Drowsy,Drowsy/O0832.png
0.232436,0.260066,0.246251,0.027459,13.028364,-9.889261,-12.001907,Drowsy,Drowsy/O0836.png
0.266588,0.27623,0.271409,0.040599,17.162638,-7.93435,-14.001824,Drowsy,Drowsy/O0874.png
0.296319,0.301063,0.298691,0.027602,16.454752,-3.54019,-13.926141,Drowsy,Drowsy/O0878.png
0.294733,0.269543,0.282138,0.097014,37.107408,-3.26996,-10.449888,Drowsy,Drowsy/O0886.png
0.304169,0.292219,0.298194,0.024828,16.419402,-4.952188,-13.408186,Drowsy,Drowsy/O0910.png
0.313512,0.286816,0.300164,0.043334,16.1066,-3.847556,-13.187375,Drowsy,Drowsy/O0915.png
0.313512,0.295622,0.304567,0.027371,14.860691,-5.063852,-12.78628,Drowsy,Drowsy/O0922.png
0.293427,0.290065,0.291746,0.043918,12.504173,-5.5349,-12.02773,Drowsy,Drowsy/O0927.png
0.293427,0.300637,0.297032,0.036028,13.124723,-4.405838,-11.787964,Drowsy,Drowsy/O0931.png
0.259028,0.302816,0.280922,0.028354,14.299355,-4.580011,-12.237731,Drowsy,Drowsy/O0936.png
0.157697,0.210997,0.184347,0.046633,11.71129,-5.946643,-12.070815,Drowsy,Drowsy/O0940.png
0.25,0.282301,0.26615,0.035387,15.815074,-6.503406,-12.431509,Drowsy,Drowsy/O0944.png
0.234356,0.25668,0.245518,0.048818,11.572628,-3.902215,-11.565297,Drowsy,Drowsy/O0949.png
0.055706,0.080351,0.068028,0.016755,4.674514,-3.374931,-7.825192,Drowsy,Drowsy/O0953.png
0.252852,0.28214,0.267496,0.007921,12.703044,-5.852239,-4.932718,Drowsy,Drowsy/O0996.png
0.248366,0.278226,0.263296,0.02456,13.042867,-6.6832,-5.260389,Drowsy,Drowsy/O1000.png
0.25,0.289883,0.269941,0.034606,12.843177,-6.361552,-5.893212,Drowsy,Drowsy/O1005.png
0.111884,0.17233,0.142107,0.020413,9.937575,-8.032977,-5.30404,Drowsy,Drowsy/O1009.png
0.239691,0.26138,0.250535,0.032154,12.412522,-6.568008,-5.596261,Drowsy,Drowsy/O1014.png
0.251765,0.276079,0.263922,0.016339,11.689002,-6.688256,-5.464322,Drowsy,Drowsy/O1018.png
0.267097,0.297626,0.282361,0.026013,10.776937,-6.884655,-5.641266,Drowsy,Drowsy/O1023.png
0.285886,0.275823,0.280854,0.02443,11.148104,-5.093434,-7.290013,Drowsy,Drowsy/O1027.png
0.188701,0.223943,0.206322,0.024914,-3.5325,-15.014766,5.728343,Drowsy,Drowsy/O1108.png
0.056773,0.083205,0.069989,0.027097,3.060318,-9.96348,-0.900605,Drowsy,Drowsy/O1112.png
0.280884,0.293667,0.287275,0.042222,3.412261,-5.928953,3.909056,Drowsy,Drowsy/O1142.png
0.341993,0.349373,0.345683,0.029433,11.068259,3.332957,-1.880595,Drowsy,Drowsy/O1146.png
0.309031,0.31819,0.313611,0.026747,12.605395,1.716816,-4.386098,Drowsy,Drowsy/O1151.png
0.317644,0.326524,0.322084,0.026251,14.545503,2.218112,-5.595771,Drowsy,Drowsy/O1155.png
0.335346,0.318098,0.326722,0.008464,15.742727,2.033643,-5.612722,Drowsy,Drowsy/O1159.png
0.293667,0.298894,0.296281,0.016889,15.848349,0.187708,-5.864836,Drowsy,Drowsy/O1164.png
0.292998,0.306548,0.299773,0.028831,15.21924,0.425818,-5.521473,Drowsy,Drowsy/O1168.png
0.318127,0.313016,0.315572,0.020386,17.489671,-0.382136,-6.035736,Drowsy,Drowsy/O1173.png
0.311731,0.292458,0.302094,0.020386,17.280907,-0.502157,-6.693758,Drowsy,Drowsy/O1177.png
0.059628,0.083045,0.071337,0.026633,13.082263,-1.437678,-6.784034,Drowsy,Drowsy/O1182.png
0.251765,0.275744,0.263754,0.028732,19.305585,-1.132703,-8.586144,Drowsy,Drowsy/O1186.png
0.241843,0.262336,0.252089,0.032355,20.373348,-1.343688,-10.442944,Drowsy,Drowsy/O1191.png
0.259943,0.28214,0.271041,0.027042,10.041491,-5.809619,-4.219765,Drowsy,Drowsy/O1206.png
0.268978,0.275188,0.272083,0.037401,21.045492,-7.961971,-11.509359,Drowsy,Drowsy/O1211.png
0.176131,0.225726,0.200928,0.032355,15.795059,-6.835757,-10.942852,Drowsy,Drowsy/O1215.png
0.2037,0.23177,0.217735,0.032524,17.956734,-6.747953,-11.153959,Drowsy,Drowsy/O1221.png
0.19369,0.262613,0.228152,0.027111,18.282949,-6.963243,-10.949482,Drowsy,Drowsy/O1225.png
0.247212,0.239739,0.243475,0.030967,17.397317,-7.936696,-10.522632,Drowsy,Drowsy/O1230.png
0.276573,0.285336,0.280955,0.020566,18.442767,-5.683637,-10.489585,Drowsy,Drowsy/O1234.png
0.305495,0.297655,0.301575,0.019845,16.805084,-4.912533,-10.326931,Drowsy,Drowsy/O1239.png
0.312537,0.306263,0.3094,0.035511,12.284183,-4.458349,-5.876126,Drowsy,Drowsy/O1243.png
0.286853,0.303133,0.294993,0.00886,13.620004,-0.945967,-7.583542,Drowsy,Drowsy/O1247.png
0.27939,0.278531,0.27896,0.027112,17.194839,-0.841804,-8.172207,Drowsy,Drowsy/O1252.png
0.298309,0.288076,0.293193,0.055249,17.775715,-3.088301,-9.104908,Drowsy,Drowsy/O1256.png
0.288542,0.275962,0.282252,0.017178,17.344441,-3.621631,-7.175384,Drowsy,Drowsy/O1261.png
0.255704,0.28463,0.270167,0.009018,5.934955,-2.756614,-6.815591,Drowsy,Drowsy/O1265.png
0.269631,0.306384,0.288007,0.025193,14.557453,-3.051796,-8.341657,Drowsy,Drowsy/O1270.png
0.26116,0.286299,0.27373,0.0,17.248183,-3.180117,-9.749144,Drowsy,Drowsy/O1274.png
0.191741,0.254226,0.222983,0.031849,13.873216,-3.752571,-9.773665,Drowsy,Drowsy/O1279.png
0.150462,0.225005,0.187734,0.017678,13.824588,-2.852734,-9.540877,Drowsy,Drowsy/O1283.png
0.230563,0.272698,0.251631,0.017992,16.621654,-3.509826,-9.977302,Drowsy,Drowsy/O1288.png
0.203972,0.257605,0.230788,0.029583,14.774549,-3.37435,-9.78447,Drowsy,Drowsy/O1292.png
0.268278,0.281681,0.274979,0.028137,14.094574,-2.992992,-9.259604,Drowsy,Drowsy/O1297.png
0.240542,0.268328,0.254435,0.048481,11.191446,-5.656502,-8.454983,Drowsy,Drowsy/O1302.png
0.280806,0.289765,0.285285,0.027902,22.107481,-1.008083,-11.68688,Drowsy,Drowsy/O1307.png
0.320794,0.30782,0.314307,0.025839,17.655133,-1.668694,-12.266776,Drowsy,Drowsy/O1311.png
0.318723,0.274605,0.296664,0.016609,17.042587,-2.329308,-11.876065,Drowsy,Drowsy/O1316.png
0.313512,0.302193,0.307853,0.029912,17.308199,-1.05307,-11.792165,Drowsy,Drowsy/O1320.png
0.263119,0.294582,0.278851,0.034895,6.577743,-11.346505,-5.980251,Drowsy,Drowsy/O1324.png
0.258247,0.282309,0.270278,0.036462,9.338448,-7.190889,-8.033467,Drowsy,Drowsy/O1329.png
0.245862,0.27516,0.260511,0.028672,10.83424,-6.997776,-8.462087,Drowsy,Drowsy/O1333.png
0.285571,0.313402,0.299487,0.046633,14.454683,-5.722277,-12.168878,Drowsy,Drowsy/O1338.png
0.274787,0.277402,0.276095,0.025409,15.720451,-5.494992,-11.75708,Drowsy,Drowsy/O1342.png
0.361962,0.314682,0.338322,0.054812,22.43846,-1.061702,-10.78505,Drowsy,Drowsy/O1347.png
0.354358,0.324206,0.339282,0.027899,22.969707,-1.480196,-12.35791,Drowsy,Drowsy/O1351.png
0.307531,0.302816,0.305174,0.0487,21.655607,-3.736277,-11.325358,Drowsy,Drowsy/O1356.png
0.322975,0.315929,0.319452,0.02592,21.093654,-2.774561,-11.769516,Drowsy,Drowsy/O1360.png
0.278455,0.262877,0.270666,0.035262,21.99704,-4.553157,-11.227418,Drowsy,Drowsy/O1365.png
0.291986,0.302193,0.29709,0.02592,21.533824,-3.984197,-11.331371,Drowsy,Drowsy/O1369.png
0.300438,0.302193,0.301316,0.025994,21.773106,-3.762493,-11.227931,Drowsy,Drowsy/O1374.png
0.294888,0.284325,0.289607,0.026915,21.248186,-3.713203,-11.412983,Drowsy,Drowsy/O1378.png
0.247267,0.242536,0.244901,0.02051,18.932351,-4.617352,-11.043423,Drowsy,Drowsy/O1383.png
0.283176,0.274546,0.278861,0.025486,18.045604,-2.372643,-10.909868,Drowsy,Drowsy/O1387.png
0.311925,0.295161,0.303543,0.017226,19.771142,-3.423403,-12.371162,Drowsy,Drowsy/O1400.png
0.266598,0.293197,0.279897,0.033324,21.043994,-2.755312,-11.96265,Drowsy,Drowsy/O1404.png
0.315025,0.30118,0.308102,0.135566,17.314823,-6.871316,-11.545081,Drowsy,Drowsy/O1408.png
0.281223,0.292667,0.286945,0.033689,16.394991,-2.472695,-11.611902,Drowsy,Drowsy/O1413.png
0.318608,0.308347,0.313478,0.070522,19.090479,-0.279837,-10.807393,Drowsy,Drowsy/O1477.png
0.291393,0.279943,0.285668,0.0242,16.418338,0.142675,-10.075546,Drowsy,Drowsy/O1482.png
0.280806,0.302479,0.291642,0.008839,14.764475,-3.670986,-8.955135,Drowsy,Drowsy/O1487.png
0.296218,0.287013,0.291616,0.01728,16.374484,-3.122713,-10.585761,Drowsy,Drowsy/O1492.png
0.320348,0.304508,0.312428,0.028222,19.451984,-2.770844,-12.349533,Drowsy,Drowsy/O1615.png
0.294306,0.283784,0.289045,0.026646,20.065593,-1.300302,-13.051639,Drowsy,Drowsy/O1620.png
0.287281,0.284397,0.285839,0.029307,19.252845,-1.524019,-13.058127,Drowsy,Drowsy/O1624.png
0.295712,0.289142,0.292427,0.025486,13.966385,-2.008791,-10.998057,Drowsy,Drowsy/O1631.png
0.195012,0.187102,0.191057,0.015593,8.96997,0.215075,-13.861421,Drowsy,Drowsy/P0001.png
0.206158,0.195538,0.200848,0.015357,8.729509,0.935188,-13.448384,Drowsy,Drowsy/P0006.png
0.173342,0.159562,0.166452,0.015129,7.531161,2.432181,-13.505684,Drowsy,Drowsy/P0010.png
0.226894,0.184553,0.205723,0.029848,7.429434,-0.078506,-13.632262,Drowsy,Drowsy/P0015.png
0.205257,0.186054,0.195655,0.026618,7.135925,1.579488,-13.616832,Drowsy,Drowsy/P0019.png
0.142146,0.136044,0.139095,0.026288,8.168921,0.146417,-13.430643,Drowsy,Drowsy/P0024.png
0.1936,0.210995,0.202298,0.023099,6.600465,0.423578,-13.255905,Drowsy,Drowsy/P0028.png
0.192755,0.183519,0.188137,0.0077,7.618296,2.210927,-13.260721,Drowsy,Drowsy/P0032.png
0.168646,0.155836,0.162241,0.023822,7.085363,2.42408,-13.063644,Drowsy,Drowsy/P0037.png
0.192755,0.182751,0.187753,0.0077,6.461196,2.364405,-13.048852,Drowsy,Drowsy/P0041.png
0.181181,0.178559,0.17987,0.011259,8.277343,3.191188,-12.849191,Drowsy,Drowsy/P0046.png
0.204072,0.166453,0.185263,0.0,7.276245,1.618074,-12.975684,Drowsy,Drowsy/P0050.png
0.170953,0.15094,0.160947,0.026217,6.398648,0.013416,-13.547256,Drowsy,Drowsy/P0055.png
0.186594,0.184553,0.185573,0.015169,7.719773,2.18177,-12.915782,Drowsy,Drowsy/P0059.png
0.077134,0.03443,0.055782,0.029932,7.577478,4.165621,-12.329303,Drowsy,Drowsy/P0064.png
0.012195,0.027094,0.019644,0.018311,8.262256,4.542074,-12.366856,Drowsy,Drowsy/P0068.png
0.054538,0.015811,0.035175,0.018311,8.447342,5.541711,-12.679628,Drowsy,Drowsy/P0073.png
0.012419,0.03618,0.0243,0.025895,8.836931,5.262374,-12.655985,Drowsy,Drowsy/P0077.png
0.210112,0.198884,0.204498,0.007603,9.43092,2.584425,-12.447699,Drowsy,Drowsy/P0082.png
0.251324,0.210995,0.23116,0.015677,6.568813,0.630705,-11.798154,Drowsy,Drowsy/P0086.png
0.219036,0.203237,0.211137,0.007603,7.501405,1.053558,-12.115593,Drowsy,Drowsy/P0091.png
0.211913,0.216135,0.214024,0.030009,7.834384,1.908668,-12.241151,Drowsy,Drowsy/P0095.png
0.208983,0.202807,0.205895,0.022143,7.777298,3.026532,-12.029024,Drowsy,Drowsy/P0100.png
0.152915,0.100019,0.126467,0.022809,8.220936,2.414125,-11.721179,Drowsy,Drowsy/P0104.png
0.03032,0.027094,0.028707,0.029107,8.178475,4.482518,-11.478374,Drowsy,Drowsy/P0108.png
0.030465,0.027803,0.029134,0.010941,7.733853,3.886952,-11.339805,Drowsy,Drowsy/P0113.png
0.012257,0.015527,0.013892,0.029107,6.895523,5.199146,-11.472102,Drowsy,Drowsy/P0117.png
0.041434,0.016287,0.02886,0.007719,7.097943,3.690712,-11.384816,Drowsy,Drowsy/P0122.png
0.210812,0.196879,0.203845,0.017779,4.796252,1.602667,-11.872009,Drowsy,Drowsy/P0126.png
0.265715,0.255267,0.260491,0.022143,7.297416,2.638194,-11.429413,Drowsy,Drowsy/P0131.png
0.260759,0.246926,0.253842,0.015206,5.793332,0.544679,-11.310954,Drowsy,Drowsy/P0135.png
0.245373,0.220863,0.233118,0.025958,6.81363,0.306915,-11.232707,Drowsy,Drowsy/P0140.png
0.20013,0.194851,0.197491,0.02357,7.165432,2.181167,-11.438982,Drowsy,Drowsy/P0144.png
0.257261,0.259066,0.258163,0.023515,6.440737,1.554763,-11.166668,Drowsy,Drowsy/P0149.png
0.231251,0.225722,0.228486,0.0,4.60249,-3.044698,16.886138,Drowsy,Drowsy/P0181.png
0.215936,0.216937,0.216436,0.027308,5.434762,-6.007269,10.094336,Drowsy,Drowsy/P0186.png
0.210235,0.212926,0.211581,0.007933,2.834693,-7.124344,3.075468,Drowsy,Drowsy/P0190.png
0.208253,0.231403,0.219828,0.016385,5.695535,-5.893656,2.207613,Drowsy,Drowsy/P0195.png
0.211053,0.209932,0.210493,0.027094,5.240798,-4.142538,2.457155,Drowsy,Drowsy/P0199.png
0.198119,0.191163,0.194641,0.030369,5.888187,-4.896122,2.720887,Drowsy,Drowsy/P0203.png
0.237242,0.220122,0.228682,0.007684,5.546493,-4.722186,3.057675,Drowsy,Drowsy/P0208.png
0.215901,0.203014,0.209458,0.023798,5.005825,-3.783831,3.269834,Drowsy,Drowsy/P0212.png
0.211507,0.214884,0.213195,0.023033,5.311831,-2.549123,3.885517,Drowsy,Drowsy/P0217.png
0.203366,0.205656,0.204511,0.008048,0.030942,-15.860216,7.243839,Drowsy,Drowsy/P0221.png
0.202878,0.202824,0.202851,0.016096,4.20754,-2.961102,4.376069,Drowsy,Drowsy/P0226.png
0.186214,0.174497,0.180355,0.03081,4.025514,-4.874179,4.437972,Drowsy,Drowsy/P0230.png
0.197688,0.192537,0.195113,0.027445,3.3904,-2.62562,4.46767,Drowsy,Drowsy/P0235.png
0.193773,0.192537,0.193155,0.016339,4.628342,-3.110476,4.79107,Drowsy,Drowsy/P0239.png
0.189872,0.194889,0.19238,0.024537,3.407833,-2.255083,4.636748,Drowsy,Drowsy/P0244.png
0.158764,0.187751,0.173257,0.007912,3.653811,-1.890317,4.718738,Drowsy,Drowsy/P0248.png
0.174658,0.166568,0.170613,0.016077,3.409367,-1.48979,5.215135,Drowsy,Drowsy/P0253.png
0.179867,0.151314,0.165591,0.007912,4.489922,2.84567,5.733879,Drowsy,Drowsy/P0257.png
0.189528,0.166703,0.178115,0.016077,3.011273,-1.659117,5.468985,Drowsy,Drowsy/P0262.png
0.161632,0.166207,0.163919,0.008169,2.84158,-1.331264,5.618229,Drowsy,Drowsy/P0266.png
0.175101,0.170814,0.172958,0.016077,3.792685,-1.031513,5.588931,Drowsy,Drowsy/P0271.png
0.158491,0.166568,0.162529,0.015823,3.906094,-0.747441,5.227879,Drowsy,Drowsy/P0275.png
0.161223,0.182539,0.171881,0.008169,2.605788,-1.35336,5.581641,Drowsy,Drowsy/P0279.png
0.182061,0.170814,0.176438,0.019406,3.171913,-1.377412,5.639372,Drowsy,Drowsy/P0284.png
0.149496,0.178001,0.163749,0.011352,3.431129,-1.038727,5.727808,Drowsy,Drowsy/P0288.png
0.189528,0.176282,0.182905,0.016315,3.308413,-1.265659,5.945239,Drowsy,Drowsy/P0293.png
0.179457,0.178887,0.179172,0.015802,3.311508,-0.340232,5.775857,Drowsy,Drowsy/P0297.png
0.179457,0.185913,0.182685,0.015823,2.90458,-0.511969,5.813626,Drowsy,Drowsy/P0302.png
0.198029,0.186298,0.192163,0.007778,3.003481,0.253029,6.041471,Drowsy,Drowsy/P0307.png
0.186824,0.182183,0.184504,0.0,2.356693,1.549882,6.198341,Drowsy,Drowsy/P0312.png
0.184128,0.190516,0.187322,0.023335,2.418971,0.416401,6.440486,Drowsy,Drowsy/P0316.png
0.196609,0.198353,0.197481,0.007778,3.063043,-0.000153,6.233486,Drowsy,Drowsy/P0321.png
0.204255,0.198353,0.201304,0.007766,2.828059,1.987729,6.873106,Drowsy,Drowsy/P0325.png
0.188437,0.189632,0.189034,0.019074,2.530391,-0.020162,6.767804,Drowsy,Drowsy/P0330.png
0.189048,0.190516,0.189782,0.007901,2.988291,0.294314,6.777912,Drowsy,Drowsy/P0334.png
0.178934,0.183071,0.181003,0.015776,2.126528,1.595955,6.709958,Drowsy,Drowsy/P0339.png
0.184491,0.177123,0.180807,0.007888,2.353085,1.183271,7.202822,Drowsy,Drowsy/P0343.png
0.157625,0.173727,0.165676,0.015802,1.920962,1.811265,7.010147,Drowsy,Drowsy/P0348.png
0.15811,0.173727,0.165919,0.0,2.469008,0.638559,7.205374,Drowsy,Drowsy/P0352.png
0.154702,0.153529,0.154115,0.007888,2.587974,2.034116,7.298653,Drowsy,Drowsy/P0356.png
0.092915,0.115102,0.104008,0.007888,1.951474,3.101974,7.409728,Drowsy,Drowsy/P0361.png
0.024275,0.042038,0.033156,0.007766,1.828122,5.141545,7.524827,Drowsy,Drowsy/P0365.png
0.012137,0.027803,0.01997,0.015776,2.895809,6.788635,8.155133,Drowsy,Drowsy/P0370.png
0.012438,0.011821,0.01213,0.008014,2.195133,6.53411,8.027277,Drowsy,Drowsy/P0374.png
0.012137,0.011291,0.011714,0.007766,3.018062,7.092148,8.349682,Drowsy,Drowsy/P0379.png
0.028611,0.022582,0.025597,0.010983,2.470878,8.203741,8.191029,Drowsy,Drowsy/P0383.png
0.029303,0.027884,0.028593,0.010983,2.443497,7.61346,8.2273,Drowsy,Drowsy/P0388.png
0.01155,0.015923,0.013737,0.0,2.470002,9.234571,8.41284,Drowsy,Drowsy/P0392.png
0.029303,0.031742,0.030522,0.0,-82.637264,53.232474,-39.828513,Drowsy,Drowsy/P0397.png
0.024211,0.022954,0.023582,0.023664,1.815754,7.787772,8.731809,Drowsy,Drowsy/P0401.png
0.01676,0.027183,0.021971,0.015269,2.441937,9.1033,8.863621,Drowsy,Drowsy/P0406.png
0.024275,0.023033,0.023654,0.015504,2.254517,8.011174,8.758452,Drowsy,Drowsy/P0410.png
0.011821,0.027094,0.019457,0.015747,2.4226,9.22897,9.299273,Drowsy,Drowsy/P0415.png
0.012105,0.027708,0.019906,0.015747,2.493222,8.552403,9.386839,Drowsy,Drowsy/P0419.png
0.012105,0.022954,0.01753,0.007888,0.685046,9.043571,9.402302,Drowsy,Drowsy/P0424.png
0.012105,0.011259,0.011682,0.015747,2.351043,8.231797,9.459026,Drowsy,Drowsy/P0428.png
0.0,0.016607,0.008303,0.016027,2.476074,8.328299,9.480239,Drowsy,Drowsy/P0432.png
0.012105,0.022954,0.01753,0.02362,2.418715,8.59635,9.647796,Drowsy,Drowsy/P0437.png
0.012716,0.035355,0.024036,0.008127,2.127112,8.630894,9.783329,Drowsy,Drowsy/P0441.png
0.024807,0.016607,0.020707,0.011135,2.425754,7.482034,9.906007,Drowsy,Drowsy/P0446.png
0.012403,0.02835,0.020377,0.0,1.706619,8.923944,9.860926,Drowsy,Drowsy/P0450.png
0.0,0.023486,0.011743,0.011493,2.717823,7.883051,9.965351,Drowsy,Drowsy/P0455.png
0.0,0.02835,0.014175,0.008277,1.818848,8.642568,9.926214,Drowsy,Drowsy/P0459.png
0.012754,0.023486,0.01812,0.008127,2.378234,8.626832,10.0443,Drowsy,Drowsy/P0464.png
0.011821,0.027094,0.019457,0.0,2.410823,9.552512,9.665094,Drowsy,Drowsy/P0468.png
0.0,0.011477,0.005738,0.007998,2.030137,8.577756,9.733675,Drowsy,Drowsy/P0473.png
0.012067,0.011223,0.011645,0.007873,2.246258,9.780609,9.992633,Drowsy,Drowsy/P0477.png
0.012716,0.026258,0.019487,0.007998,2.177527,8.525445,10.006686,Drowsy,Drowsy/P0482.png
0.01759,0.032461,0.025026,0.019621,2.577803,9.432496,9.837824,Drowsy,Drowsy/P0486.png
0.017541,0.027708,0.022624,0.015747,2.504403,8.574411,9.84316,Drowsy,Drowsy/P0491.png
0.017541,0.027708,0.022624,0.008143,2.03699,8.917359,9.985944,Drowsy,Drowsy/P0495.png
0.012403,0.023486,0.017945,0.0,3.006613,8.607361,10.042892,Drowsy,Drowsy/P0500.png
0.012403,0.011785,0.012094,0.024781,2.002583,8.523285,9.847057,Drowsy,Drowsy/P0504.png
0.029844,0.023486,0.026665,0.015996,2.027575,8.588108,10.121923,Drowsy,Drowsy/P0508.png
0.012403,0.028452,0.020428,0.007998,1.846906,8.961279,9.799155,Drowsy,Drowsy/P0513.png
0.024211,0.011695,0.017953,0.0,1.643538,8.429045,9.987321,Drowsy,Drowsy/P0517.png
0.012716,0.029726,0.021221,0.0,2.028275,8.142484,9.854393,Drowsy,Drowsy/P0522.png
0.012716,0.029131,0.020924,0.015996,2.538757,8.749161,9.917714,Drowsy,Drowsy/P0526.png
0.024723,0.016607,0.020665,0.007888,1.431314,8.142811,10.232154,Drowsy,Drowsy/P0531.png
0.012362,0.023486,0.017924,0.008014,1.478184,9.792593,10.137209,Drowsy,Drowsy/P0535.png
0.024723,0.033214,0.028969,0.007998,2.022445,9.472143,10.295595,Drowsy,Drowsy/P0540.png
0.012067,0.027708,0.019887,0.007873,1.868032,10.174885,10.512861,Drowsy,Drowsy/P0544.png
0.012403,0.016607,0.014505,0.0,2.0813,8.844305,10.244053,Drowsy,Drowsy/P0549.png
0.017482,0.016607,0.017044,0.015747,1.579663,8.997451,10.502944,Drowsy,Drowsy/P0553.png
0.0,0.016607,0.008303,0.007998,2.043281,8.989088,10.345525,Drowsy,Drowsy/P0558.png
0.012362,0.02835,0.020356,0.015713,0.93513,10.462135,10.960533,Drowsy,Drowsy/P0569.png
0.012362,0.028233,0.020297,0.011135,1.586278,9.138185,10.817691,Drowsy,Drowsy/P0574.png
0.02357,0.026992,0.025281,0.0,1.770984,10.566033,11.12873,Drowsy,Drowsy/P0578.png
0.012021,0.016231,0.014126,0.007873,0.349469,10.010905,11.046068,Drowsy,Drowsy/P0583.png
0.0,0.027599,0.013799,0.007736,0.95166,10.379015,11.151663,Drowsy,Drowsy/P0587.png
0.0,0.027599,0.013799,0.007873,1.368482,10.484326,11.041603,Drowsy,Drowsy/P0591.png
0.012362,0.011432,0.011897,0.007752,1.542633,10.912695,10.817802,Drowsy,Drowsy/P0596.png
0.012067,0.027094,0.01958,0.0,1.344998,11.154018,10.729962,Drowsy,Drowsy/P0600.png
0.012362,0.02835,0.020356,0.0,0.889284,10.649341,10.55122,Drowsy,Drowsy/P0605.png
0.0,0.016607,0.008303,0.015747,1.11311,10.191221,10.385219,Drowsy,Drowsy/P0609.png
0.024133,0.027599,0.025866,0.007857,0.704596,10.455922,10.762554,Drowsy,Drowsy/P0614.png
0.0,0.037844,0.018922,0.015713,1.337159,11.089109,10.909759,Drowsy,Drowsy/P0618.png
0.024723,0.032334,0.028529,0.015473,1.096618,11.194201,11.133498,Drowsy,Drowsy/P0623.png
0.012067,0.028233,0.02015,0.007998,0.568545,11.077388,10.778741,Drowsy,Drowsy/P0627.png
0.012362,0.02835,0.020356,0.008127,1.124875,10.273451,10.555295,Drowsy,Drowsy/P0632.png
0.012362,0.02835,0.020356,0.011311,0.609489,11.234789,10.429531,Drowsy,Drowsy/P0636.png
0.012362,0.028233,0.020297,0.007998,0.745322,10.878719,10.818221,Drowsy,Drowsy/P0641.png
0.029726,0.011743,0.020734,0.019309,0.445479,11.647875,10.759707,Drowsy,Drowsy/P0645.png
0.012362,0.033214,0.022788,0.008143,0.667472,11.435021,10.516487,Drowsy,Drowsy/P0650.png
0.0,0.033214,0.016607,0.0,0.829485,10.66094,10.947058,Drowsy,Drowsy/P0654.png
0.012362,0.033077,0.022719,0.007873,1.387944,10.226859,11.092154,Drowsy,Drowsy/P0664.png
0.0,0.033077,0.016539,0.007998,0.786885,11.085326,10.980139,Drowsy,Drowsy/P0668.png
0.0,0.032924,0.016462,0.015713,1.436482,10.759991,11.435635,Drowsy,Drowsy/P0672.png
0.024626,0.016607,0.020616,0.0,0.848503,11.914529,11.22021,Drowsy,Drowsy/P0677.png
0.012067,0.041545,0.026806,0.00762,1.143147,11.503995,11.927155,Drowsy,Drowsy/P0681.png
0.012067,0.041545,0.026806,0.0,0.83816,12.142348,11.701718,Drowsy,Drowsy/P0686.png
0.028452,0.039771,0.034111,0.0,0.438356,13.357603,11.742434,Drowsy,Drowsy/P0690.png
0.028452,0.023389,0.02592,0.0,-0.034901,-15.731107,10.012739,Drowsy,Drowsy/P0695.png
0.024133,0.027477,0.025805,0.0,0.690377,12.361622,11.933729,Drowsy,Drowsy/P0699.png
0.0,0.031489,0.015745,0.014793,0.554493,13.435775,11.900285,Drowsy,Drowsy/P0704.png
0.027708,0.039593,0.03365,0.015206,-0.971631,14.405862,13.061472,Drowsy,Drowsy/P0708.png
0.022361,0.015408,0.018885,0.007275,0.511222,13.116812,12.639245,Drowsy,Drowsy/P0713.png
0.023389,0.047234,0.035311,0.007603,0.301891,13.218956,12.68265,Drowsy,Drowsy/P0717.png
0.0,0.038939,0.019469,0.0,0.610734,13.640116,12.560304,Drowsy,Drowsy/P0722.png
0.011477,0.045063,0.02827,0.014981,-0.020054,15.020845,12.924203,Drowsy,Drowsy/P0726.png
0.011743,0.031342,0.021542,0.0,-0.369628,13.674278,12.693927,Drowsy,Drowsy/P0731.png
0.023389,0.030817,0.027103,0.015206,-0.259194,14.795922,13.095191,Drowsy,Drowsy/P0735.png
0.034669,0.027959,0.031314,0.007962,-0.928041,14.513961,14.082063,Drowsy,Drowsy/P0740.png
0.022863,0.039593,0.031228,0.0,0.464905,13.641277,13.363557,Drowsy,Drowsy/P0744.png
0.011432,0.039593,0.025512,0.014981,0.827216,13.889663,13.453245,Drowsy,Drowsy/P0748.png
0.011432,0.026186,0.018809,0.0,0.519864,13.835876,13.624021,Drowsy,Drowsy/P0753.png
0.028103,0.043572,0.035838,0.007818,-1.067688,15.291936,14.086816,Drowsy,Drowsy/P0757.png
0.023281,0.032756,0.028019,0.0077,-1.919399,15.397909,14.405472,Drowsy,Drowsy/P0762.png
0.036831,0.040639,0.038735,0.0,-0.956262,15.840341,14.224592,Drowsy,Drowsy/P0766.png
0.023281,0.040449,0.031865,0.0,-1.228411,16.491179,14.283709,Drowsy,Drowsy/P0771.png
0.026878,0.042622,0.03475,0.0,-1.592147,16.636123,13.921766,Drowsy,Drowsy/P0775.png
0.022651,0.039771,0.031211,0.0,-0.562337,16.827741,14.05733,Drowsy,Drowsy/P0780.png
0.016378,0.047234,0.031806,0.0077,-1.367036,16.494254,14.446774,Drowsy,Drowsy/P0784.png
0.023281,0.043572,0.033427,0.0,-0.737424,15.928418,14.024771,Drowsy,Drowsy/P0789.png
0.015671,0.046225,0.030948,0.007564,-1.707445,17.93658,13.94821,Drowsy,Drowsy/P0793.png
0.027959,0.03903,0.033495,0.007818,-2.067348,17.968993,14.194624,Drowsy,Drowsy/P0798.png
0.027959,0.050899,0.039429,0.0,-1.782598,18.661317,14.029398,Drowsy,Drowsy/P0802.png
0.042274,0.050899,0.046586,0.015357,-1.344985,17.81955,14.744296,Drowsy,Drowsy/P0807.png
0.022651,0.055624,0.039138,0.007679,-1.538292,18.807548,14.542555,Drowsy,Drowsy/P0811.png
0.023696,0.049386,0.036541,0.027541,-1.319115,19.284616,14.262737,Drowsy,Drowsy/P0816.png
0.037477,0.052058,0.044767,0.007796,-2.12058,18.210257,14.543828,Drowsy,Drowsy/P0820.png
0.046065,0.058953,0.052509,0.007796,-2.075144,19.305114,14.527287,Drowsy,Drowsy/P0824.png
0.027803,0.033511,0.030657,0.008043,-2.947795,19.733825,15.297875,Drowsy,Drowsy/P0830.png
0.011581,0.049134,0.030358,0.007818,-2.789976,19.02638,14.660607,Drowsy,Drowsy/P0834.png
0.022651,0.06114,0.041896,0.015357,-2.061698,19.098743,14.912213,Drowsy,Drowsy/P0839.png
0.022651,0.05764,0.040146,0.0,-2.126671,20.1954,13.858855,Drowsy,Drowsy/P0843.png
0.022651,0.057896,0.040274,0.029551,-1.937868,20.213851,13.095269,Drowsy,Drowsy/P0848.png
0.026752,0.062314,0.044533,0.0,-1.227703,20.845953,13.290391,Drowsy,Drowsy/P0852.png
0.0,0.0701,0.03505,0.021136,-1.438215,20.090831,13.592644,Drowsy,Drowsy/P0857.png
0.015339,0.06911,0.042225,0.022143,-0.716256,20.585952,13.13754,Drowsy,Drowsy/P0861.png
0.026057,0.068633,0.047345,0.029037,-2.879682,21.579562,14.530231,Drowsy,Drowsy/P0866.png
0.022162,0.070385,0.046274,0.023099,-1.452114,20.647094,13.810345,Drowsy,Drowsy/P0870.png
0.037639,0.070588,0.054114,0.007473,-2.21732,21.951443,14.238807,Drowsy,Drowsy/P0875.png
0.033977,0.071934,0.052956,0.015399,-1.935395,22.637693,13.715444,Drowsy,Drowsy/P0879.png
0.022651,0.056623,0.039637,0.022753,-1.92043,21.941252,13.734947,Drowsy,Drowsy/P0884.png
0.011081,0.08279,0.046935,0.026288,-2.221482,21.949034,13.446487,Drowsy,Drowsy/P0888.png
0.022651,0.065311,0.043981,0.023157,-2.495723,22.500552,13.497079,Drowsy,Drowsy/P0893.png
0.016017,0.056623,0.03632,0.023515,-1.964335,23.23785,13.513287,Drowsy,Drowsy/P0897.png
0.029901,0.075429,0.052665,0.014728,-2.895806,24.295941,13.857872,Drowsy,Drowsy/P0901.png
0.015339,0.070385,0.042862,0.0,-2.766719,23.786575,13.22078,Drowsy,Drowsy/P0906.png
0.015021,0.077916,0.046469,0.014343,-2.341829,23.675835,12.799544,Drowsy,Drowsy/P0910.png
0.015339,0.077634,0.046487,0.014981,-3.242526,23.913969,12.73553,Drowsy,Drowsy/P0915.png
0.021587,0.070385,0.045986,0.00749,-2.368038,23.887431,12.995861,Drowsy,Drowsy/P0919.png
0.03421,0.075723,0.054966,0.007381,-2.454619,24.748687,13.076507,Drowsy,Drowsy/P0924.png
0.022162,0.088076,0.055119,0.023157,-1.912023,24.005655,13.251251,Drowsy,Drowsy/P0928.png
0.026752,0.069379,0.048066,0.00749,-2.518116,24.417592,13.324944,Drowsy,Drowsy/P0933.png
0.023639,0.097139,0.060389,0.014113,-2.587669,24.183499,13.794131,Drowsy,Drowsy/P0937.png
0.026057,0.075723,0.05089,0.014945,-3.144828,24.270138,14.10586,Drowsy,Drowsy/P0942.png
0.03421,0.099532,0.066871,0.017598,-5.109757,26.866214,12.629273,Drowsy,Drowsy/P0946.png
0.015021,0.092474,0.053748,0.007289,-2.816191,26.671526,12.01244,Drowsy,Drowsy/P0951.png
0.026186,0.092753,0.059469,0.007396,-3.131563,25.816347,12.431638,Drowsy,Drowsy/P0955.png
0.026186,0.092474,0.05933,0.01482,-2.816488,26.137128,12.055872,Drowsy,Drowsy/P0960.png
0.015021,0.101476,0.058248,0.022189,-3.752286,26.145082,12.235906,Drowsy,Drowsy/P0964.png
0.020811,0.080896,0.050854,0.007198,-3.609681,26.113821,11.825562,Drowsy,Drowsy/P0969.png
0.021243,0.084045,0.052644,0.010438,-4.297045,25.486976,13.246061,Drowsy,Drowsy/P0973.png
0.025643,0.075723,0.050683,0.007259,-4.666701,25.747108,13.367698,Drowsy,Drowsy/P0988.png
0.025643,0.090515,0.058079,0.010414,-6.004907,26.392869,13.992074,Drowsy,Drowsy/P0993.png
0.028843,0.094628,0.061736,0.016764,-5.377973,26.513564,13.717065,Drowsy,Drowsy/P0997.png
0.010572,0.098594,0.054583,0.022418,-6.92577,26.893449,13.9803,Drowsy,Drowsy/P1002.png
0.044712,0.101354,0.073033,0.016537,-5.385052,26.440711,13.430003,Drowsy,Drowsy/P1006.png
0.042995,0.079411,0.061203,0.020794,-8.586087,26.656544,14.578434,Drowsy,Drowsy/P1012.png
0.021472,0.09376,0.057616,0.025895,-7.391547,27.58315,14.558231,Drowsy,Drowsy/P1018.png
0.247098,0.23135,0.239224,0.0,-2.979605,-0.388078,-0.974944,Drowsy,Drowsy/Q0004.png
0.220508,0.215418,0.217963,0.0,-4.677445,0.726635,-1.241283,Drowsy,Drowsy/Q0008.png
0.23208,0.232353,0.232217,0.007928,-2.131077,-0.049557,-0.956636,Drowsy,Drowsy/Q0013.png
0.209204,0.209204,0.209204,0.0,-2.081231,0.026993,-0.918861,Drowsy,Drowsy/Q0017.png
0.202375,0.214176,0.208276,0.0,-1.811736,0.335646,-1.453681,Drowsy,Drowsy/Q0025.png
0.239332,0.19377,0.216551,0.0,-1.968004,-0.614784,-1.469865,Drowsy,Drowsy/Q0029.png
0.202468,0.205428,0.203948,0.0,-1.37761,-0.494557,-1.657444,Drowsy,Drowsy/Q0034.png
0.21943,0.200014,0.209722,0.0,-2.321641,-1.295145,-1.239724,Drowsy,Drowsy/Q0038.png
0.193355,0.210956,0.202155,0.0,-0.857814,-0.714525,-1.259667,Drowsy,Drowsy/Q0043.png
0.231974,0.220541,0.226257,0.0,-0.672464,-0.81941,-2.08627,Drowsy,Drowsy/Q0047.png
0.217342,0.205128,0.211235,0.008048,-0.72707,-0.556206,-2.125849,Drowsy,Drowsy/Q0051.png
0.193355,0.198935,0.196145,0.0,-0.325895,-0.382255,-1.733527,Drowsy,Drowsy/Q0056.png
0.217442,0.189994,0.203718,0.008048,-1.857508,-1.106837,-1.630767,Drowsy,Drowsy/Q0060.png
0.205529,0.212048,0.208788,0.008323,-2.537168,-1.522207,-1.326213,Drowsy,Drowsy/Q0065.png
0.220508,0.213882,0.217195,0.008048,-0.840145,0.318797,-2.187153,Drowsy,Drowsy/Q0069.png
0.236343,0.220863,0.228603,0.008055,-0.87442,-0.634119,-1.851913,Drowsy,Drowsy/Q0075.png
0.224237,0.208388,0.216313,0.008179,-0.724463,-1.010292,-2.027665,Drowsy,Drowsy/Q0079.png
0.220205,0.189994,0.205099,0.0,-0.660328,-0.063165,-2.333055,Drowsy,Drowsy/Q0084.png
0.239727,0.222453,0.23109,0.007921,-1.026463,-0.638609,-2.140321,Drowsy,Drowsy/Q0088.png
0.249771,0.251455,0.250613,0.0,-1.809063,0.20208,-1.818922,Drowsy,Drowsy/Q0093.png
0.19377,0.17463,0.1842,0.008315,-1.824891,-0.97973,-2.018983,Drowsy,Drowsy/Q0097.png
0.202871,0.205428,0.20415,0.0,-0.705249,-0.871737,-2.11881,Drowsy,Drowsy/Q0102.png
0.058474,0.0,0.029237,0.008179,-0.81491,-0.379448,-2.492209,Drowsy,Drowsy/Q0106.png
0.217342,0.189994,0.203668,0.0,-1.636641,-1.229851,-1.776117,Drowsy,Drowsy/Q0111.png
0.202871,0.198935,0.200903,0.0,0.162779,-0.75666,-2.310155,Drowsy,Drowsy/Q0115.png
0.202375,0.205128,0.203752,0.0,-1.635499,-0.342261,-2.092227,Drowsy,Drowsy/Q0119.png
0.207614,0.164367,0.18599,0.008048,-1.09652,0.17308,-2.152087,Drowsy,Drowsy/Q0124.png
0.213882,0.220541,0.217211,0.011567,-1.673636,-0.853762,-2.070092,Drowsy,Drowsy/Q0128.png
0.24248,0.220541,0.23151,0.0,-1.765993,-0.052206,-1.749457,Drowsy,Drowsy/Q0133.png
0.257694,0.24654,0.252117,0.008048,-3.040443,0.576034,-1.867451,Drowsy,Drowsy/Q0138.png
0.209204,0.220541,0.214873,0.0,-2.608523,-0.615459,-2.092881,Drowsy,Drowsy/Q0143.png
0.202097,0.220863,0.21148,0.0,-0.73955,-0.547055,-2.123313,Drowsy,Drowsy/Q0147.png
0.217087,0.207168,0.212127,0.0,3.683726,-1.80331,-4.71547,Drowsy,Drowsy/Q0152.png
0.219703,0.198482,0.209093,0.0,3.709238,-2.040893,-4.635542,Drowsy,Drowsy/Q0156.png
0.216549,0.206127,0.211338,0.0,1.460011,-2.020383,-4.381003,Drowsy,Drowsy/Q0161.png
0.01408,0.013884,0.013982,0.0,-0.154519,-0.613821,-3.152823,Drowsy,Drowsy/Q0167.png
0.232353,0.205428,0.218891,0.007928,-4.293223,-1.606352,-0.929324,Drowsy,Drowsy/Q0172.png
0.214275,0.211718,0.212997,0.008179,-3.792467,-1.070433,-1.358611,Drowsy,Drowsy/Q0176.png
0.193355,0.217442,0.205399,0.007691,-6.636107,-1.139566,1.189265,Drowsy,Drowsy/Q0190.png
0.23246,0.23135,0.231905,0.0,-7.720767,0.703524,-0.298167,Drowsy,Drowsy/Q0194.png
0.220609,0.213792,0.217201,0.008609,-14.956798,2.277308,-0.501101,Drowsy,Drowsy/Q0199.png
0.190587,0.18799,0.189288,0.0,-7.905853,-0.396228,-1.891685,Drowsy,Drowsy/Q0212.png
0.242431,0.258883,0.250657,0.007678,-6.185726,-0.030861,-1.813014,Drowsy,Drowsy/Q0216.png
0.222453,0.243959,0.233206,0.0,-5.85973,-1.004223,-1.804012,Drowsy,Drowsy/Q0221.png
0.235139,0.247329,0.241234,0.0,-4.922187,-1.12914,-1.845119,Drowsy,Drowsy/Q0225.png
0.193105,0.18665,0.189877,0.00767,-4.50269,-1.789344,-1.90482,Drowsy,Drowsy/Q0230.png
0.221714,0.229188,0.225451,0.0,-4.636508,-1.297257,-1.869399,Drowsy,Drowsy/Q0234.png
0.191288,0.199209,0.195249,0.00767,-5.210927,-0.18528,-2.190038,Drowsy,Drowsy/Q0239.png
0.139155,0.095783,0.117469,0.01663,-3.047351,0.704955,-2.903828,Drowsy,Drowsy/Q0243.png
0.201415,0.196783,0.199099,0.0,3.294122,0.17543,-6.753385,Drowsy,Drowsy/Q0248.png
0.20324,0.143018,0.173129,0.0,-0.899991,4.151821,-5.733632,Drowsy,Drowsy/Q0252.png
0.207168,0.166987,0.187077,0.0,-9.725748,2.477841,4.95127,Drowsy,Drowsy/Q0257.png
0.222506,0.252599,0.237552,0.0,-10.029201,2.821891,5.680544,Drowsy,Drowsy/Q0261.png
0.201636,0.209228,0.205432,0.015865,-9.76674,4.11947,5.073165,Drowsy,Drowsy/Q0266.png
0.187218,0.167959,0.177588,0.007936,-7.615277,4.319908,3.91538,Drowsy,Drowsy/Q0270.png
0.187645,0.149258,0.168452,0.0,-6.035883,4.010464,3.255771,Drowsy,Drowsy/Q0275.png
0.178146,0.175166,0.176656,0.008192,-6.464755,4.358564,3.627837,Drowsy,Drowsy/Q0279.png
0.122572,0.117755,0.120163,0.0,4.369917,-3.501261,-3.38686,Drowsy,Drowsy/Q0286.png
0.154766,0.141585,0.148175,0.0,0.808591,-5.230478,-1.613797,Drowsy,Drowsy/Q0291.png
0.146995,0.121268,0.134132,0.00806,-0.175433,-4.728813,-0.937399,Drowsy,Drowsy/Q0295.png
0.07925,0.060417,0.069834,0.0,-1.51981,-3.972059,-0.638318,Drowsy,Drowsy/Q0300.png
0.149712,0.152945,0.151329,0.008055,-1.972889,-3.72747,-1.253205,Drowsy,Drowsy/Q0304.png
0.162701,0.139729,0.151215,0.008179,-1.835803,-3.574668,-1.708607,Drowsy,Drowsy/Q0309.png
0.139473,0.137864,0.138669,0.0,-1.13377,-3.003367,-1.563017,Drowsy,Drowsy/Q0313.png
0.198935,0.183072,0.191004,0.0,-2.05212,-3.585568,-1.573767,Drowsy,Drowsy/Q0318.png
0.202097,0.169343,0.18572,0.0,-0.659611,-2.95107,-2.351855,Drowsy,Drowsy/Q0322.png
0.189256,0.182988,0.186122,0.008179,-1.996429,-2.984584,-2.537222,Drowsy,Drowsy/Q0329.png
0.202097,0.205128,0.203613,0.016339,-1.797172,-2.405807,-3.002777,Drowsy,Drowsy/Q0333.png
0.198482,0.213882,0.206182,0.008038,0.638629,-2.700622,-3.161963,Drowsy,Drowsy/Q0338.png
0.205285,0.19189,0.198587,0.0,1.547519,-2.679265,-3.658708,Drowsy,Drowsy/Q0342.png
0.201636,0.183989,0.192812,0.015823,0.848418,-3.298086,-3.262304,Drowsy,Drowsy/Q0347.png
0.198482,0.189994,0.194238,0.0,0.415015,-3.756516,-3.403801,Drowsy,Drowsy/Q0351.png
0.195752,0.201701,0.198727,0.0,1.755899,-2.458796,-3.468687,Drowsy,Drowsy/Q0356.png
0.198482,0.183989,0.191235,0.008027,1.690062,-2.146504,-4.015178,Drowsy,Drowsy/Q0360.png
0.232034,0.213882,0.222958,0.015578,2.014293,-3.700201,-3.632508,Drowsy,Drowsy/Q0365.png
0.231655,0.213395,0.222525,0.008157,0.497917,-2.317762,-3.802793,Drowsy,Drowsy/Q0369.png
0.213292,0.201333,0.207313,0.0,1.626233,-1.645724,-3.920771,Drowsy,Drowsy/Q0373.png
0.198482,0.213395,0.205938,0.007778,2.58176,-2.55601,-4.252202,Drowsy,Drowsy/Q0378.png
0.213751,0.207614,0.210683,0.0,1.853173,-2.778911,-4.004305,Drowsy,Drowsy/Q0382.png
0.134691,0.087807,0.111249,0.007901,1.110156,-1.886696,-3.823834,Drowsy,Drowsy/Q0387.png
0.198482,0.178212,0.188347,0.0,3.815309,-2.467458,-4.521593,Drowsy,Drowsy/Q0391.png
0.204268,0.196116,0.200192,0.0,1.536363,-4.988158,-3.882681,Drowsy,Drowsy/Q0396.png
0.194422,0.201701,0.198062,0.015319,3.796967,-7.036857,-5.344759,Drowsy,Drowsy/Q0400.png
0.203952,0.187835,0.195893,0.00767,1.51377,-5.368309,-3.453354,Drowsy,Drowsy/Q0405.png
0.186653,0.148944,0.167799,0.0,-2.749034,-4.804979,3.556243,Drowsy,Drowsy/Q0409.png
0.217342,0.22798,0.222661,0.007921,-3.846487,-3.219341,-1.618203,Drowsy,Drowsy/Q0414.png
0.224865,0.212808,0.218836,0.0,-0.922095,-3.360727,-3.509502,Drowsy,Drowsy/Q0424.png
0.221443,0.214176,0.21781,0.015855,-1.852932,-3.676103,-2.419348,Drowsy,Drowsy/Q0429.png
0.196174,0.198046,0.19711,0.0,-4.156947,-6.840719,-0.550721,Drowsy,Drowsy/Q0433.png
0.20721,0.193355,0.200283,0.007797,-1.99198,-4.372548,-2.734187,Drowsy,Drowsy/Q0438.png
0.187645,0.189994,0.188819,0.008315,-2.683763,-4.512363,-2.442817,Drowsy,Drowsy/Q0442.png
0.092371,0.058824,0.075597,0.0,-1.160521,-4.574101,-3.39946,Drowsy,Drowsy/Q0447.png
0.231505,0.188426,0.209965,0.008179,-1.876093,-4.807733,-3.166982,Drowsy,Drowsy/Q0451.png
0.198935,0.184242,0.191589,0.0,-1.333901,-4.865383,-2.928461,Drowsy,Drowsy/Q0455.png
0.216549,0.205428,0.210989,0.016096,-2.546057,-4.740211,-2.815675,Drowsy,Drowsy/Q0460.png
0.172767,0.154113,0.16344,0.008038,-1.892811,-4.162916,-2.526799,Drowsy,Drowsy/Q0464.png
0.190587,0.184326,0.187457,0.0,-3.587089,-4.26336,-1.494785,Drowsy,Drowsy/Q0469.png
0.212573,0.215418,0.213996,0.0,-2.090219,0.838953,-0.43392,Drowsy,Drowsy/Q0473.png
0.040145,0.0147,0.027422,0.008048,-2.486671,-1.353571,-2.560555,Drowsy,Drowsy/Q0487.png
0.196428,0.187903,0.192166,0.007797,-2.777992,-2.519845,-2.217144,Drowsy,Drowsy/Q0491.png
0.187645,0.17463,0.181138,0.0,-2.602113,-2.294142,-2.211682,Drowsy,Drowsy/Q0496.png
0.193487,0.19377,0.193628,0.008055,-1.127223,-2.876972,-2.257018,Drowsy,Drowsy/Q0500.png
0.202592,0.193487,0.19804,0.008179,-0.458878,-2.67808,-2.662114,Drowsy,Drowsy/Q0505.png
0.189716,0.189994,0.189855,0.008305,-0.661317,-2.765332,-3.050188,Drowsy,Drowsy/Q0509.png
0.207614,0.192138,0.199876,0.0,-0.429583,-1.905238,-3.17714,Drowsy,Drowsy/Q0514.png
0.210683,0.184242,0.197462,0.0,-1.674061,-2.541719,-2.982772,Drowsy,Drowsy/Q0518.png
0.0274,0.013884,0.020642,0.007912,-0.914085,-2.143661,-4.030251,Drowsy,Drowsy/Q0523.png
0.208388,0.198482,0.203435,0.0,0.550574,-2.526552,-3.715272,Drowsy,Drowsy/Q0527.png
0.0411,0.013509,0.027304,0.0,0.423756,-2.401268,-3.552862,Drowsy,Drowsy/Q0532.png
0.181754,0.183989,0.182871,0.0,-0.142709,-2.69481,-3.700489,Drowsy,Drowsy/Q0536.png
0.059907,0.013889,0.036898,0.008014,-0.358833,-1.486284,-4.369622,Drowsy,Drowsy/Q0550.png
0.172374,0.149712,0.161043,0.008014,1.527077,-2.656481,-4.683407,Drowsy,Drowsy/Q0555.png
0.196428,0.135777,0.166102,0.0,-0.11663,0.831294,-1.99307,Drowsy,Drowsy/Q0559.png
0.189994,0.189994,0.189994,0.0,-3.319222,0.020546,-1.132989,Drowsy,Drowsy/Q0564.png
0.178406,0.163735,0.171071,0.0,-2.625197,-1.08011,-1.042367,Drowsy,Drowsy/Q0568.png
0.202375,0.19377,0.198072,0.0,-1.640729,-1.376161,-1.634665,Drowsy,Drowsy/Q0573.png
0.202375,0.19377,0.198072,0.008055,-1.674503,-0.500419,-2.110941,Drowsy,Drowsy/Q0577.png
0.063654,0.034475,0.049064,0.0,-1.29492,0.331792,-2.563181,Drowsy,Drowsy/Q0582.png
0.225157,0.193355,0.209256,0.0,-0.853264,0.042656,-2.722127,Drowsy,Drowsy/Q0586.png
0.172767,0.183989,0.178378,0.0,1.707948,-0.433428,-3.381763,Drowsy,Drowsy/Q0591.png
0.197257,0.1631,0.180179,0.0,0.215482,0.557617,-3.655204,Drowsy,Drowsy/Q0595.png
0.089766,0.074948,0.082357,0.023735,1.336099,1.152796,-3.245111,Drowsy,Drowsy/Q0600.png
0.230394,0.197051,0.213723,0.0,5.789724,-3.579187,-7.002242,Drowsy,Drowsy/Q0604.png
0.184326,0.19377,0.189048,0.0,-6.958109,-2.290818,1.556586,Drowsy,Drowsy/Q0609.png
0.217442,0.219231,0.218336,0.00806,-6.381652,-3.212441,0.046347,Drowsy,Drowsy/Q0613.png
0.225189,0.234261,0.229725,0.046777,3.520596,-24.18952,-3.964734,Drowsy,Drowsy/R0001.png
0.229837,0.228245,0.229041,0.046061,3.075353,-22.127093,-3.412603,Drowsy,Drowsy/R0005.png
0.125402,0.187409,0.156405,0.055663,3.458683,-22.801819,-3.58521,Drowsy,Drowsy/R0009.png
0.251765,0.257458,0.254611,0.043365,3.365115,-22.539831,-3.543164,Drowsy,Drowsy/R0014.png
0.295075,0.280796,0.287935,0.067543,-3.5115,-23.259774,0.732769,Drowsy,Drowsy/R0018.png
0.249051,0.247859,0.248455,0.05056,-10.480834,-21.82821,12.504292,Drowsy,Drowsy/R0023.png
0.276091,0.26603,0.27106,0.046533,-10.424577,-21.583783,3.886574,Drowsy,Drowsy/R0027.png
0.258293,0.259069,0.258681,0.029768,-6.066871,-17.447158,-1.787713,Drowsy,Drowsy/R0032.png
0.076182,0.132164,0.104173,0.040387,-5.503844,-23.055776,-0.306374,Drowsy,Drowsy/R0036.png
0.330274,0.3592,0.344737,0.044652,-3.332552,-16.998116,-2.182501,Drowsy,Drowsy/R0041.png
0.310512,0.331635,0.321074,0.026098,1.466905,-20.710932,-10.998215,Drowsy,Drowsy/R0045.png
0.3039,0.327681,0.31579,0.044334,4.018165,-22.835898,-9.510293,Drowsy,Drowsy/R0050.png
0.261636,0.281736,0.271686,0.046184,4.328745,-23.00279,-9.455683,Drowsy,Drowsy/R0056.png
0.275451,0.279061,0.277256,0.065646,2.986101,-24.175787,-9.0669,Drowsy,Drowsy/R0061.png
0.267781,0.258304,0.263042,0.058116,2.56471,-23.511671,-8.546646,Drowsy,Drowsy/R0065.png
0.206725,0.244438,0.225581,0.050788,1.745729,-24.704966,-8.26136,Drowsy,Drowsy/R0070.png
0.102323,0.105633,0.103978,0.06135,2.255995,-27.383482,-7.653283,Drowsy,Drowsy/R0074.png
0.297888,0.313774,0.305831,0.065253,-2.409695,-20.820871,-4.874438,Drowsy,Drowsy/R0079.png
0.29876,0.313279,0.306019,0.082757,-3.686717,-22.742764,-3.187591,Drowsy,Drowsy/R0083.png
0.276447,0.323385,0.299916,0.071268,-2.968227,-22.392199,-3.729975,Drowsy,Drowsy/R0087.png
0.24431,0.260768,0.252539,0.059642,-4.423961,-24.606556,12.199998,Drowsy,Drowsy/R0092.png
0.246126,0.230217,0.238171,0.053684,-1.21869,-18.156022,13.437384,Drowsy,Drowsy/R0097.png
0.119613,0.161695,0.140654,0.024533,3.247606,-20.110367,-7.499865,Drowsy,Drowsy/R0150.png
0.265398,0.272602,0.269,0.050128,4.616547,-15.404553,-3.751445,Drowsy,Drowsy/R0154.png
0.235192,0.243863,0.239528,0.089131,-3.641338,-13.812934,1.512946,Drowsy,Drowsy/R0159.png
0.255704,0.25658,0.256142,0.06721,-7.922247,-17.708487,9.054783,Drowsy,Drowsy/R0163.png
0.01428,0.0145,0.01439,0.048533,-3.646483,-11.056102,9.414974,Drowsy,Drowsy/R0168.png
0.351575,0.334489,0.343032,0.022021,10.203888,-3.732204,1.484512,Drowsy,Drowsy/R0172.png
0.306708,0.315453,0.31108,0.109367,-6.599831,-11.61943,1.191364,Drowsy,Drowsy/R0183.png
0.280105,0.273441,0.276773,0.037309,-6.273732,-11.545449,1.695474,Drowsy,Drowsy/R0187.png
0.286672,0.303647,0.295159,0.045848,-4.535984,-15.273322,-0.250301,Drowsy,Drowsy/R0192.png
0.297475,0.290988,0.294232,0.022189,5.975599,-15.193551,-8.135187,Drowsy,Drowsy/R0196.png
0.272769,0.27883,0.2758,0.015399,8.60601,-14.497897,-10.326585,Drowsy,Drowsy/R0201.png
0.298203,0.283979,0.291091,0.029932,7.202419,-13.569715,-9.941586,Drowsy,Drowsy/R0205.png
0.268228,0.291087,0.279658,0.023099,8.38784,-13.952376,-9.79629,Drowsy,Drowsy/R0210.png
0.276573,0.279588,0.278081,0.026693,7.5471,-14.009949,-9.729533,Drowsy,Drowsy/R0214.png
0.164228,0.202238,0.183233,0.023515,7.151458,-16.128955,-9.637886,Drowsy,Drowsy/R0218.png
0.257568,0.263702,0.260635,0.047543,6.874611,-20.603631,-10.279881,Drowsy,Drowsy/R0223.png
0.269423,0.282115,0.275769,0.045676,6.923378,-20.22655,-4.680804,Drowsy,Drowsy/R0227.png
0.255943,0.245303,0.250623,0.076196,3.000304,-16.560115,7.950332,Drowsy,Drowsy/R0233.png
0.287936,0.256146,0.272041,0.10093,2.984216,-18.979274,5.963805,Drowsy,Drowsy/R0237.png
0.272919,0.241455,0.257187,0.04443,3.223586,-17.30632,5.067076,Drowsy,Drowsy/R0242.png
0.311633,0.258873,0.285253,0.191514,1.774376,-18.802695,4.975456,Drowsy,Drowsy/R0246.png
0.27893,0.268228,0.273579,0.068103,-8.344613,-16.614452,6.807924,Drowsy,Drowsy/R0251.png
0.288382,0.285714,0.287048,0.044771,15.238068,-15.282586,-3.928685,Drowsy,Drowsy/R0255.png
0.286787,0.279291,0.283039,0.027301,10.581512,-19.934347,-5.790325,Drowsy,Drowsy/R0260.png
0.207745,0.211272,0.209509,0.0,-4.408706,-4.315472,0.355378,Drowsy,Drowsy/S0026.png
0.213741,0.206725,0.210233,0.020833,-4.551814,-4.817814,0.788262,Drowsy,Drowsy/S0031.png
0.183739,0.193953,0.188846,0.0,-4.897156,-4.365773,0.605842,Drowsy,Drowsy/S0035.png
0.147307,0.145826,0.146566,0.013889,-4.357616,-4.7196,0.271238,Drowsy,Drowsy/S0040.png
0.180108,0.199123,0.189615,0.014085,60.70662,43.849004,31.527334,Drowsy,Drowsy/S0044.png
0.17226,0.186081,0.17917,0.007042,-4.103658,-4.071099,0.470876,Drowsy,Drowsy/S0049.png
0.159498,0.173077,0.166288,0.014286,-5.253066,-4.475206,0.273263,Drowsy,Drowsy/S0053.png
0.160365,0.185082,0.172723,0.0,-4.210185,-3.904966,-0.03808,Drowsy,Drowsy/S0057.png
0.180108,0.194017,0.187062,0.007246,-3.834504,-2.869282,-0.010756,Drowsy,Drowsy/S0062.png
0.160365,0.186016,0.173191,0.0,-4.002061,-2.904227,-0.564684,Drowsy,Drowsy/S0066.png
0.156593,0.176721,0.166657,0.006849,-3.198657,-3.901299,-0.674236,Drowsy,Drowsy/S0071.png
0.171598,0.193953,0.182776,0.0,-3.436151,-3.181525,-1.074931,Drowsy,Drowsy/S0075.png
0.159498,0.180339,0.169919,0.01428,-3.702375,-2.810218,-1.144991,Drowsy,Drowsy/S0080.png
0.143802,0.164423,0.154112,0.0,-2.849017,-3.38047,-1.299518,Drowsy,Drowsy/S0084.png
0.20309,0.213704,0.208397,0.00714,-2.904891,-3.178262,-1.427463,Drowsy,Drowsy/S0089.png
0.215543,0.232714,0.224129,0.017,-1.604924,-3.090638,-0.851067,Drowsy,Drowsy/S0093.png
0.196582,0.206657,0.201619,0.006944,-2.609581,-3.809426,-0.63637,Drowsy,Drowsy/S0098.png
0.175833,0.193953,0.184893,0.024041,-1.952809,-3.919824,-0.609342,Drowsy,Drowsy/S0102.png
0.23237,0.237242,0.234806,0.013502,-3.62692,-1.704512,-0.485329,Drowsy,Drowsy/S0108.png
0.219601,0.232113,0.225857,0.006944,-3.136095,-1.458714,-0.031697,Drowsy,Drowsy/S0112.png
0.195649,0.211272,0.20346,0.02142,-4.015597,-2.394181,-0.159133,Drowsy,Drowsy/S0117.png
0.200528,0.212165,0.206346,0.0,-3.659033,-3.319707,0.342125,Drowsy,Drowsy/S0121.png
0.220601,0.206657,0.213629,0.007352,-3.034283,-3.463692,-0.038637,Drowsy,Drowsy/S0126.png
0.228365,0.217898,0.223132,0.013824,1.793152,-3.542082,-5.327888,Drowsy,Drowsy/S0130.png
0.245754,0.222314,0.234034,0.023853,2.574873,-2.596577,-7.080099,Drowsy,Drowsy/S0134.png
0.215664,0.199228,0.207446,0.014419,1.369337,-2.577499,-6.101294,Drowsy,Drowsy/S0139.png
0.212091,0.216811,0.214451,0.017159,0.366297,-4.410481,-4.675381,Drowsy,Drowsy/S0143.png
0.191741,0.180162,0.185951,0.007031,-2.926658,-3.219893,-4.658853,Drowsy,Drowsy/S0148.png
0.196407,0.200216,0.198311,0.0,-2.331116,-5.064708,-4.736143,Drowsy,Drowsy/S0152.png
0.24275,0.2383,0.240525,0.013884,-5.724015,-4.7368,2.07115,Drowsy,Drowsy/S0158.png
0.230674,0.259503,0.245089,0.013509,-2.362828,-4.587246,3.481495,Drowsy,Drowsy/S0162.png
0.200556,0.230417,0.215486,0.006938,-0.236437,-4.161701,4.021206,Drowsy,Drowsy/S0167.png
0.211445,0.206725,0.209085,0.00735,-0.191808,-3.42245,3.008482,Drowsy,Drowsy/S0171.png
0.198456,0.201493,0.199975,0.0,-0.511904,-3.254046,3.599174,Drowsy,Drowsy/S0176.png
0.21222,0.226385,0.219302,0.0,-0.204389,-4.411165,3.524325,Drowsy,Drowsy/S0180.png
0.212134,0.206453,0.209294,0.014072,-0.643279,-4.352004,4.082548,Drowsy,Drowsy/S0185.png
0.230612,0.240593,0.235603,0.0,-1.00479,-3.184568,3.991611,Drowsy,Drowsy/S0189.png
0.248759,0.25302,0.25089,0.020815,0.010626,-3.618316,3.77215,Drowsy,Drowsy/S0194.png
0.241612,0.236399,0.239005,0.014062,-0.591536,-4.577303,4.046806,Drowsy,Drowsy/S0198.png
0.211445,0.205898,0.208672,0.013877,-0.630957,-4.647779,4.159415,Drowsy,Drowsy/S0204.png
0.187751,0.19154,0.189646,0.0,-0.092732,-5.790362,3.974269,Drowsy,Drowsy/S0208.png
0.1942,0.189107,0.191654,0.0,-0.712335,-4.057705,3.345637,Drowsy,Drowsy/S0212.png
0.171141,0.193762,0.182452,0.0,-2.014181,-3.922959,3.353855,Drowsy,Drowsy/S0217.png
0.060957,0.078591,0.069774,0.007031,-1.803334,-5.140258,3.407907,Drowsy,Drowsy/S0221.png
0.200528,0.193953,0.19724,0.006849,-4.040367,-8.392255,-0.499434,Drowsy,Drowsy/S0226.png
0.201009,0.229345,0.215177,0.0,-4.097036,-0.326276,7.485654,Drowsy,Drowsy/S0230.png
0.218475,0.216,0.217238,0.007039,-3.501229,-5.174052,3.570549,Drowsy,Drowsy/S0235.png
0.174945,0.180398,0.177672,0.025105,-2.724495,-5.815595,0.21198,Drowsy,Drowsy/S0239.png
0.191932,0.180363,0.186148,0.017313,-2.46625,-12.536109,-9.461655,Drowsy,Drowsy/S0244.png
0.187074,0.179838,0.183456,0.014142,-3.619993,-10.025506,-8.787843,Drowsy,Drowsy/S0248.png
0.174752,0.170671,0.172711,0.014169,-2.758989,-10.709271,-8.080026,Drowsy,Drowsy/S0253.png
0.205132,0.203532,0.204332,0.013782,-1.346156,-9.158045,-8.180699,Drowsy,Drowsy/S0257.png
0.193274,0.204255,0.198764,0.0,-3.701409,-10.26115,-7.584356,Drowsy,Drowsy/S0262.png
0.17165,0.179457,0.175553,0.020038,-3.631751,-9.276188,-7.722283,Drowsy,Drowsy/S0266.png
0.190948,0.205046,0.197997,0.013996,0.486278,-16.245216,-7.909856,Drowsy,Drowsy/S0271.png
0.216636,0.219686,0.218161,0.006944,1.086008,-7.474034,-10.200562,Drowsy,Drowsy/S0275.png
0.203874,0.208116,0.205995,0.014517,0.379493,-6.067043,-10.382528,Drowsy,Drowsy/S0279.png
0.183804,0.177561,0.180682,0.026886,0.572826,-8.80515,-10.853626,Drowsy,Drowsy/S0284.png
0.18307,0.173713,0.178391,0.007411,2.304831,-8.361391,-11.930512,Drowsy,Drowsy/S0288.png
0.175169,0.159403,0.167286,0.014361,4.574154,-4.632904,-12.917503,Drowsy,Drowsy/S0294.png
0.067437,0.061486,0.064462,0.025685,3.314392,-6.263092,-12.995393,Drowsy,Drowsy/S0298.png
0.12179,0.110315,0.116053,0.014162,4.112152,-4.938832,-13.858713,Drowsy,Drowsy/S0303.png
0.158015,0.132013,0.145014,0.0,3.729099,-1.173995,-13.296224,Drowsy,Drowsy/S0307.png
0.147086,0.134146,0.140616,0.0,4.673883,-3.339674,-13.723452,Drowsy,Drowsy/S0312.png
0.179694,0.147351,0.163523,0.014118,4.027303,-2.770587,-13.793404,Drowsy,Drowsy/S0316.png
0.141421,0.113968,0.127694,0.014118,4.146814,-3.75059,-14.278601,Drowsy,Drowsy/S0321.png
0.184128,0.146525,0.165327,0.006963,4.298048,-3.541182,-13.903265,Drowsy,Drowsy/S0325.png
0.158762,0.128507,0.143634,0.007157,5.807177,-2.31405,-14.123982,Drowsy,Drowsy/S0331.png
0.210615,0.184762,0.197689,0.0,4.145914,-3.340418,-13.914386,Drowsy,Drowsy/S0335.png
0.130201,0.074078,0.102139,0.014118,3.468558,-2.532269,-13.720309,Drowsy,Drowsy/S0340.png
0.217899,0.215102,0.216501,0.0,1.023518,3.352317,-4.171766,Drowsy,Drowsy/S0346.png
0.224426,0.22299,0.223708,0.014487,-1.399848,-2.785951,-2.446601,Drowsy,Drowsy/S0351.png
0.206725,0.215509,0.211117,0.00714,-1.598089,-3.040609,-2.63751,Drowsy,Drowsy/S0355.png
0.129432,0.119875,0.124654,0.007036,-1.623278,-3.863971,-2.906881,Drowsy,Drowsy/S0359.png
0.176721,0.184571,0.180646,0.007234,-0.872772,-1.73255,-3.382256,Drowsy,Drowsy/S0364.png
0.07506,0.077004,0.076032,0.007131,-1.405455,-0.927173,-3.417351,Drowsy,Drowsy/S0368.png
0.176721,0.153393,0.165057,0.0,-0.770796,-2.457432,-3.546231,Drowsy,Drowsy/S0373.png
0.206725,0.171608,0.189166,0.014468,-0.131396,-1.183921,-3.676921,Drowsy,Drowsy/S0377.png
0.186796,0.168142,0.177469,0.007131,-1.077129,-0.407161,-3.116106,Drowsy,Drowsy/S0382.png
0.211441,0.198029,0.204735,0.0,-0.309482,-0.135684,-3.916788,Drowsy,Drowsy/S0386.png
0.174962,0.187453,0.181208,0.0,-0.157629,0.404228,-3.920106,Drowsy,Drowsy/S0391.png
0.174807,0.139381,0.157094,0.013667,-0.515149,-0.881045,-4.027122,Drowsy,Drowsy/S0395.png
0.074795,0.039417,0.057106,0.007017,0.607526,3.838379,-4.821912,Drowsy,Drowsy/S0400.png
0.155917,0.133038,0.144478,0.009797,0.003084,2.581564,-4.617243,Drowsy,Drowsy/S0404.png
0.228437,0.223949,0.226193,0.0,0.445957,1.924157,-4.92895,Drowsy,Drowsy/S0409.png
0.203856,0.204058,0.203957,0.0,-0.679824,-0.339908,-3.756182,Drowsy,Drowsy/S0413.png
0.232714,0.219251,0.225983,0.0,-1.226998,0.529774,-1.458146,Drowsy,Drowsy/S0418.png
0.220601,0.232113,0.226357,0.0,-3.805687,-3.960255,-0.201274,Drowsy,Drowsy/S0422.png
0.207829,0.212091,0.20996,0.006847,-3.572437,-4.937116,-0.100905,Drowsy,Drowsy/S0427.png
0.196582,0.210453,0.203518,0.014079,-3.106965,-4.17967,-0.601769,Drowsy,Drowsy/S0431.png
0.208504,0.204859,0.206681,0.007039,-3.16278,-1.664918,-1.332445,Drowsy,Drowsy/S0435.png
0.174962,0.185082,0.180022,0.01428,-3.621708,-2.015274,-1.458315,Drowsy,Drowsy/S0440.png
0.184553,0.180339,0.182446,0.0,-2.653057,-3.371949,-1.725239,Drowsy,Drowsy/S0444.png
0.184498,0.210453,0.197476,0.006847,-2.985245,-4.215644,-1.21581,Drowsy,Drowsy/S0449.png
0.127436,0.112465,0.11995,0.006844,-0.442465,-4.238599,-2.183173,Drowsy,Drowsy/S0453.png
0.203781,0.190261,0.197021,0.0,-0.574744,-3.425347,-1.717626,Drowsy,Drowsy/S0458.png
0.207255,0.219251,0.213253,0.006661,-1.09205,-3.600743,-1.11807,Drowsy,Drowsy/S0462.png
0.188388,0.200716,0.194552,0.0,-1.004716,-4.338503,-1.278525,Drowsy,Drowsy/S0467.png
0.099033,0.077004,0.088019,0.020815,-0.976627,-4.263042,-1.909534,Drowsy,Drowsy/S0471.png
0.112465,0.116963,0.114714,0.02054,-0.703803,-3.980312,-1.274557,Drowsy,Drowsy/S0476.png
0.08331,0.047619,0.065464,0.0,-1.185449,-3.404117,-1.860824,Drowsy,Drowsy/S0480.png
0.049203,0.059507,0.054355,0.013687,-1.625417,-2.330608,-1.994105,Drowsy,Drowsy/S0485.png
0.176721,0.168418,0.17257,0.013877,-0.71462,-2.411242,-1.860047,Drowsy,Drowsy/S0489.png
0.167578,0.159016,0.163297,0.007031,-0.704645,-2.929917,-2.091981,Drowsy,Drowsy/S0494.png
0.18125,0.146925,0.164088,0.0,-0.880963,-2.043313,-1.872513,Drowsy,Drowsy/S0498.png
0.184498,0.176556,0.180527,0.0,-1.784948,-0.814881,-1.739043,Drowsy,Drowsy/S0503.png
0.201556,0.19265,0.197103,0.016522,-0.718791,-1.507815,-1.838828,Drowsy,Drowsy/S0507.png
0.143356,0.132836,0.138096,0.007036,-1.491082,-3.2387,-1.787409,Drowsy,Drowsy/S0511.png
0.175396,0.188766,0.182081,0.0,-2.774351,-0.132836,0.848503,Drowsy,Drowsy/S0516.png
0.193132,0.19856,0.195846,0.006316,0.322371,-9.861551,3.897013,Drowsy,Drowsy/T0003.png
0.175245,0.19856,0.186902,0.012312,0.362968,-9.530514,3.255835,Drowsy,Drowsy/T0008.png
0.162747,0.191094,0.17692,0.006397,0.0728,-10.555545,3.957669,Drowsy,Drowsy/T0012.png
0.163617,0.179701,0.171659,0.012484,-0.098917,-9.03979,3.662706,Drowsy,Drowsy/T0017.png
0.185996,0.215056,0.200526,0.0,-0.650873,-10.472242,3.913769,Drowsy,Drowsy/T0021.png
0.203724,0.191094,0.197409,0.006565,-0.376315,-9.38643,4.224654,Drowsy,Drowsy/T0026.png
0.191163,0.210192,0.200677,0.013117,-0.594621,-9.413655,3.897284,Drowsy,Drowsy/T0030.png
0.195064,0.208195,0.20163,0.006565,-0.26246,-12.977581,3.858845,Drowsy,Drowsy/T0035.png
0.18672,0.191094,0.188907,0.006645,-0.129961,-9.714868,4.083153,Drowsy,Drowsy/T0039.png
0.185996,0.217006,0.201501,0.0,-0.447698,-9.173088,3.968837,Drowsy,Drowsy/T0044.png
0.183233,0.202864,0.193048,0.014874,-2.173107,-17.785911,3.374671,Drowsy,Drowsy/T0048.png
0.174371,0.202864,0.188617,0.006165,-1.028663,-17.894463,2.721543,Drowsy,Drowsy/T0053.png
0.151122,0.166758,0.15894,0.006165,-1.222868,-18.203375,2.771556,Drowsy,Drowsy/T0057.png
0.167317,0.185968,0.176642,0.012331,-0.731835,-15.355158,2.575907,Drowsy,Drowsy/T0062.png
0.167415,0.19856,0.182987,0.00609,-0.65039,-15.626082,2.560915,Drowsy,Drowsy/T0066.png
0.167358,0.18704,0.177199,0.014517,-1.140374,-12.984256,2.487027,Drowsy,Drowsy/T0070.png
0.145328,0.17439,0.159859,0.006161,-0.805352,-13.424729,2.864757,Drowsy,Drowsy/T0075.png
0.174419,0.174718,0.174568,0.018496,-0.17042,-11.731199,2.875429,Drowsy,Drowsy/T0079.png
0.160706,0.18704,0.173873,0.012331,0.167015,-11.874913,2.605622,Drowsy,Drowsy/T0084.png
0.175198,0.195359,0.185278,0.006406,-0.026761,-14.214806,2.662605,Drowsy,Drowsy/T0088.png
0.172414,0.172414,0.172414,0.0,2.420224,-6.155457,1.220093,Drowsy,Drowsy/T0093.png
0.191217,0.203551,0.197384,0.012804,2.729792,-6.866258,4.027372,Drowsy,Drowsy/T0097.png
0.162615,0.17218,0.167397,0.017603,3.310551,-35.993561,3.666622,Drowsy,Drowsy/T0102.png
0.162747,0.188818,0.175782,0.0,2.786662,-12.909818,5.465264,Drowsy,Drowsy/T0106.png
0.180159,0.186574,0.183366,0.012811,0.586262,-2.023479,2.507672,Drowsy,Drowsy/T0111.png
0.167513,0.191904,0.179708,0.0,0.182053,-2.705259,2.399743,Drowsy,Drowsy/T0115.png
0.187444,0.203724,0.195584,0.0,-0.198312,-0.618796,2.630174,Drowsy,Drowsy/T0120.png
0.163535,0.184334,0.173934,0.0,-0.223857,-4.241208,2.71971,Drowsy,Drowsy/T0127.png
0.158348,0.1811,0.169724,0.013453,0.120577,-3.251154,5.424616,Drowsy,Drowsy/T0132.png
0.191217,0.198989,0.195103,0.012649,0.784247,-2.704423,2.57524,Drowsy,Drowsy/T0136.png
0.183794,0.198648,0.191221,0.006657,0.804954,-2.284756,2.987962,Drowsy,Drowsy/T0141.png
0.143842,0.19093,0.167386,0.0,-0.872405,-3.82924,3.320283,Drowsy,Drowsy/T0145.png
0.168311,0.195839,0.182075,0.005746,0.683979,-2.576709,2.924575,Drowsy,Drowsy/T0149.png
0.191959,0.191471,0.191715,0.006938,-0.228675,-6.159447,2.715468,Drowsy,Drowsy/T0154.png
0.159546,0.186574,0.17306,0.0,-0.227269,-2.573169,2.211161,Drowsy,Drowsy/T0158.png
0.14836,0.176556,0.162458,0.01314,-0.852989,-1.90779,2.591707,Drowsy,Drowsy/T0163.png
0.155747,0.179955,0.167851,0.006485,1.233973,-1.601073,2.717941,Drowsy,Drowsy/T0167.png
0.156593,0.179955,0.168274,0.021593,-0.267793,0.157118,2.669357,Drowsy,Drowsy/T0172.png
0.163617,0.177676,0.170647,0.006325,0.186682,-0.017694,2.627633,Drowsy,Drowsy/T0176.png
0.175969,0.189429,0.182699,0.012642,-0.265984,-1.444689,2.723109,Drowsy,Drowsy/T0181.png
0.174419,0.170413,0.172416,0.0,-0.456562,-6.401849,3.660518,Drowsy,Drowsy/T0185.png
0.160365,0.186218,0.173291,0.012649,-0.922903,-7.238591,3.247773,Drowsy,Drowsy/T0190.png
0.227214,0.239012,0.233113,0.006406,-0.71441,-3.894043,3.420462,Drowsy,Drowsy/T0194.png
0.203724,0.203264,0.203494,0.0,-0.491152,-4.993323,3.479062,Drowsy,Drowsy/T0199.png
0.191217,0.184334,0.187775,0.0,0.307731,-7.587684,3.010363,Drowsy,Drowsy/T0203.png
0.151163,0.181885,0.166524,0.006242,-0.122132,-6.213825,3.190614,Drowsy,Drowsy/T0208.png
0.168359,0.179701,0.17403,0.00648,-0.384255,-6.84454,3.593386,Drowsy,Drowsy/T0212.png
0.147351,0.176282,0.161816,0.006565,-0.583882,-6.525961,3.64308,Drowsy,Drowsy/T0217.png
0.140497,0.158365,0.149431,0.006316,-0.119119,-5.230945,3.85555,Drowsy,Drowsy/T0225.png
0.160365,0.1517,0.156032,0.0,-0.899991,-6.168449,3.617858,Drowsy,Drowsy/T0230.png
0.152125,0.174548,0.163336,0.015444,-0.602522,-4.993248,3.556651,Drowsy,Drowsy/T0235.png
0.167465,0.170413,0.168939,0.01296,-0.678046,-3.413285,3.960807,Drowsy,Drowsy/T0239.png
0.156593,0.167931,0.162262,0.006397,-0.221743,-5.499607,3.737682,Drowsy,Drowsy/T0245.png
0.144828,0.170413,0.15762,0.006316,0.123103,-5.144069,3.667886,Drowsy,Drowsy/T0249.png
0.155703,0.198353,0.177028,0.0,-0.53697,-3.57651,3.605804,Drowsy,Drowsy/T0254.png
0.191904,0.208195,0.20005,0.006741,-0.749788,-3.962298,4.078125,Drowsy,Drowsy/T0258.png
0.175198,0.181885,0.178541,0.019454,0.506971,-4.048571,3.813576,Drowsy,Drowsy/T0263.png
0.171547,0.19093,0.181239,0.016072,-0.874661,-5.755928,3.658908,Drowsy,Drowsy/T0267.png
0.159498,0.19093,0.175214,0.01313,0.100559,-6.218568,3.495015,Drowsy,Drowsy/T0272.png
0.172414,0.178887,0.175651,0.0,-0.921353,-3.265164,3.89226,Drowsy,Drowsy/T0276.png
0.167465,0.170413,0.168939,0.006321,-0.025822,-5.017878,3.575453,Drowsy,Drowsy/T0281.png
0.156549,0.166207,0.161378,0.006397,-0.583315,-6.732205,3.886765,Drowsy,Drowsy/T0285.png
0.147549,0.150594,0.149071,0.006402,-0.163089,-7.018631,3.769895,Drowsy,Drowsy/T0290.png
0.07336,0.080661,0.077011,0.0,-1.57279,-5.77499,3.700256,Drowsy,Drowsy/T0294.png
0.155747,0.174548,0.165147,0.006402,-0.301277,-4.438138,3.450867,Drowsy,Drowsy/T0299.png
0.171598,0.169582,0.17059,0.006402,-0.908438,-5.631751,3.867389,Drowsy,Drowsy/T0303.png
0.155703,0.154322,0.155012,0.006321,-0.946415,-6.741921,3.814199,Drowsy,Drowsy/T0307.png
0.144828,0.154322,0.149575,0.00648,-1.153342,-5.260675,3.660551,Drowsy,Drowsy/T0312.png
0.178521,0.196116,0.187318,0.006485,-0.169436,-6.175491,3.822465,Drowsy,Drowsy/T0316.png
0.147351,0.159985,0.153668,0.013304,-0.466896,-5.185029,3.617663,Drowsy,Drowsy/T0321.png
0.143842,0.142395,0.143119,0.006397,-0.630941,-6.187522,3.622402,Drowsy,Drowsy/T0325.png
0.179262,0.197944,0.188603,0.0,-0.308724,-5.000704,4.028129,Drowsy,Drowsy/T0330.png
0.142857,0.174548,0.158702,0.006402,-0.137166,-5.389586,3.826925,Drowsy,Drowsy/T0334.png
0.143842,0.174548,0.159195,0.006316,-0.951987,-4.619758,3.713962,Drowsy,Drowsy/T0339.png
0.180108,0.198353,0.189231,0.012794,-0.926222,-4.224652,4.048596,Drowsy,Drowsy/T0345.png
0.158348,0.183681,0.171014,0.008939,0.074028,-19.132024,2.495566,Drowsy,Drowsy/T0350.png
0.151961,0.167931,0.159946,0.0,0.013586,-15.977743,3.088018,Drowsy,Drowsy/T0354.png
0.155747,0.175899,0.165823,0.00657,-2.174409,-10.326152,3.57101,Drowsy,Drowsy/T0359.png
0.159356,0.159985,0.15967,0.006408,2.933629,-9.129623,2.618463,Drowsy,Drowsy/T0363.png
0.027406,0.022582,0.024994,0.006321,1.359838,-9.174493,3.940921,Drowsy,Drowsy/T0368.png
0.182479,0.189174,0.185826,0.0,1.369904,-7.283738,3.823947,Drowsy,Drowsy/T0372.png
0.152084,0.158365,0.155225,0.008939,1.089717,-9.424003,3.670489,Drowsy,Drowsy/T0377.png
0.182927,0.196116,0.189521,0.0,0.236338,-7.720106,4.152603,Drowsy,Drowsy/T0381.png
0.191959,0.200897,0.196428,0.0,1.704166,0.224665,2.945791,Drowsy,Drowsy/T0385.png
0.250966,0.26376,0.257363,0.012649,1.976579,-1.710005,2.521648,Drowsy,Drowsy/T0390.png
0.179367,0.189429,0.184398,0.006327,1.781506,-3.785254,2.559873,Drowsy,Drowsy/T0394.png
0.187494,0.203264,0.195379,0.012977,0.604367,-4.246553,2.827801,Drowsy,Drowsy/T0399.png
0.184498,0.198825,0.191661,0.00657,0.576174,-1.78381,3.08558,Drowsy,Drowsy/T0404.png
0.183631,0.203602,0.193616,0.006747,-0.143693,-1.994632,3.397654,Drowsy,Drowsy/T0410.png
0.183631,0.212934,0.198283,0.0,0.560921,-3.757336,3.164871,Drowsy,Drowsy/T0414.png
0.17911,0.205213,0.192161,0.01313,0.130482,-2.046992,3.744568,Drowsy,Drowsy/T0419.png
0.135354,0.154657,0.145006,0.006747,-1.057602,-3.386051,3.645199,Drowsy,Drowsy/T0423.png
0.164372,0.178887,0.171629,0.006833,-0.448254,-2.652551,4.277833,Drowsy,Drowsy/T0428.png
0.160365,0.178887,0.169626,0.006839,-0.854698,-2.393809,4.039554,Drowsy,Drowsy/T0432.png
0.180108,0.195454,0.187781,0.00648,0.233273,-5.285198,4.021139,Drowsy,Drowsy/T0437.png
0.168168,0.18688,0.177524,0.012804,-1.147429,-3.386075,4.015741,Drowsy,Drowsy/T0441.png
0.195823,0.198648,0.197235,0.006652,-0.316227,-3.065615,3.511386,Drowsy,Drowsy/T0446.png
0.170681,0.180775,0.175728,0.0,-2.023569,-3.427525,4.485517,Drowsy,Drowsy/T0450.png
0.167323,0.190516,0.178919,0.013469,-1.971091,-2.770772,4.728505,Drowsy,Drowsy/T0455.png
0.159356,0.166207,0.162782,0.006826,-2.014677,-3.123428,4.967549,Drowsy,Drowsy/T0459.png
0.171598,0.188637,0.180118,0.006839,0.214807,-1.67628,3.564102,Drowsy,Drowsy/T0463.png
0.168583,0.168418,0.1685,0.013856,-0.474709,-2.593353,4.230888,Drowsy,Drowsy/T0468.png
0.163573,0.210192,0.186882,0.006402,-0.214703,-4.77759,3.351556,Drowsy,Drowsy/T0472.png
0.011615,0.01155,0.011583,0.0,-0.136868,0.810531,3.800591,Drowsy,Drowsy/T0477.png
0.147307,0.178887,0.163097,0.0,-0.630691,-4.684137,4.122194,Drowsy,Drowsy/T0481.png
0.147505,0.159655,0.15358,0.006928,-0.852297,-3.814407,4.28277,Drowsy,Drowsy/T0486.png
0.155747,0.172005,0.163876,0.0,-0.472567,-4.836477,3.650083,Drowsy,Drowsy/T0490.png
0.167465,0.174548,0.171006,0.006652,-1.04978,-4.348703,3.908889,Drowsy,Drowsy/T0497.png
0.147307,0.126843,0.137075,0.0,-2.45886,-2.843188,4.098829,Drowsy,Drowsy/T0501.png
0.162747,0.188841,0.175794,0.01296,-0.825924,-3.663556,4.686551,Drowsy,Drowsy/T0506.png
0.154718,0.17709,0.165904,0.006652,-1.268324,-4.608879,4.683232,Drowsy,Drowsy/T0510.png
0.027427,0.027884,0.027656,0.0,0.360356,-3.208079,4.547284,Drowsy,Drowsy/T0515.png
0.146298,0.17165,0.158974,0.006735,0.009503,-15.895037,6.259712,Drowsy,Drowsy/T0519.png
0.138694,0.185695,0.162195,0.013824,-1.882842,-4.52609,5.613248,Drowsy,Drowsy/T0524.png
0.210363,0.195839,0.203101,0.006232,-0.886497,-6.454523,4.966417,Drowsy,Drowsy/T0528.png
0.174371,0.195454,0.184913,0.006565,0.244037,-6.142975,4.587159,Drowsy,Drowsy/T0533.png
0.166619,0.193274,0.179947,0.0,-0.278445,-4.91321,4.835156,Drowsy,Drowsy/T0537.png
0.168311,0.170413,0.169362,0.0,0.15015,-6.341188,4.770319,Drowsy,Drowsy/T0541.png
0.162615,0.195454,0.179034,0.0,-0.253908,-5.262279,4.588609,Drowsy,Drowsy/T0546.png
0.17423,0.191307,0.182769,0.0,0.160322,-2.876013,4.976535,Drowsy,Drowsy/T0550.png
0.162747,0.170413,0.16658,0.006559,-0.564001,-3.623542,4.955636,Drowsy,Drowsy/T0555.png
0.151122,0.195454,0.173288,0.006559,-0.557658,-4.093998,4.636557,Drowsy,Drowsy/T0559.png
0.142817,0.193274,0.168045,0.0,0.086415,-4.358893,4.850946,Drowsy,Drowsy/T0564.png
0.174371,0.191094,0.182733,0.006391,-0.367945,-5.240731,4.696851,Drowsy,Drowsy/T0568.png
0.163573,0.167931,0.165752,0.006311,0.489824,-4.841915,4.306123,Drowsy,Drowsy/T0573.png
0.174371,0.188818,0.181595,0.006316,0.454082,-7.439128,4.247528,Drowsy,Drowsy/T0577.png
0.155703,0.168577,0.16214,0.006391,0.313228,-5.520522,4.905325,Drowsy,Drowsy/T0582.png
0.166619,0.195454,0.181037,0.0,0.077053,-8.316469,4.405635,Drowsy,Drowsy/T0586.png
0.180108,0.200177,0.190142,0.0,0.056648,-6.345194,4.623369,Drowsy,Drowsy/T0591.png
0.132094,0.13004,0.131067,0.006316,-0.302622,-8.366931,4.930026,Drowsy,Drowsy/T0595.png
0.062334,0.055283,0.058809,0.006559,-0.944019,-7.321393,5.110602,Drowsy,Drowsy/T0600.png
0.151122,0.200177,0.175649,0.006474,-0.691012,-5.818664,4.97868,Drowsy,Drowsy/T0604.png
0.168345,0.198353,0.183349,0.006826,-0.85021,-3.822803,4.89105,Drowsy,Drowsy/T0609.png
0.180108,0.200591,0.190349,0.01313,0.135999,-5.252514,4.798863,Drowsy,Drowsy/T0613.png
0.18672,0.195454,0.191087,0.0,-0.341345,-4.031235,4.552796,Drowsy,Drowsy/T0617.png
0.168168,0.191471,0.179819,0.006171,0.684208,-9.95438,2.160341,Drowsy,Drowsy/T0622.png
0.023783,0.027322,0.025552,0.006242,3.811889,-3.617017,3.432409,Drowsy,Drowsy/T0626.png
0.159356,0.164045,0.1617,0.0,4.474066,-10.167809,3.065785,Drowsy,Drowsy/T0633.png
0.138565,0.170799,0.154682,0.006169,3.685469,-9.713413,2.319486,Drowsy,Drowsy/T0637.png
0.18672,0.171085,0.178903,0.0,2.583028,-6.072234,2.857865,Drowsy,Drowsy/T0642.png
0.199042,0.207616,0.203329,0.012337,2.408685,-2.720037,2.793516,Drowsy,Drowsy/T0646.png
0.20869,0.223635,0.216162,0.012491,2.271074,-3.409817,3.623454,Drowsy,Drowsy/T0651.png
0.215604,0.227186,0.221395,0.006485,2.948361,-4.340488,3.338308,Drowsy,Drowsy/T0655.png
0.198989,0.196406,0.197697,0.006242,2.163643,-1.902107,3.549036,Drowsy,Drowsy/T0661.png
0.203724,0.203724,0.203724,0.01297,1.909198,-0.584088,3.562878,Drowsy,Drowsy/T0665.png
0.195823,0.189429,0.192626,0.01296,2.191881,-1.795016,3.43638,Drowsy,Drowsy/T0670.png
0.171598,0.205448,0.188523,0.006391,3.58612,-10.731178,4.151562,Drowsy,Drowsy/T0674.png
0.138491,0.126065,0.132278,0.0,5.395587,-14.722758,6.141647,Drowsy,Drowsy/T0681.png
0.193219,0.204516,0.198867,0.01971,3.706555,0.796941,3.917647,Drowsy,Drowsy/T0687.png
0.214702,0.234466,0.224584,0.012948,3.768396,3.858603,4.887124,Drowsy,Drowsy/T0691.png
0.201305,0.205898,0.203602,0.006741,1.049658,5.228227,4.411216,Drowsy,Drowsy/T0700.png
0.023803,0.047829,0.035816,0.0,1.268626,6.254952,4.920708,Drowsy,Drowsy/T0704.png
0.02381,0.035736,0.029773,0.0,1.950982,6.508529,5.49271,Drowsy,Drowsy/T0712.png
0.210433,0.214592,0.212512,0.0,1.943477,4.657527,4.309502,Drowsy,Drowsy/T0719.png
0.200888,0.199657,0.200273,0.0,1.724989,3.731099,4.477548,Drowsy,Drowsy/T0738.png
0.191471,0.225621,0.208546,0.0,1.116668,5.638914,4.70686,Drowsy,Drowsy/T0743.png
0.191741,0.192161,0.191951,0.006565,1.463926,3.889983,4.957734,Drowsy,Drowsy/T0748.png
0.183448,0.213334,0.198391,0.0,1.031349,4.591629,4.882361,Drowsy,Drowsy/T0756.png
0.198648,0.208143,0.203395,0.006826,1.507827,4.180315,4.701261,Drowsy,Drowsy/T0766.png
0.183748,0.208143,0.195945,0.006741,0.729404,4.710085,4.952091,Drowsy,Drowsy/T0770.png
0.19093,0.213018,0.201974,0.0,0.019692,5.712759,5.243553,Drowsy,Drowsy/T0776.png
0.174807,0.214107,0.194457,0.0,0.009195,5.678911,5.229938,Drowsy,Drowsy/T0788.png
0.203264,0.210933,0.207098,0.0,0.23786,6.534926,5.266247,Drowsy,Drowsy/T0793.png
0.178887,0.207835,0.193361,0.0,0.001384,4.783862,5.386439,Drowsy,Drowsy/T0801.png
0.203264,0.229926,0.216595,0.0,-0.116604,5.108709,5.163515,Drowsy,Drowsy/T0815.png
0.203264,0.203198,0.203231,0.0,0.212566,4.511412,5.144228,Drowsy,Drowsy/T0821.png
0.212429,0.208143,0.210286,0.0,-0.675954,4.351386,4.905212,Drowsy,Drowsy/T0825.png
0.181071,0.1811,0.181085,0.0,0.051202,4.061509,5.709859,Drowsy,Drowsy/T0830.png
0.184061,0.208143,0.196102,0.006741,0.518472,4.196627,5.146987,Drowsy,Drowsy/T0834.png
0.188841,0.213334,0.201087,0.006928,-0.325045,4.734941,4.827647,Drowsy,Drowsy/T0839.png
0.174807,0.192923,0.183865,0.006741,0.269342,3.749685,4.910999,Drowsy,Drowsy/T0845.png
0.196116,0.214107,0.205112,0.01313,1.232363,5.12236,5.60188,Drowsy,Drowsy/T0852.png
0.211991,0.218535,0.215263,0.0,-0.584723,5.564604,4.995856,Drowsy,Drowsy/T0856.png
0.212429,0.231111,0.22177,0.0,0.046059,5.359301,4.870763,Drowsy,Drowsy/T0861.png
0.186603,0.204516,0.195559,0.020224,-0.040974,4.931436,4.82001,Drowsy,Drowsy/T0865.png
0.191242,0.224754,0.207998,0.0,-0.200753,5.010638,4.8307,Drowsy,Drowsy/T0870.png
0.057481,0.058495,0.057988,0.0,-0.162827,7.995713,5.385445,Drowsy,Drowsy/T0874.png
0.205044,0.208143,0.206593,0.0,-0.989159,5.320069,5.093141,Drowsy,Drowsy/T0879.png
0.200591,0.214107,0.207349,0.006741,-0.526358,5.763711,5.050128,Drowsy,Drowsy/T0883.png
0.17226,0.202912,0.187586,0.0,-0.184996,4.668879,5.265526,Drowsy,Drowsy/T0888.png
0.176282,0.189861,0.183071,0.0,-0.500411,5.189889,5.227799,Drowsy,Drowsy/T0892.png
0.179701,0.202912,0.191306,0.0,-0.281522,6.45342,5.152885,Drowsy,Drowsy/T0897.png
0.179701,0.199657,0.189679,0.006645,0.204472,7.63112,5.294213,Drowsy,Drowsy/T0901.png
0.163167,0.196545,0.179856,0.0,-0.690387,6.058309,5.104178,Drowsy,Drowsy/T0905.png
0.198353,0.208143,0.203248,0.006826,-0.0289,6.95139,5.234027,Drowsy,Drowsy/T0910.png
0.196116,0.207835,0.201975,0.0,-0.532433,4.856735,5.278625,Drowsy,Drowsy/T0914.png
0.204809,0.225621,0.215215,0.0,-0.528966,5.35893,5.28096,Drowsy,Drowsy/T0919.png
0.198353,0.231111,0.214732,0.013653,-0.868673,5.723765,5.168724,Drowsy,Drowsy/T0923.png
0.191471,0.208143,0.199807,0.0,-0.752037,5.36666,5.086747,Drowsy,Drowsy/T0928.png
0.205044,0.224591,0.214817,0.0,-0.390383,6.389203,5.697902,Drowsy,Drowsy/T0932.png
0.191471,0.208143,0.199807,0.006652,-0.791402,4.959672,5.256046,Drowsy,Drowsy/T0937.png
0.200591,0.203198,0.201895,0.0,-0.640123,5.474812,5.193241,Drowsy,Drowsy/T0941.png
0.218811,0.227439,0.223125,0.014455,-1.261965,6.132819,5.218906,Drowsy,Drowsy/T0946.png
0.206116,0.230861,0.218488,0.014455,-0.786622,5.444234,5.166176,Drowsy,Drowsy/T0950.png
0.196118,0.214977,0.205547,0.007227,-0.751506,5.468811,5.017962,Drowsy,Drowsy/T0955.png
0.20532,0.216706,0.211013,0.007333,-0.554023,5.911429,4.75415,Drowsy,Drowsy/T0959.png
0.20614,0.21879,0.212465,0.007125,-0.923217,5.404987,5.118509,Drowsy,Drowsy/T0964.png
0.208467,0.214977,0.211722,0.007219,-0.131801,6.115742,5.159103,Drowsy,Drowsy/T0968.png
0.167445,0.161777,0.164611,0.020254,3.295987,3.013172,3.464136,Drowsy,Drowsy/T0973.png
0.193953,0.205898,0.199926,0.0,3.16806,2.057412,3.572555,Drowsy,Drowsy/T0977.png
0.205061,0.200888,0.202975,0.0,3.82235,3.791059,3.747983,Drowsy,Drowsy/T0981.png
0.193953,0.198027,0.19599,0.021409,2.554729,3.68669,3.522444,Drowsy,Drowsy/T0988.png
0.220601,0.242742,0.231671,0.0,2.959357,4.720151,3.371048,Drowsy,Drowsy/T0993.png
0.193953,0.193209,0.193581,0.006844,2.678014,2.843829,3.447468,Drowsy,Drowsy/T0998.png
0.159068,0.169846,0.164457,0.007136,2.177112,2.627036,3.206031,Drowsy,Drowsy/T1006.png
0.196632,0.205898,0.201265,0.006938,2.103667,4.12163,3.494771,Drowsy,Drowsy/T1015.png
0.206657,0.204698,0.205677,0.013877,2.597374,4.463331,3.639727,Drowsy,Drowsy/T1019.png
0.187453,0.213002,0.200228,0.0,-1.736748,5.893528,6.226434,Drowsy,Drowsy/T1029.png
0.193446,0.202607,0.198026,0.0,0.614091,4.981976,4.748618,Drowsy,Drowsy/T1033.png
0.253977,0.275064,0.264521,0.006942,-5.474211,-1.396056,-0.670657,Drowsy,Drowsy/U0005.png
0.247459,0.247234,0.247347,0.007506,0.876909,-3.543317,1.08,Drowsy,Drowsy/U0009.png
0.254806,0.259596,0.257201,0.021824,-7.019793,-4.379752,-7.199272,Drowsy,Drowsy/U0015.png
0.243775,0.255367,0.249571,0.0,-9.237523,-6.575882,-7.403734,Drowsy,Drowsy/U0020.png
0.233972,0.2296,0.231786,0.017563,-6.912706,-5.309606,-8.215926,Drowsy,Drowsy/U0028.png
0.253493,0.247487,0.25049,0.013392,1.747522,9.819305,-8.905837,Drowsy,Drowsy/U0032.png
0.250002,0.248069,0.249036,0.022729,-10.179617,-9.389785,4.997878,Drowsy,Drowsy/U0041.png
0.26966,0.298609,0.284135,0.014981,-12.339214,-9.354378,10.994478,Drowsy,Drowsy/U0047.png
0.245585,0.254995,0.25029,0.015504,-12.857378,-5.879706,9.560163,Drowsy,Drowsy/U0051.png
0.247234,0.230127,0.238681,0.010963,-12.122283,-8.593425,9.49252,Drowsy,Drowsy/U0056.png
0.246598,0.24624,0.246419,0.024041,-11.94103,-7.792222,9.096383,Drowsy,Drowsy/U0061.png
0.247234,0.276055,0.261645,0.015776,-12.509914,-6.275687,8.707452,Drowsy,Drowsy/U0071.png
0.247487,0.272253,0.25987,0.007752,-12.506882,-7.73666,9.428481,Drowsy,Drowsy/U0076.png
0.241332,0.268328,0.25483,0.0,-10.531126,-7.735006,9.580083,Drowsy,Drowsy/U0082.png
0.229265,0.25388,0.241573,0.015996,-11.813713,-8.558074,9.710836,Drowsy,Drowsy/U0086.png
0.247487,0.295296,0.271392,0.0,-13.1137,-6.611754,8.755239,Drowsy,Drowsy/U0092.png
0.252445,0.281812,0.267129,0.010797,-11.682322,-5.897977,9.318042,Drowsy,Drowsy/U0096.png
0.246872,0.240605,0.243738,0.0,-11.471963,-6.84005,9.599564,Drowsy,Drowsy/U0104.png
0.23971,0.259959,0.249834,0.006912,-10.55294,-7.878504,7.142573,Drowsy,Drowsy/U0115.png
0.236878,0.261018,0.248948,0.0,-11.69818,-7.790176,7.845563,Drowsy,Drowsy/U0124.png
0.231278,0.269299,0.250288,0.015067,-11.024065,-6.912974,7.884447,Drowsy,Drowsy/U0128.png
0.225849,0.24437,0.23511,0.014215,-10.491757,-8.445833,7.925641,Drowsy,Drowsy/U0134.png
0.248218,0.267726,0.257972,0.0,-11.07806,-4.969634,7.768624,Drowsy,Drowsy/U0138.png
0.27735,0.268405,0.272877,0.007534,-10.948418,-5.525938,6.807868,Drowsy,Drowsy/U0143.png
0.225259,0.248897,0.237078,0.014866,-11.490325,-4.313384,6.711685,Drowsy,Drowsy/U0148.png
0.237015,0.254995,0.246005,0.018749,-12.155303,-5.918945,6.93721,Drowsy,Drowsy/U0152.png
0.237605,0.265506,0.251555,0.0191,-11.499945,-6.50234,6.706992,Drowsy,Drowsy/U0158.png
0.249738,0.273235,0.261487,0.015296,-11.428018,-5.019071,6.849729,Drowsy,Drowsy/U0164.png
0.225259,0.237449,0.231354,0.00766,-11.259808,-5.95771,7.070461,Drowsy,Drowsy/U0169.png
0.256443,0.257588,0.257016,0.022299,-10.473333,-6.218107,6.167272,Drowsy,Drowsy/U0173.png
0.238624,0.279629,0.259126,0.0,-11.59705,-6.002023,6.735249,Drowsy,Drowsy/U0178.png
0.248783,0.267726,0.258255,0.015319,-11.028102,-6.84417,6.759303,Drowsy,Drowsy/U0182.png
0.261141,0.267726,0.264433,0.014884,-10.773479,-5.370708,6.350597,Drowsy,Drowsy/U0187.png
0.243652,0.267726,0.255689,0.022326,-12.005931,-4.191764,6.134914,Drowsy,Drowsy/U0191.png
0.227789,0.248897,0.238343,0.015823,-12.039553,-4.56562,5.91706,Drowsy,Drowsy/U0196.png
0.228581,0.241983,0.235282,0.014649,-10.187107,-7.00452,6.461622,Drowsy,Drowsy/U0200.png
0.237537,0.266925,0.252231,0.024841,-7.947687,-8.326453,-0.671786,Drowsy,Drowsy/U0205.png
0.229556,0.219385,0.22447,0.011996,-3.904723,-12.165362,-10.683499,Drowsy,Drowsy/U0223.png
0.221104,0.216116,0.21861,0.028565,-4.294436,-11.801382,-10.206076,Drowsy,Drowsy/U0228.png
0.231306,0.223195,0.227251,0.013107,-3.46333,-9.709144,-10.45551,Drowsy,Drowsy/U0232.png
0.132085,0.1435,0.137792,0.01941,-4.457139,-11.957682,-11.066904,Drowsy,Drowsy/U0238.png
0.235713,0.248075,0.241894,0.006655,-4.415005,-7.908991,-10.73406,Drowsy,Drowsy/U0242.png
0.232438,0.227838,0.230138,0.023977,-5.012638,-8.7049,-11.12026,Drowsy,Drowsy/U0246.png
0.220609,0.223195,0.221902,0.020502,-3.410029,-8.678793,-10.801922,Drowsy,Drowsy/U0257.png
0.242127,0.234872,0.2385,0.013453,-5.333251,-7.67033,-11.307121,Drowsy,Drowsy/U0265.png
0.252947,0.241623,0.247285,0.006834,-4.609422,-5.82287,-11.558569,Drowsy,Drowsy/U0276.png
0.2404,0.25781,0.249105,0.012909,-3.519624,-7.134271,-11.34478,Drowsy,Drowsy/U0284.png
0.230355,0.229068,0.229712,0.006743,-3.592763,-5.797774,-11.83955,Drowsy,Drowsy/U0290.png
0.242127,0.240424,0.241275,0.01624,-4.221207,-7.887071,-11.731096,Drowsy,Drowsy/U0296.png
0.254888,0.245351,0.250119,0.014444,-4.626095,-6.61606,-11.893049,Drowsy,Drowsy/U0303.png
0.240821,0.223699,0.23226,0.012747,-4.666112,-5.451398,-11.527538,Drowsy,Drowsy/U0307.png
0.230355,0.216381,0.223368,0.0,-3.718698,-6.598115,-10.986875,Drowsy,Drowsy/U0313.png
0.262712,0.263327,0.263019,0.007023,-4.516184,-5.921091,-11.60292,Drowsy,Drowsy/U0317.png
0.256827,0.25781,0.257319,0.0,-4.491154,-5.637755,-11.51052,Drowsy,Drowsy/U0327.png
0.246941,0.246872,0.246907,0.007023,-4.571766,-5.303582,-11.6586,Drowsy,Drowsy/U0331.png
0.253882,0.239758,0.24682,0.01408,-4.597177,-6.096881,-11.550388,Drowsy,Drowsy/U0336.png
0.249598,0.231762,0.24068,0.014907,-4.026782,-5.465001,-11.755484,Drowsy,Drowsy/U0340.png
0.215331,0.189283,0.202307,0.00704,-4.200646,-6.200416,-11.472388,Drowsy,Drowsy/U0347.png
0.231398,0.226758,0.229078,0.021606,-3.786257,-4.687409,-11.887723,Drowsy,Drowsy/U0354.png
0.224942,0.198557,0.21175,0.006927,-3.886059,-6.545823,-11.463092,Drowsy,Drowsy/U0358.png
0.219087,0.217047,0.218067,0.014203,-5.189752,-6.3779,-11.992424,Drowsy,Drowsy/U0363.png
0.232097,0.240846,0.236471,0.014652,-4.550181,-8.621508,-12.087546,Drowsy,Drowsy/U0370.png
0.221104,0.227838,0.224471,0.00689,-4.07806,-6.351438,-11.664584,Drowsy,Drowsy/U0378.png
0.238078,0.239758,0.238918,0.017387,-4.226911,-6.993799,-12.48634,Drowsy,Drowsy/U0382.png
0.23679,0.210086,0.223438,0.006984,-4.684347,-5.361039,-11.955824,Drowsy,Drowsy/U0388.png
0.213585,0.1774,0.195493,0.009771,-3.999478,-6.260577,-12.449574,Drowsy,Drowsy/U0396.png
0.199376,0.211871,0.205623,0.025007,-6.788847,-2.689492,-4.583911,Drowsy,Drowsy/U0401.png
0.240181,0.234122,0.237152,0.022729,-7.733265,-9.110956,-1.44531,Drowsy,Drowsy/U0405.png
0.183397,0.17709,0.180243,0.0,-3.879427,-25.124178,-1.502569,Drowsy,Drowsy/U0414.png
0.198015,0.198825,0.19842,0.018737,-3.286852,-17.637447,-1.71865,Drowsy,Drowsy/U0419.png
0.296616,0.272918,0.284767,0.00602,-3.451584,-8.600563,-2.588,Drowsy,Drowsy/U0423.png
0.210869,0.219926,0.215397,0.023035,-3.549906,-7.042176,-3.399681,Drowsy,Drowsy/U0428.png
0.188353,0.193762,0.191058,0.032668,-5.639759,-3.213762,-3.976381,Drowsy,Drowsy/U0432.png
0.26502,0.256246,0.260633,0.019422,-4.658097,-5.764737,-3.471006,Drowsy,Drowsy/U0437.png
0.228647,0.226102,0.227374,0.027711,-4.41229,-3.48856,-3.483581,Drowsy,Drowsy/U0442.png
0.265085,0.246267,0.255676,0.013841,-5.543735,-4.63532,-3.056178,Drowsy,Drowsy/U0446.png
0.242536,0.250933,0.246735,0.020783,-5.016391,-5.252597,-3.929433,Drowsy,Drowsy/U0451.png
0.237035,0.226102,0.231569,0.012948,-6.936799,-7.218766,-3.323805,Drowsy,Drowsy/U0455.png
0.245626,0.270723,0.258174,0.020241,-7.000326,-5.274086,-2.535902,Drowsy,Drowsy/U0460.png
0.25331,0.258989,0.256149,0.01313,-5.979135,-6.531664,-1.422472,Drowsy,Drowsy/U0466.png
0.241584,0.240978,0.241281,0.015871,-6.501201,-6.841469,-1.391376,Drowsy,Drowsy/U0472.png
0.245256,0.24134,0.243298,0.021857,-5.69883,-5.828355,-1.984627,Drowsy,Drowsy/U0476.png
0.258841,0.258159,0.2585,0.028625,-6.683382,-6.411292,-1.774751,Drowsy,Drowsy/U0481.png
0.23231,0.223817,0.228063,0.025152,-5.990657,-5.58426,-1.614657,Drowsy,Drowsy/U0485.png
0.204828,0.201556,0.203192,0.026664,-8.080852,-7.443902,-0.016277,Drowsy,Drowsy/U0490.png
0.247562,0.259938,0.25375,0.025185,-8.454815,-2.796103,-0.657033,Drowsy,Drowsy/U0494.png
0.22131,0.259474,0.240392,0.015312,-17.024407,-10.321106,12.931273,Drowsy,Drowsy/U0499.png
0.212022,0.250035,0.231028,0.016343,-17.236912,-7.843323,13.211561,Drowsy,Drowsy/U0503.png
0.229002,0.257183,0.243093,0.02051,-16.301668,-4.035428,10.167657,Drowsy,Drowsy/U0508.png
0.222314,0.244446,0.23338,0.018677,-14.813471,-6.093856,10.486695,Drowsy,Drowsy/U0512.png
0.213438,0.259712,0.236575,0.018715,-14.650184,-5.48121,9.412749,Drowsy,Drowsy/U0517.png
0.193066,0.242851,0.217958,0.026762,-15.566722,-6.716374,10.459526,Drowsy,Drowsy/U0521.png
0.197133,0.229683,0.213408,0.018635,-14.301456,-5.903198,9.688273,Drowsy,Drowsy/U0525.png
0.250912,0.256799,0.253856,0.0,-5.296177,-3.712286,-0.167435,Drowsy,Drowsy/V0004.png
0.254033,0.264592,0.259312,0.0,-4.385274,-7.125622,0.454118,Drowsy,Drowsy/V0008.png
0.242936,0.262985,0.25296,0.0,-4.10337,-8.79262,-0.156177,Drowsy,Drowsy/V0013.png
0.237538,0.264517,0.251027,0.0,-4.419569,-10.042828,0.329346,Drowsy,Drowsy/V0017.png
0.237479,0.248519,0.242999,0.0,-4.630104,-6.906569,0.588328,Drowsy,Drowsy/V0022.png
0.248391,0.248519,0.248455,0.0,-3.77331,-6.644791,0.134225,Drowsy,Drowsy/V0026.png
0.241402,0.248586,0.244994,0.006849,-3.411776,-7.773043,0.212685,Drowsy,Drowsy/V0031.png
0.226567,0.245293,0.23593,0.013512,-3.261387,-5.833647,-0.543277,Drowsy,Drowsy/V0035.png
0.24281,0.251168,0.246989,0.0,-3.72638,-7.63682,-0.11206,Drowsy,Drowsy/V0040.png
0.235638,0.231096,0.233367,0.0,-3.18227,-7.230462,0.144722,Drowsy,Drowsy/V0044.png
0.212499,0.242536,0.227517,0.0,-2.200604,-2.760374,-0.382875,Drowsy,Drowsy/V0049.png
0.231162,0.226385,0.228773,0.0,-3.719749,-4.279273,-0.426781,Drowsy,Drowsy/V0054.png
0.217559,0.25302,0.235289,0.0,-2.580568,-4.091375,0.010897,Drowsy,Drowsy/V0059.png
0.214408,0.219513,0.21696,0.013699,-1.921813,-2.805614,-0.061744,Drowsy,Drowsy/V0063.png
0.234993,0.236519,0.235756,0.0,-1.623604,-3.711792,-0.308913,Drowsy,Drowsy/V0068.png
0.219513,0.227444,0.223478,0.020831,-2.407883,-3.359992,-0.366608,Drowsy,Drowsy/V0072.png
0.231096,0.222799,0.226947,0.0,-1.537162,-3.347618,-0.495434,Drowsy,Drowsy/V0076.png
0.229333,0.231096,0.230215,0.0,-1.045921,-3.668156,-0.38826,Drowsy,Drowsy/V0081.png
0.123122,0.170058,0.14659,0.016764,-1.998767,-5.338393,-0.477139,Drowsy,Drowsy/V0085.png
0.076932,0.122667,0.0998,0.0,-1.986664,-7.295405,-0.122069,Drowsy,Drowsy/V0090.png
0.217559,0.236729,0.227144,0.0,-2.705799,-3.957695,-0.136095,Drowsy,Drowsy/V0094.png
0.220654,0.231096,0.225875,0.0,-1.408936,-2.962266,-0.314368,Drowsy,Drowsy/V0099.png
0.239981,0.239215,0.239598,0.007042,-2.234821,-2.256887,-0.453641,Drowsy,Drowsy/V0103.png
0.239981,0.252611,0.246296,0.0,-2.370931,-2.425555,-0.682176,Drowsy,Drowsy/V0108.png
0.209535,0.237164,0.223349,0.006666,-2.154619,-3.247984,-0.274414,Drowsy,Drowsy/V0112.png
0.24281,0.248659,0.245735,0.006944,-1.8489,-8.384975,-0.510439,Drowsy,Drowsy/V0117.png
0.259334,0.27139,0.265362,0.023385,-2.241217,-5.280123,0.020699,Drowsy,Drowsy/V0121.png
0.272597,0.277848,0.275223,0.007042,-2.343116,-7.089865,-0.23208,Drowsy,Drowsy/V0126.png
0.254033,0.264517,0.259275,0.006849,-2.468657,-7.468725,-0.608976,Drowsy,Drowsy/V0130.png
0.258989,0.258828,0.258908,0.014284,-1.58303,-7.649958,-0.462036,Drowsy,Drowsy/V0135.png
0.2525,0.259971,0.256235,0.006944,-2.069088,-6.496173,-0.009221,Drowsy,Drowsy/V0139.png
0.272691,0.25302,0.262856,0.007042,-2.192909,-6.534748,-0.399763,Drowsy,Drowsy/V0144.png
0.253759,0.246891,0.250325,0.00641,-3.290936,-7.520103,-0.231612,Drowsy,Drowsy/V0148.png
0.235441,0.245119,0.24028,0.006756,-3.610499,-7.155279,0.390774,Drowsy,Drowsy/V0152.png
0.254099,0.248586,0.251342,0.006757,-3.038416,-5.698012,0.536521,Drowsy,Drowsy/V0157.png
0.229333,0.2368,0.233066,0.006849,-3.367227,-6.815254,0.691407,Drowsy,Drowsy/V0161.png
0.231096,0.253099,0.242098,0.0,-3.704216,-5.848885,0.462557,Drowsy,Drowsy/V0166.png
0.198884,0.201556,0.20022,0.0,-3.217552,-7.493317,0.225469,Drowsy,Drowsy/V0170.png
0.239215,0.246852,0.243034,0.006849,-3.096748,-5.441456,0.731749,Drowsy,Drowsy/V0175.png
0.24281,0.253099,0.247955,0.007042,-3.746626,-5.522462,0.414142,Drowsy,Drowsy/V0179.png
0.239283,0.240668,0.239975,0.007042,-3.136844,-6.291145,0.450749,Drowsy,Drowsy/V0184.png
0.258369,0.263412,0.26089,0.0,-3.464738,-5.548492,0.802078,Drowsy,Drowsy/V0188.png
0.2525,0.251092,0.251796,0.0,-2.256,-3.879219,0.483423,Drowsy,Drowsy/V0193.png
0.237208,0.252826,0.245017,0.0,-3.252498,-4.38222,0.053131,Drowsy,Drowsy/V0197.png
0.231774,0.248586,0.24018,0.006757,-3.312736,-3.660082,0.62656,Drowsy,Drowsy/V0202.png
0.235377,0.242742,0.239059,0.0,-2.431697,-5.026909,0.74828,Drowsy,Drowsy/V0206.png
0.2454,0.256615,0.251007,0.0,-2.786178,-3.701508,0.413572,Drowsy,Drowsy/V0211.png
0.231774,0.254432,0.243103,0.0,-3.218823,-3.357748,0.337376,Drowsy,Drowsy/V0215.png
0.230031,0.254505,0.242268,0.013699,-3.009545,-7.846969,0.052791,Drowsy,Drowsy/V0219.png
0.21227,0.239283,0.225776,0.0,-1.684745,-13.346241,-0.730281,Drowsy,Drowsy/V0224.png
0.231774,0.246852,0.239313,0.016312,-4.372442,-11.310071,0.369078,Drowsy,Drowsy/V0229.png
0.231714,0.258828,0.245271,0.013699,-5.721181,-7.613144,0.590129,Drowsy,Drowsy/V0234.png
0.235441,0.251168,0.243305,0.006849,-5.107259,-9.414474,0.704343,Drowsy,Drowsy/V0238.png
0.237164,0.253099,0.245131,0.0,-5.549814,-9.168039,0.626836,Drowsy,Drowsy/V0243.png
0.246852,0.248943,0.247898,0.0,-4.67073,-9.314204,0.242201,Drowsy,Drowsy/V0247.png
0.231774,0.262985,0.247379,0.0,-4.494543,-7.224069,-0.009095,Drowsy,Drowsy/V0252.png
0.237164,0.260712,0.248938,0.007143,-4.805233,-7.650721,-0.054911,Drowsy,Drowsy/V0256.png
0.237164,0.245046,0.241105,0.0,-4.662032,-6.267206,0.34564,Drowsy,Drowsy/V0261.png
0.218971,0.252669,0.23582,0.0,-4.395758,-7.632123,0.197105,Drowsy,Drowsy/V0265.png
0.246952,0.266123,0.256538,0.02027,-4.151382,-4.746772,-0.282963,Drowsy,Drowsy/V0270.png
0.239998,0.242742,0.24137,0.0,-4.568857,-4.125851,-0.56849,Drowsy,Drowsy/V0274.png
0.198474,0.229207,0.213841,0.0,-3.802531,-6.473657,-0.253489,Drowsy,Drowsy/V0279.png
0.225786,0.231162,0.228474,0.0,-3.862299,-6.201556,0.154144,Drowsy,Drowsy/V0283.png
0.221697,0.248586,0.235141,0.020546,-4.001606,-4.725265,-0.175613,Drowsy,Drowsy/V0288.png
0.218971,0.2309,0.224935,0.0,-3.163316,-3.558032,-0.292792,Drowsy,Drowsy/V0292.png
0.226623,0.258369,0.242496,0.006944,-4.124308,-4.541258,-0.472986,Drowsy,Drowsy/V0296.png
0.218732,0.228948,0.22384,0.0,-2.757827,-7.992532,-2.190603,Drowsy,Drowsy/V0301.png
0.226623,0.244828,0.235725,0.006756,-5.371601,-12.801788,1.733685,Drowsy,Drowsy/V0305.png
0.036488,0.053868,0.045178,0.006756,-4.150751,-20.88301,1.82242,Drowsy,Drowsy/V0310.png
0.23009,0.242742,0.236416,0.0,-3.606195,-9.532563,1.101647,Drowsy,Drowsy/V0314.png
0.231714,0.240978,0.236346,0.006849,-3.809302,-10.104905,1.016109,Drowsy,Drowsy/V0319.png
0.085264,0.114354,0.099809,0.013512,-4.498575,-15.085487,0.358577,Drowsy,Drowsy/V0323.png
0.224977,0.248519,0.236748,0.006944,-4.039581,-8.793275,0.951166,Drowsy,Drowsy/V0328.png
0.231774,0.260634,0.246204,0.006849,-3.701893,-10.477984,0.808552,Drowsy,Drowsy/V0332.png
0.231774,0.2371,0.234437,0.006944,-3.47416,-8.305074,0.569316,Drowsy,Drowsy/V0337.png
0.231774,0.225725,0.228749,0.006849,-3.171035,-9.233305,0.615172,Drowsy,Drowsy/V0341.png
0.235891,0.258438,0.247165,0.0,-2.605966,-8.079614,0.272799,Drowsy,Drowsy/V0346.png
0.231774,0.239283,0.235528,0.006849,-2.697962,-8.753458,-0.016225,Drowsy,Drowsy/V0350.png
0.198423,0.219451,0.208937,0.013158,-3.48661,-9.657673,0.06363,Drowsy,Drowsy/V0355.png
0.2248,0.236519,0.230659,0.0,1.677823,-2.231507,-0.40378,Drowsy,Drowsy/V0359.png
0.187494,0.221162,0.204328,0.015275,-7.332239,-12.259755,2.282661,Drowsy,Drowsy/V0364.png
0.253699,0.252565,0.253132,0.006172,-3.878827,-5.240734,-0.284031,Drowsy,Drowsy/V0368.png
0.243133,0.242993,0.243063,0.005951,-1.686123,-4.370096,-0.793038,Drowsy,Drowsy/V0372.png
0.248452,0.252565,0.250508,0.006667,-2.258663,-7.727456,0.164176,Drowsy,Drowsy/V0377.png
0.246952,0.257958,0.252455,0.006579,-1.289724,-6.22456,0.229953,Drowsy,Drowsy/V0381.png
0.222865,0.240593,0.231729,0.0,-0.503269,-7.116742,-0.181795,Drowsy,Drowsy/V0386.png
0.240668,0.253099,0.246883,0.0,-0.887371,-8.150025,0.228731,Drowsy,Drowsy/V0390.png
0.248733,0.254871,0.251802,0.0,-1.36663,-7.412212,0.031055,Drowsy,Drowsy/V0395.png
0.246926,0.228437,0.237681,0.0,-0.970088,-7.540799,-0.037806,Drowsy,Drowsy/V0399.png
0.254505,0.252669,0.253587,0.013888,-1.015331,-6.613185,-0.04339,Drowsy,Drowsy/V0404.png
0.235891,0.226567,0.231229,0.027343,-2.958492,-3.95082,-2.067704,Drowsy,Drowsy/V0408.png
0.235377,0.242742,0.239059,0.0,-3.566321,-5.316763,-1.350455,Drowsy,Drowsy/V0413.png
0.218789,0.212499,0.215644,0.006847,-2.803443,-6.231785,-1.027305,Drowsy,Drowsy/V0417.png
0.262582,0.277612,0.270097,0.007042,-1.323748,-4.554892,-0.95256,Drowsy,Drowsy/V0422.png
0.260008,0.256799,0.258404,0.007042,-2.261714,-6.117351,-0.730841,Drowsy,Drowsy/V0426.png
0.252412,0.251168,0.25179,0.030874,0.087494,-16.177372,-4.278792,Drowsy,Drowsy/V0431.png
0.2525,0.26723,0.259865,0.006849,-5.719161,-11.207532,0.479752,Drowsy,Drowsy/V0435.png
0.268902,0.264592,0.266747,0.012658,-4.832952,-11.414763,0.429241,Drowsy,Drowsy/V0443.png
0.242936,0.241047,0.241991,0.0,-4.44527,-10.611975,0.017797,Drowsy,Drowsy/V0447.png
0.051522,0.080845,0.066183,0.0,-4.012235,-14.274126,0.323252,Drowsy,Drowsy/V0451.png
0.231774,0.264592,0.248183,0.0,-3.299052,-9.181781,0.134055,Drowsy,Drowsy/V0456.png
0.242873,0.246926,0.2449,0.006579,-4.424641,-8.891196,0.583768,Drowsy,Drowsy/V0460.png
0.235377,0.271045,0.253211,0.0,-3.583984,-9.397147,0.321456,Drowsy,Drowsy/V0465.png
0.230031,0.262985,0.246508,0.0,-3.282268,-13.326093,0.440925,Drowsy,Drowsy/V0469.png
0.235441,0.245119,0.24028,0.013333,-4.077032,-10.201764,0.104377,Drowsy,Drowsy/V0474.png
0.262985,0.246926,0.254955,0.0,-3.184538,-10.248594,-0.029666,Drowsy,Drowsy/V0478.png
0.2525,0.252898,0.252699,0.019481,-4.475625,-8.828339,0.260527,Drowsy,Drowsy/V0483.png
0.241047,0.254871,0.247959,0.019109,-4.612529,-10.588395,0.574031,Drowsy,Drowsy/V0487.png
0.242873,0.252826,0.24785,0.006408,-2.916259,-9.621748,-0.852854,Drowsy,Drowsy/V0492.png
0.258438,0.254432,0.256435,0.006847,-1.773185,-9.787686,-0.510864,Drowsy,Drowsy/V0496.png
0.256869,0.254432,0.255651,0.0,-1.195107,-10.46934,-0.418233,Drowsy,Drowsy/V0501.png
0.230031,0.233718,0.231874,0.006667,-2.055185,-11.421773,-0.396435,Drowsy,Drowsy/V0505.png
0.207455,0.215604,0.21153,0.006578,-2.270216,-13.962002,-1.02971,Drowsy,Drowsy/V0510.png
0.215604,0.220797,0.218201,0.020268,-3.25076,-9.097492,0.404477,Drowsy,Drowsy/V0514.png
0.228347,0.254505,0.241426,0.006757,-3.28509,-7.124984,0.485221,Drowsy,Drowsy/V0519.png
0.252565,0.241047,0.246806,0.006757,-3.382626,-9.247237,0.025224,Drowsy,Drowsy/V0523.png
0.271464,0.264592,0.268028,0.0,-2.920474,-9.794747,-0.22045,Drowsy,Drowsy/V0527.png
0.235377,0.257259,0.246318,0.006944,-3.851065,-10.731347,-0.356568,Drowsy,Drowsy/V0532.png
0.23478,0.235441,0.235111,0.0,-4.103957,-8.840004,-0.431937,Drowsy,Drowsy/V0536.png
0.276489,0.256849,0.266669,0.023383,-5.007225,-13.720556,1.705554,Drowsy,Drowsy/V0541.png
0.254432,0.257182,0.255807,0.006944,-2.237227,-16.759214,0.033869,Drowsy,Drowsy/V0545.png
0.258438,0.265211,0.261825,0.020833,-4.982249,-16.565252,0.717622,Drowsy,Drowsy/V0550.png
0.215543,0.226314,0.220929,0.0,-1.070214,-20.812717,0.391573,Drowsy,Drowsy/V0554.png
0.237538,0.251063,0.2443,0.013509,-4.864876,-13.287055,0.817797,Drowsy,Drowsy/V0560.png
0.18672,0.208504,0.197612,0.006756,-4.128285,-14.732644,1.393646,Drowsy,Drowsy/V0564.png
0.180339,0.194145,0.187242,0.006664,-4.136783,-18.216196,1.352194,Drowsy,Drowsy/V0569.png
0.233655,0.260634,0.247145,0.020548,-3.538911,-12.30066,0.865149,Drowsy,Drowsy/V0580.png
0.223817,0.239012,0.231414,0.0,-3.478566,-12.062739,0.793448,Drowsy,Drowsy/V0585.png
0.228171,0.248069,0.23812,0.006844,-6.683751,-7.193067,3.470369,Drowsy,Drowsy/V0589.png
0.2371,0.245029,0.241064,0.02054,1.44436,-5.227926,-1.33483,Drowsy,Drowsy/V0594.png
0.223877,0.246926,0.235401,0.0,-2.800231,-5.086897,0.386727,Drowsy,Drowsy/V0598.png
0.226567,0.2371,0.231833,0.0,-2.605903,-1.932438,0.212287,Drowsy,Drowsy/V0603.png
0.230031,0.239981,0.235006,0.016312,-1.635984,-5.659478,0.634061,Drowsy,Drowsy/V0607.png
0.235441,0.241047,0.238244,0.0,-1.826192,-7.444788,0.55981,Drowsy,Drowsy/V0611.png
0.2371,0.242742,0.239921,0.016095,-2.203889,-4.434145,0.867442,Drowsy,Drowsy/V0616.png
0.23009,0.246863,0.238476,0.0,-1.814512,-4.940349,0.541375,Drowsy,Drowsy/V0620.png
0.235377,0.240978,0.238178,0.006944,-2.244889,-5.429245,0.520169,Drowsy,Drowsy/V0625.png
0.2371,0.246852,0.241976,0.007042,-2.343506,-5.819731,0.455935,Drowsy,Drowsy/V0632.png
0.258438,0.262512,0.260475,0.006944,-1.512161,-4.403983,0.931129,Drowsy,Drowsy/V0637.png
0.225786,0.266199,0.245992,0.013889,-1.487622,-4.448522,0.539797,Drowsy,Drowsy/V0641.png
0.242873,0.239981,0.241427,0.024044,-2.553191,-4.045735,0.66737,Drowsy,Drowsy/V0646.png
0.262582,0.276139,0.269361,0.0,-1.200744,-5.169952,-0.209646,Drowsy,Drowsy/V0650.png
0.275136,0.270303,0.272719,0.023069,-2.030611,-3.644453,0.53857,Drowsy,Drowsy/V0655.png
0.255015,0.281174,0.268095,0.02371,-1.658411,-3.691677,0.220131,Drowsy,Drowsy/V0659.png
0.217497,0.239283,0.22839,0.0,-0.735657,-7.615754,0.359015,Drowsy,Drowsy/V0664.png
0.191959,0.215604,0.203781,0.0,-1.531632,-7.950351,0.354759,Drowsy,Drowsy/V0668.png
0.268213,0.2525,0.260356,0.0,6.701257,-7.873386,2.685173,Drowsy,Drowsy/W0004.png
0.268163,0.259334,0.263749,0.006093,6.286977,-2.899572,3.458843,Drowsy,Drowsy/W0009.png
0.26768,0.24263,0.255155,0.0,8.276732,-4.378385,3.067863,Drowsy,Drowsy/W0014.png
0.054291,0.074795,0.064543,0.0,6.199138,-8.48461,2.59015,Drowsy,Drowsy/W0018.png
0.26291,0.252412,0.257661,0.006024,9.338091,-5.241218,0.711574,Drowsy,Drowsy/W0022.png
0.279961,0.243051,0.261506,0.0,8.55371,-3.216508,1.063855,Drowsy,Drowsy/W0027.png
0.232316,0.230031,0.231173,0.0,8.048536,-2.762867,1.251115,Drowsy,Drowsy/W0031.png
0.273602,0.236444,0.255023,0.012047,8.367001,-0.99992,1.276532,Drowsy,Drowsy/W0036.png
0.256272,0.237479,0.246876,0.012194,6.720156,-3.282618,2.191429,Drowsy,Drowsy/W0040.png
0.26838,0.243051,0.255716,0.006024,8.514992,-1.91432,1.362415,Drowsy,Drowsy/W0045.png
0.26237,0.259334,0.260852,0.012346,7.774011,-4.651071,1.571887,Drowsy,Drowsy/W0049.png
0.244511,0.24119,0.24285,0.0,8.762922,-5.065407,1.133518,Drowsy,Drowsy/W0054.png
0.273732,0.246952,0.260342,0.0,8.028376,-2.646995,1.957573,Drowsy,Drowsy/W0058.png
0.276134,0.242936,0.259535,0.012346,8.202821,-4.694684,1.132791,Drowsy,Drowsy/W0063.png
0.185082,0.198648,0.191865,0.006171,8.076957,-6.934017,1.772299,Drowsy,Drowsy/W0068.png
0.26768,0.25352,0.2606,0.012499,6.323716,-2.325362,2.569014,Drowsy,Drowsy/W0073.png
0.274534,0.252304,0.263419,0.006246,4.956411,-4.023742,3.486889,Drowsy,Drowsy/W0078.png
0.279252,0.259334,0.269293,0.012337,6.085182,-4.029837,3.020322,Drowsy,Drowsy/W0083.png
0.251031,0.243051,0.247041,0.006173,5.42189,-6.314417,0.240396,Drowsy,Drowsy/W0087.png
0.220122,0.23009,0.225106,0.0,7.947029,-7.637468,-0.142275,Drowsy,Drowsy/W0092.png
0.281478,0.262873,0.272175,0.0,8.520032,-2.199917,-0.627139,Drowsy,Drowsy/W0096.png
0.275567,0.252565,0.264066,0.00625,9.147907,-0.197035,1.023416,Drowsy,Drowsy/W0100.png
0.274767,0.253699,0.264233,0.00625,9.403787,1.852726,1.328539,Drowsy,Drowsy/W0105.png
0.293349,0.265225,0.279287,0.012657,8.848583,-1.61511,1.915006,Drowsy,Drowsy/W0109.png
0.249929,0.23009,0.24001,0.0,7.138331,-2.316806,1.947252,Drowsy,Drowsy/W0114.png
0.269319,0.241252,0.255286,0.0,7.350436,-3.676102,1.609121,Drowsy,Drowsy/W0118.png
0.257182,0.259334,0.258258,0.018737,12.084064,-2.269622,2.023148,Drowsy,Drowsy/W0123.png
0.269399,0.248304,0.258852,0.0,12.017153,-3.357065,1.104076,Drowsy,Drowsy/W0127.png
0.2735,0.259398,0.266449,0.014539,9.777847,-2.506912,2.390805,Drowsy,Drowsy/W0132.png
0.24383,0.225542,0.234686,0.006171,6.225237,-3.318522,3.327069,Drowsy,Drowsy/W0136.png
0.243859,0.231096,0.237477,0.021857,3.542359,-0.901404,3.979282,Drowsy,Drowsy/W0142.png
0.219169,0.222271,0.22072,0.013314,3.80099,-2.207699,4.397753,Drowsy,Drowsy/W0147.png
0.175,0.199657,0.187329,0.012491,6.844311,-3.577056,2.821961,Drowsy,Drowsy/W0152.png
0.280155,0.248519,0.264337,0.008217,5.620427,-1.396933,3.492122,Drowsy,Drowsy/W0156.png
0.267577,0.265897,0.266737,0.008828,4.829696,-3.906158,4.063618,Drowsy,Drowsy/W0161.png
0.260725,0.264292,0.262509,0.006161,2.080571,-5.384899,4.109826,Drowsy,Drowsy/W0165.png
0.249957,0.240434,0.245195,0.006238,2.775574,-7.581697,4.258687,Drowsy,Drowsy/W0171.png
0.249957,0.248069,0.249013,0.006232,1.906549,-7.081378,5.148855,Drowsy,Drowsy/W0175.png
0.272446,0.248207,0.260326,0.0,5.270276,-3.941714,3.096657,Drowsy,Drowsy/W0179.png
0.255793,0.263919,0.259856,0.012649,4.085393,-6.393427,4.346868,Drowsy,Drowsy/W0184.png
0.226593,0.233466,0.230029,0.012337,5.257839,-6.297458,3.293701,Drowsy,Drowsy/W0189.png
0.243613,0.258159,0.250886,0.012476,4.747413,-5.833058,4.07676,Drowsy,Drowsy/W0194.png
0.205859,0.236168,0.221014,0.0,5.380468,-7.506817,3.845465,Drowsy,Drowsy/W0198.png
0.243613,0.236589,0.240101,0.006238,4.326954,-5.490353,4.041142,Drowsy,Drowsy/W0204.png
0.255415,0.240434,0.247924,0.006238,3.649789,-5.488374,4.418051,Drowsy,Drowsy/W0208.png
0.255966,0.264292,0.260129,0.0,4.972962,-4.955528,3.631934,Drowsy,Drowsy/W0213.png
0.261608,0.229853,0.24573,0.006246,5.256101,-5.14122,3.295029,Drowsy,Drowsy/W0217.png
0.261239,0.236908,0.249073,0.012642,4.295391,-4.299715,4.018671,Drowsy,Drowsy/W0222.png
0.273994,0.248519,0.261256,0.0,4.605822,-5.882511,3.175823,Drowsy,Drowsy/W0226.png
0.267974,0.248317,0.258146,0.012649,4.5352,-6.016585,3.579605,Drowsy,Drowsy/W0234.png
0.268527,0.263919,0.266223,0.0,5.164242,-8.382806,3.447376,Drowsy,Drowsy/W0238.png
0.279667,0.271964,0.275816,0.006485,1.800106,-6.736654,5.186755,Drowsy,Drowsy/W0243.png
0.243613,0.25085,0.247231,0.006402,4.533203,-6.759764,3.876109,Drowsy,Drowsy/W0247.png
0.250311,0.239012,0.244661,0.015455,5.415575,-5.548822,3.920363,Drowsy,Drowsy/W0252.png
0.256065,0.248207,0.252136,0.011891,4.62147,-5.122193,3.424492,Drowsy,Drowsy/W0256.png
0.249929,0.242873,0.246401,0.012191,5.72188,-3.254831,2.462103,Drowsy,Drowsy/W0261.png
0.261239,0.246596,0.253918,0.006171,4.35686,-4.526529,3.586239,Drowsy,Drowsy/W0266.png
0.154856,0.147964,0.15141,0.012491,5.139749,-5.195899,3.18587,Drowsy,Drowsy/W0270.png
0.250311,0.248437,0.249374,0.006406,5.202256,-4.428984,3.320107,Drowsy,Drowsy/W0275.png
0.256401,0.236908,0.246654,0.012642,5.802926,-3.302248,3.443543,Drowsy,Drowsy/W0279.png
0.250311,0.258598,0.254454,0.0,5.656161,-3.31559,3.175218,Drowsy,Drowsy/W0284.png
0.250256,0.227186,0.238721,0.012337,3.883134,-4.892859,3.28374,Drowsy,Drowsy/W0288.png
0.250933,0.240978,0.245956,0.0,5.677646,-5.055984,3.126839,Drowsy,Drowsy/W0293.png
0.039689,0.050202,0.044946,0.0,3.117137,-6.404942,3.123768,Drowsy,Drowsy/W0297.png
0.24422,0.254216,0.249218,0.006325,5.556815,-4.372376,3.456494,Drowsy,Drowsy/W0302.png
0.256574,0.233466,0.24502,0.0,5.394794,-3.838036,2.979834,Drowsy,Drowsy/W0306.png
0.256574,0.24134,0.248957,0.012337,5.659487,-5.57931,3.132959,Drowsy,Drowsy/W0311.png
0.256401,0.230574,0.243488,0.0,5.494348,-5.005152,3.686911,Drowsy,Drowsy/W0315.png
0.244438,0.239012,0.241725,0.012496,4.875479,-6.933394,2.862593,Drowsy,Drowsy/W0320.png
0.249717,0.241153,0.245435,0.018737,5.88362,-3.837773,3.488331,Drowsy,Drowsy/W0324.png
0.245046,0.2371,0.241073,0.012654,5.560758,-4.368397,2.967282,Drowsy,Drowsy/W0329.png
0.249717,0.245029,0.247373,0.012649,5.740924,-4.238578,3.150708,Drowsy,Drowsy/W0333.png
0.262148,0.248317,0.255233,0.0,5.340528,-4.532072,3.016999,Drowsy,Drowsy/W0337.png
0.244828,0.242742,0.243785,0.02392,5.26189,-4.456836,3.085782,Drowsy,Drowsy/W0342.png
0.243613,0.248317,0.245965,0.012491,5.996254,-5.062114,3.228026,Drowsy,Drowsy/W0346.png
0.24422,0.233466,0.238843,0.006248,5.508546,-5.049465,3.158234,Drowsy,Drowsy/W0351.png
0.243613,0.254216,0.248915,0.0,5.387101,-6.003468,3.58985,Drowsy,Drowsy/W0355.png
0.245046,0.242742,0.243894,0.0,5.127758,-4.768769,2.847111,Drowsy,Drowsy/W0360.png
0.023783,0.053,0.038391,0.012187,4.491041,-7.339348,2.492168,Drowsy,Drowsy/W0364.png
0.244828,0.248519,0.246673,0.006093,5.420576,-5.248161,3.003655,Drowsy,Drowsy/W0369.png
0.180398,0.167236,0.173817,0.012491,5.419709,-5.843166,2.539649,Drowsy,Drowsy/W0373.png
0.243613,0.239399,0.241506,0.008403,8.003596,-6.992498,4.023434,Drowsy,Drowsy/W0378.png
0.256074,0.230574,0.243324,0.018506,7.754133,-6.774536,4.224626,Drowsy,Drowsy/W0382.png
0.231432,0.248317,0.239875,0.0,6.052806,-5.147361,3.907513,Drowsy,Drowsy/W0387.png
0.237204,0.218955,0.228079,0.006321,6.11599,-5.315211,4.270261,Drowsy,Drowsy/W0391.png
0.024992,0.076434,0.050713,0.012181,6.024066,-13.838499,3.994359,Drowsy,Drowsy/W0396.png
0.25054,0.242873,0.246707,0.011764,7.197813,-5.846938,2.102651,Drowsy,Drowsy/W0400.png
0.26126,0.23788,0.24957,0.019621,5.03966,-1.762847,1.089875,Drowsy,Drowsy/W0404.png
0.261744,0.243051,0.252397,0.006172,4.892885,3.524311,3.064898,Drowsy,Drowsy/W0409.png
0.257182,0.239998,0.24859,0.015476,7.576358,2.587029,1.985076,Drowsy,Drowsy/W0413.png
0.269079,0.231714,0.250396,0.00641,6.083679,1.84956,3.339024,Drowsy,Drowsy/W0421.png
0.25085,0.240229,0.245539,0.012499,6.552539,2.090373,3.136698,Drowsy,Drowsy/W0425.png
0.19664,0.209481,0.203061,0.006493,7.565146,1.345028,2.959271,Drowsy,Drowsy/W0430.png
0.232922,0.217516,0.225219,0.012986,6.745364,1.509276,3.12059,Drowsy,Drowsy/W0434.png
0.225849,0.216037,0.220943,0.005863,5.515271,-8.162812,-5.561017,Drowsy,Drowsy/W0439.png
0.252455,0.2371,0.244777,0.006577,1.495033,-0.975719,2.266319,Drowsy,Drowsy/W0443.png
0.245046,0.252741,0.248893,0.013153,1.95913,-2.996309,2.233356,Drowsy,Drowsy/W0448.png
0.087473,0.113596,0.100534,0.00641,4.462958,-4.563309,1.092219,Drowsy,Drowsy/W0452.png
0.270965,0.235377,0.253171,0.012819,5.870966,-1.623721,0.328476,Drowsy,Drowsy/W0457.png
0.256799,0.2525,0.25465,0.015883,4.961384,-0.548662,0.6277,Drowsy,Drowsy/W0461.png
0.244511,0.227379,0.235945,0.012986,5.482679,-3.567296,0.119965,Drowsy,Drowsy/W0466.png
0.252565,0.245392,0.248978,0.012658,4.840055,-3.443176,0.329493,Drowsy,Drowsy/W0471.png
0.241047,0.245293,0.24317,0.0,5.256036,-4.641429,0.551383,Drowsy,Drowsy/W0476.png
0.251134,0.245227,0.24818,0.015476,4.680873,-4.91366,0.553703,Drowsy,Drowsy/W0480.png
0.269399,0.262985,0.266192,0.006494,4.417796,-3.720041,0.74426,Drowsy,Drowsy/W0484.png
0.257182,0.239283,0.248233,0.006578,3.289529,-4.104662,1.438388,Drowsy,Drowsy/W0489.png
0.244438,0.242742,0.24359,0.006493,3.79176,-3.052792,1.589305,Drowsy,Drowsy/W0493.png
0.257182,0.239283,0.248233,0.013153,3.858158,-3.255581,1.632641,Drowsy,Drowsy/W0498.png
0.220188,0.203781,0.211985,0.0,4.247631,-5.532801,1.073082,Drowsy,Drowsy/W0503.png
0.028668,0.011851,0.020259,0.012819,3.564312,-8.319573,1.328748,Drowsy,Drowsy/W0508.png
0.257182,0.239283,0.248233,0.015882,3.803532,-3.200061,1.311625,Drowsy,Drowsy/W0512.png
0.262387,0.242536,0.252461,0.009164,5.910072,-4.916397,4.891,Drowsy,Drowsy/W0518.png
0.237204,0.234728,0.235966,0.006406,5.339807,-4.441234,2.989609,Drowsy,Drowsy/W0522.png
0.245293,0.243051,0.244172,0.012345,7.828217,-0.846026,1.306924,Drowsy,Drowsy/W0527.png
0.251063,0.231714,0.241388,0.015275,5.608285,-1.330087,2.360819,Drowsy,Drowsy/W0531.png
0.257182,0.220654,0.238918,0.012816,5.265702,-0.626155,2.525578,Drowsy,Drowsy/W0536.png
0.250523,0.228406,0.239465,0.012496,5.92206,-2.187394,2.201,Drowsy,Drowsy/W0540.png
0.274227,0.254099,0.264163,0.0,6.148877,-3.105193,1.738828,Drowsy,Drowsy/W0545.png
0.256953,0.239283,0.248118,0.0,5.967246,-2.919159,1.962288,Drowsy,Drowsy/W0549.png
0.245046,0.227379,0.236213,0.0,5.106378,-4.142002,2.004404,Drowsy,Drowsy/W0554.png
0.244438,0.212499,0.228469,0.0,5.703798,-3.056883,2.428054,Drowsy,Drowsy/W0558.png
0.250256,0.241004,0.24563,0.012811,5.848203,-0.691096,3.235031,Drowsy,Drowsy/W0562.png
0.256269,0.222691,0.23948,0.012045,5.866534,1.103353,2.308975,Drowsy,Drowsy/W0567.png
0.245227,0.231714,0.23847,0.0,6.119095,0.626326,0.721801,Drowsy,Drowsy/W0571.png
0.267146,0.243355,0.255251,0.013148,5.086338,0.298607,-2.648504,Drowsy,Drowsy/W0576.png
0.231403,0.232246,0.231825,0.0,5.631703,-5.532557,-1.481107,Drowsy,Drowsy/W0580.png
0.258989,0.238675,0.248832,0.015464,4.635707,-3.083406,-1.543244,Drowsy,Drowsy/W0586.png
0.257259,0.238419,0.247839,0.012342,4.627632,-4.638601,-0.737085,Drowsy,Drowsy/W0590.png
0.205859,0.207931,0.206895,0.0,5.306832,-4.823078,-0.842639,Drowsy,Drowsy/W0596.png
0.240593,0.215543,0.228068,0.006248,4.828928,-4.877164,-0.747674,Drowsy,Drowsy/W0600.png
0.252826,0.2447,0.248763,0.018981,5.151929,-5.068788,-0.991164,Drowsy,Drowsy/W0605.png
0.25302,0.238028,0.245524,0.006325,4.999954,-3.983135,-0.776976,Drowsy,Drowsy/W0609.png
0.250469,0.221514,0.235992,0.021074,4.045979,-5.789015,-0.029941,Drowsy,Drowsy/W0614.png
0.245119,0.239215,0.242167,0.0,3.843966,-5.755538,-0.096082,Drowsy,Drowsy/W0618.png
0.273994,0.258369,0.266181,0.006667,0.386505,0.630229,2.283912,Drowsy,Drowsy/W0623.png
0.268703,0.248207,0.258455,0.006327,0.142127,6.482891,0.795899,Drowsy,Drowsy/W0627.png
0.250772,0.248452,0.249612,0.014901,1.336688,4.787819,1.604813,Drowsy,Drowsy/W0632.png
0.257644,0.255914,0.256779,0.0,1.712805,5.517029,0.922037,Drowsy,Drowsy/W0636.png
0.22908,0.221487,0.225283,0.012345,1.425563,5.582796,1.358372,Drowsy,Drowsy/W0640.png
0.266998,0.237358,0.252178,0.015084,1.604603,6.507171,1.739297,Drowsy,Drowsy/W0645.png
0.27117,0.262582,0.266876,0.0,2.040131,5.425425,1.442535,Drowsy,Drowsy/W0651.png
0.164443,0.183803,0.174123,0.018067,2.003503,4.549674,1.892618,Drowsy,Drowsy/W0656.png
0.233466,0.231162,0.232314,0.0,1.112884,6.352354,2.094426,Drowsy,Drowsy/W0660.png
0.255954,0.245458,0.250706,0.006329,2.242841,7.494439,2.158252,Drowsy,Drowsy/W0665.png
0.258159,0.242873,0.250516,0.015275,3.725593,5.427813,1.451701,Drowsy,Drowsy/W0669.png
0.265897,0.236952,0.251425,0.013153,2.089706,6.43745,1.838045,Drowsy,Drowsy/W0674.png
0.075127,0.131189,0.103158,0.021879,2.033192,4.570835,1.511679,Drowsy,Drowsy/W0678.png
0.259143,0.237479,0.248311,0.019224,2.362987,6.242249,1.705325,Drowsy,Drowsy/W0683.png
0.252304,0.254099,0.253201,0.00641,1.500801,7.261909,1.712615,Drowsy,Drowsy/W0687.png
0.262081,0.242873,0.252477,0.012816,2.743933,7.505092,2.043622,Drowsy,Drowsy/W0692.png
0.022704,0.059881,0.041292,0.019229,1.715569,3.380501,1.362844,Drowsy,Drowsy/W0696.png
0.263488,0.254099,0.258793,0.012819,2.634146,6.537919,2.136443,Drowsy,Drowsy/W0701.png
0.274806,0.249378,0.262092,0.006086,3.014417,12.23609,-2.202105,Drowsy,Drowsy/W0710.png
0.27147,0.246932,0.259201,0.0,7.720172,11.20372,-2.299722,Drowsy,Drowsy/W0715.png
0.265897,0.25889,0.262394,0.00657,4.54878,9.695065,-1.156796,Drowsy,Drowsy/W0719.png
0.268758,0.241938,0.255348,0.013314,3.159869,9.007194,-0.890315,Drowsy,Drowsy/W0723.png
0.282843,0.255203,0.269023,0.024808,4.30966,9.525863,-0.851888,Drowsy,Drowsy/W0728.png
0.231714,0.242373,0.237044,0.006661,2.827435,9.761906,-0.949339,Drowsy,Drowsy/W0732.png
0.262299,0.253088,0.257693,0.01297,2.941556,10.260287,-0.573109,Drowsy,Drowsy/W0737.png
0.207926,0.225542,0.216734,0.012811,2.939387,7.599124,-0.370371,Drowsy,Drowsy/W0741.png
0.239916,0.244884,0.2424,0.013148,2.30223,10.910952,-0.380806,Drowsy,Drowsy/W0746.png
0.254033,0.264679,0.259356,0.006489,2.219648,8.919139,-0.365147,Drowsy,Drowsy/W0750.png
0.278517,0.247508,0.263013,0.006402,2.247566,9.433251,-0.526547,Drowsy,Drowsy/W0755.png
0.265225,0.247508,0.256367,0.006325,2.330331,7.771751,-0.516699,Drowsy,Drowsy/W0759.png
0.262081,0.24245,0.252266,0.006574,2.848351,8.871736,0.826825,Drowsy,Drowsy/W0764.png
0.270078,0.268644,0.269361,0.012484,1.54383,9.683753,0.457552,Drowsy,Drowsy/W0768.png
0.26502,0.250665,0.257842,0.006321,2.905548,8.751183,0.210895,Drowsy,Drowsy/W0774.png
0.27339,0.258824,0.266107,0.006402,2.791887,9.355346,0.20128,Drowsy,Drowsy/W0778.png
0.262081,0.242686,0.252383,0.01297,1.529556,8.567982,0.417511,Drowsy,Drowsy/W0783.png
0.259727,0.242686,0.251206,0.006321,2.381511,9.394517,-0.168714,Drowsy,Drowsy/W0787.png
0.248519,0.248317,0.248418,0.012804,2.552995,9.150431,-0.071272,Drowsy,Drowsy/W0792.png
0.268372,0.248207,0.25829,0.01507,1.691719,9.611269,0.329729,Drowsy,Drowsy/W0796.png
0.253837,0.237011,0.245424,0.018963,1.798512,8.983874,0.270794,Drowsy,Drowsy/W0801.png
0.259727,0.248317,0.254022,0.006402,1.286175,9.552374,0.192752,Drowsy,Drowsy/W0806.png
0.248207,0.2264,0.237303,0.008828,2.119827,9.656146,0.033247,Drowsy,Drowsy/W0812.png
0.268163,0.242373,0.255268,0.018963,2.174954,8.852339,0.253582,Drowsy,Drowsy/W0817.png
0.263613,0.237479,0.250546,0.012337,2.013592,7.789294,0.867867,Drowsy,Drowsy/W0821.png
0.268163,0.259727,0.263945,0.019217,1.371334,8.446568,0.877884,Drowsy,Drowsy/W0826.png
0.259727,0.242686,0.251206,0.012642,1.238434,8.227682,1.148276,Drowsy,Drowsy/W0830.png
0.275849,0.269847,0.272848,0.012649,2.347982,8.477134,0.815738,Drowsy,Drowsy/W0835.png
0.258159,0.2371,0.247629,0.006406,1.686916,6.942346,0.865458,Drowsy,Drowsy/W0839.png
0.235187,0.225542,0.230364,0.012649,1.193818,8.355008,1.243023,Drowsy,Drowsy/W0844.png
0.258159,0.234466,0.246313,0.009059,2.030724,8.626234,1.180945,Drowsy,Drowsy/W0848.png
0.266998,0.248423,0.257711,0.008724,1.450014,7.090609,1.303589,Drowsy,Drowsy/W0853.png
0.262563,0.245239,0.253901,0.014716,1.78725,8.09378,1.283594,Drowsy,Drowsy/W0857.png
0.27117,0.245199,0.258185,0.015455,1.97897,9.186591,0.49874,Drowsy,Drowsy/W0862.png
0.262081,0.256548,0.259315,0.012491,1.610385,7.722546,0.977343,Drowsy,Drowsy/W0866.png
0.262081,0.247806,0.254943,0.015078,1.271796,8.584226,1.254202,Drowsy,Drowsy/W0871.png
0.268372,0.234952,0.251662,0.0,1.241654,8.62107,1.446306,Drowsy,Drowsy/W0875.png
0.258824,0.239938,0.249381,0.012491,0.950647,8.545764,1.44254,Drowsy,Drowsy/W0879.png
0.263488,0.242686,0.253087,0.012811,1.157671,8.306543,1.296118,Drowsy,Drowsy/W0884.png
0.274444,0.264058,0.269251,0.012654,2.06021,8.776917,1.862263,Drowsy,Drowsy/W0888.png
0.264218,0.2454,0.254809,0.012491,0.768451,7.246953,1.551682,Drowsy,Drowsy/W0893.png
0.256246,0.258863,0.257555,0.006327,1.210751,7.722881,1.72436,Drowsy,Drowsy/W0898.png
0.268372,0.250665,0.259518,0.0,1.091502,8.825749,1.716634,Drowsy,Drowsy/W0903.png
0.269746,0.254066,0.261906,0.006246,1.470097,8.172069,1.288092,Drowsy,Drowsy/W0907.png
0.144828,0.162962,0.153895,0.014716,1.360142,5.011246,1.387146,Drowsy,Drowsy/W0912.png
0.261744,0.248207,0.254976,0.012496,1.387581,7.486694,1.468379,Drowsy,Drowsy/W0916.png
0.279319,0.25832,0.26882,0.006246,1.369624,8.43069,2.077361,Drowsy,Drowsy/W0921.png
0.212442,0.20309,0.207766,0.021602,1.771743,6.572963,1.592345,Drowsy,Drowsy/W0925.png
0.262081,0.247806,0.254943,0.006327,1.431322,8.724236,2.1316,Drowsy,Drowsy/W0930.png
0.258159,0.245625,0.251892,0.012657,1.720866,7.346125,1.708529,Drowsy,Drowsy/W0934.png
0.268163,0.256615,0.262389,0.006408,1.866301,7.647778,2.218608,Drowsy,Drowsy/W0940.png
0.256269,0.254099,0.255184,0.008836,1.462384,6.889896,1.62891,Drowsy,Drowsy/W0944.png
0.266998,0.25085,0.258924,0.006327,1.13784,7.994953,2.140251,Drowsy,Drowsy/W0949.png
0.191741,0.192324,0.192033,0.012499,1.210181,6.452221,2.31337,Drowsy,Drowsy/W0954.png
0.250449,0.24263,0.24654,0.0,1.814331,7.927781,2.192235,Drowsy,Drowsy/W0958.png
0.250449,0.259064,0.254757,0.006327,2.09324,7.688214,2.180372,Drowsy,Drowsy/W0968.png
0.184498,0.181603,0.18305,0.021332,2.223936,4.266587,2.002761,Drowsy,Drowsy/W0972.png
0.279358,0.25635,0.267854,0.006493,1.985885,8.648932,2.675551,Drowsy,Drowsy/W0977.png
0.279358,0.259064,0.269211,0.006408,1.75004,8.071661,2.06794,Drowsy,Drowsy/W0981.png
0.269603,0.251403,0.260503,0.006248,1.917478,6.676081,2.211691,Drowsy,Drowsy/W0986.png
0.256591,0.245626,0.251109,0.019229,2.349648,7.019414,2.418038,Drowsy,Drowsy/W0990.png
0.263613,0.248141,0.255877,0.021607,1.636077,8.187432,2.257537,Drowsy,Drowsy/W0995.png
0.280796,0.234466,0.257631,0.006329,1.894722,6.715348,2.481907,Drowsy,Drowsy/W0999.png
0.276007,0.254432,0.26522,0.00641,2.144286,6.606949,2.35331,Drowsy,Drowsy/W1004.png
0.274534,0.259938,0.267236,0.0,1.785349,7.288832,2.631285,Drowsy,Drowsy/W1008.png
0.272549,0.264058,0.268303,0.00625,1.193405,8.220441,2.73448,Drowsy,Drowsy/W1013.png
0.255765,0.248141,0.251953,0.019229,1.866138,7.37902,2.877308,Drowsy,Drowsy/W1017.png
0.267802,0.251335,0.259568,0.0,1.556882,7.38113,2.263855,Drowsy,Drowsy/W1022.png
0.267802,0.245389,0.256595,0.006493,1.883617,7.775994,2.705863,Drowsy,Drowsy/W1026.png
0.256246,0.251403,0.253824,0.012821,1.222011,6.815215,2.607959,Drowsy,Drowsy/W1031.png
0.249935,0.259131,0.254533,0.018744,1.957691,6.728351,2.327967,Drowsy,Drowsy/W1035.png
0.262316,0.23398,0.248148,0.012986,1.585502,7.95971,2.458498,Drowsy,Drowsy/W1039.png
0.264292,0.239916,0.252104,0.0,1.694862,6.718945,2.719445,Drowsy,Drowsy/W1044.png
0.262316,0.245452,0.253884,0.0,1.47453,7.432031,2.79424,Drowsy,Drowsy/W1048.png
0.022704,0.027952,0.025328,0.018986,1.380778,4.779543,2.737528,Drowsy,Drowsy/W1053.png
0.239012,0.231162,0.235087,0.006493,0.628792,6.396275,2.635812,Drowsy,Drowsy/W1057.png
0.244465,0.248579,0.246522,0.012986,1.769221,6.136995,2.841697,Drowsy,Drowsy/W1062.png
0.103078,0.155043,0.12906,0.012499,1.383783,5.565393,1.661895,Drowsy,Drowsy/W1066.png
0.268163,0.251335,0.259749,0.006408,0.150387,7.365665,2.167022,Drowsy,Drowsy/W1071.png
0.274146,0.251335,0.262741,0.0,1.660186,7.868328,2.377577,Drowsy,Drowsy/W1075.png
0.264292,0.257389,0.26084,0.006329,1.268293,7.38319,2.497915,Drowsy,Drowsy/W1080.png
0.250449,0.254033,0.252241,0.012499,0.57951,7.317076,2.378357,Drowsy,Drowsy/W1084.png
0.268163,0.248586,0.258374,0.0,1.130014,6.447887,2.489254,Drowsy,Drowsy/W1089.png
0.246417,0.251403,0.24891,0.006493,0.415275,7.025218,2.617694,Drowsy,Drowsy/W1093.png
0.256591,0.239981,0.248286,0.012819,1.39356,7.584456,2.510625,Drowsy,Drowsy/W1098.png
0.261744,0.245452,0.253598,0.015088,1.204359,7.510055,2.593676,Drowsy,Drowsy/W1102.png
0.261744,0.248205,0.254975,0.0,1.047392,7.698138,2.59906,Drowsy,Drowsy/W1107.png
0.257812,0.248586,0.253199,0.008951,0.640248,7.612455,2.531589,Drowsy,Drowsy/W1111.png
0.256246,0.25116,0.253703,0.012657,1.382028,6.936656,2.665625,Drowsy,Drowsy/W1115.png
0.262316,0.265085,0.263701,0.00641,1.317122,8.482778,3.09862,Drowsy,Drowsy/W1120.png
0.112465,0.165714,0.139089,0.012657,0.935484,4.810454,2.433832,Drowsy,Drowsy/W1124.png
0.239012,0.242798,0.240905,0.019479,1.393239,7.42549,2.746444,Drowsy,Drowsy/W1129.png
0.267802,0.262582,0.265192,0.0,1.288167,7.324447,2.801392,Drowsy,Drowsy/W1133.png
0.274146,0.245452,0.259799,0.015476,1.594587,7.698748,3.176199,Drowsy,Drowsy/W1138.png
0.256591,0.245452,0.251022,0.012819,1.582245,6.817274,2.899253,Drowsy,Drowsy/W1142.png
0.250496,0.260025,0.25526,0.012819,0.794165,6.725216,2.828841,Drowsy,Drowsy/W1147.png
0.261744,0.267741,0.264742,0.0125,0.698261,6.175922,2.577111,Drowsy,Drowsy/W1151.png
0.261744,0.248205,0.254975,0.00625,1.445438,7.856783,3.139599,Drowsy,Drowsy/W1156.png
0.272549,0.262512,0.26753,0.00625,1.389037,6.643821,2.927599,Drowsy,Drowsy/W1160.png
0.263919,0.25714,0.26053,0.006494,1.06161,7.315876,3.015116,Drowsy,Drowsy/W1165.png
0.262316,0.239981,0.251149,0.0,2.181264,6.833148,2.990478,Drowsy,Drowsy/W1169.png
0.261274,0.251403,0.256339,0.006329,0.706684,6.325685,2.930055,Drowsy,Drowsy/W1174.png
0.278833,0.265085,0.271959,0.00641,1.442159,8.072194,2.998123,Drowsy,Drowsy/W1178.png
0.261744,0.259064,0.260404,0.006329,1.34728,7.384596,2.704614,Drowsy,Drowsy/W1184.png
0.256246,0.25116,0.253703,0.006494,1.939084,7.362872,2.750126,Drowsy,Drowsy/W1188.png
0.280796,0.276333,0.278564,0.00625,1.385636,6.246608,2.747006,Drowsy,Drowsy/W1192.png
0.263919,0.248586,0.256253,0.019231,1.75733,6.805393,3.016891,Drowsy,Drowsy/W1197.png
0.262316,0.251403,0.25686,0.012986,0.888776,7.608899,2.476343,Drowsy,Drowsy/W1201.png
0.208014,0.195064,0.201539,0.0,0.984396,-1.735725,0.07452,Drowsy,Drowsy/X0004.png
0.231638,0.220122,0.22588,0.006666,1.997225,-0.843507,0.403404,Drowsy,Drowsy/X0008.png
0.225692,0.202983,0.214338,0.0,2.182484,-1.42639,0.255306,Drowsy,Drowsy/X0013.png
0.220122,0.208076,0.214099,0.0,1.660963,-1.062949,0.085594,Drowsy,Drowsy/X0017.png
0.207255,0.207993,0.207624,0.0,1.424149,-0.683971,0.209747,Drowsy,Drowsy/X0022.png
0.183794,0.183631,0.183712,0.0,1.755601,0.106399,0.242568,Drowsy,Drowsy/X0026.png
0.252826,0.239012,0.245919,0.0,2.150362,1.84407,-0.001035,Drowsy,Drowsy/X0031.png
0.246852,0.244828,0.24584,0.006849,2.732712,0.016406,-0.073514,Drowsy,Drowsy/X0035.png
0.28638,0.274146,0.280263,0.006666,2.307192,-0.849342,0.366793,Drowsy,Drowsy/X0040.png
0.219512,0.208076,0.213794,0.0,2.144745,-1.558799,0.518006,Drowsy,Drowsy/X0044.png
0.213212,0.207993,0.210602,0.007143,2.447252,-2.616265,0.33357,Drowsy,Drowsy/X0049.png
0.200778,0.188278,0.194528,0.0,2.078569,-3.336351,0.519123,Drowsy,Drowsy/X0053.png
0.25302,0.250543,0.251782,0.006944,2.612549,0.996158,0.163325,Drowsy,Drowsy/X0058.png
0.214884,0.214225,0.214555,0.006756,2.298926,-1.382007,0.283223,Drowsy,Drowsy/X0062.png
0.195823,0.202983,0.199403,0.0,2.178463,-1.894348,0.347176,Drowsy,Drowsy/X0066.png
0.225692,0.196582,0.211137,0.006944,2.542905,2.028925,0.205954,Drowsy,Drowsy/X0071.png
0.227379,0.209437,0.218408,0.016534,1.69301,4.882656,0.475363,Drowsy,Drowsy/X0075.png
0.032809,0.039657,0.036233,0.0,1.430006,4.799925,0.409682,Drowsy,Drowsy/X0080.png
0.226314,0.222799,0.224556,0.006944,2.132055,3.305994,0.882938,Drowsy,Drowsy/X0084.png
0.281214,0.275749,0.278481,0.006666,2.395699,2.039804,0.559515,Drowsy,Drowsy/X0089.png
0.146168,0.147307,0.146737,0.008951,2.027143,-19.474578,-0.374913,Drowsy,Drowsy/X0093.png
0.262985,0.26838,0.265683,0.012496,2.676363,-12.687802,0.51584,Drowsy,Drowsy/X0098.png
0.291066,0.268902,0.279984,0.019479,2.835337,-13.333394,0.74301,Drowsy,Drowsy/X0102.png
0.286334,0.266865,0.2766,0.012499,2.672464,-13.312915,0.340588,Drowsy,Drowsy/X0107.png
0.273602,0.256269,0.264935,0.0,2.468402,-12.277957,0.128072,Drowsy,Drowsy/X0111.png
0.191001,0.179262,0.185131,0.012983,2.513139,-22.298524,0.604911,Drowsy,Drowsy/X0116.png
0.195122,0.195881,0.195502,0.0,1.673074,-3.869392,1.186479,Drowsy,Drowsy/X0120.png
0.226786,0.226786,0.226786,0.0,1.560997,3.104483,0.759441,Drowsy,Drowsy/X0125.png
0.225622,0.195823,0.210722,0.01428,1.581525,-0.866874,0.63876,Drowsy,Drowsy/X0129.png
0.226786,0.20989,0.218338,0.013512,2.15867,-0.12654,1.344977,Drowsy,Drowsy/X0133.png
0.213212,0.191163,0.202187,0.013512,3.960942,-4.489179,0.136016,Drowsy,Drowsy/X0138.png
0.236519,0.236168,0.236343,0.007039,2.003349,11.343358,0.331136,Drowsy,Drowsy/X0142.png
0.239012,0.22352,0.231266,0.006757,0.24946,10.186648,1.328173,Drowsy,Drowsy/X0147.png
0.252783,0.213977,0.23338,0.007017,4.789391,2.857399,-4.181202,Drowsy,Drowsy/X0152.png
0.238118,0.207522,0.22282,0.006934,4.370996,0.552353,-1.811715,Drowsy,Drowsy/X0157.png
0.231403,0.194602,0.213002,0.007036,3.482075,1.933527,-1.540936,Drowsy,Drowsy/X0161.png
0.206657,0.200216,0.203436,0.0,3.321574,2.208847,-1.377836,Drowsy,Drowsy/X0166.png
0.226314,0.191001,0.208657,0.0,3.648518,1.576022,-1.237076,Drowsy,Drowsy/X0170.png
0.231176,0.206337,0.218756,0.007136,5.075899,0.842848,-2.271143,Drowsy,Drowsy/X0175.png
0.21846,0.206764,0.212612,0.007136,5.536271,1.345284,-1.883489,Drowsy,Drowsy/X0179.png
0.206453,0.18271,0.194581,0.0,4.879301,-0.216329,-2.210116,Drowsy,Drowsy/X0184.png
0.214702,0.198398,0.20655,0.006494,3.072722,-16.266478,-0.101684,Drowsy,Drowsy/X0188.png
0.195649,0.18672,0.191184,0.006493,2.517858,-16.323797,0.463299,Drowsy,Drowsy/X0193.png
0.208076,0.19664,0.202358,0.006944,2.121813,0.445523,0.846019,Drowsy,Drowsy/X0197.png
0.220122,0.203724,0.211923,0.006756,2.716988,0.348467,0.835452,Drowsy,Drowsy/X0202.png
0.208076,0.18677,0.197423,0.013332,2.639149,-0.095632,0.891218,Drowsy,Drowsy/X0206.png
0.20989,0.215909,0.212899,0.0,2.397736,-15.10392,0.367279,Drowsy,Drowsy/X0210.png
0.244766,0.273129,0.258948,0.0125,2.468209,-15.246215,-0.120874,Drowsy,Drowsy/X0215.png
0.183631,0.210533,0.197082,0.0,2.630596,-18.511292,0.630686,Drowsy,Drowsy/X0219.png
0.174945,0.18833,0.181637,0.013512,3.025902,-22.116102,0.41193,Drowsy,Drowsy/X0224.png
0.191163,0.195823,0.193493,0.019229,2.943382,-21.237178,0.434927,Drowsy,Drowsy/X0228.png
0.252669,0.24675,0.249709,0.006172,3.165743,-12.42221,0.063648,Drowsy,Drowsy/X0233.png
0.291053,0.264394,0.277723,0.015882,-4.462901,-6.648828,0.044095,Drowsy,Drowsy/X0237.png
0.038351,0.039604,0.038977,0.006493,1.380775,-7.664076,0.461884,Drowsy,Drowsy/X0242.png
0.195881,0.191217,0.193549,0.0,0.861397,-3.724865,0.843487,Drowsy,Drowsy/X0246.png
0.19489,0.179417,0.187154,0.021609,3.160641,-16.103278,-0.626443,Drowsy,Drowsy/X0251.png
0.037467,0.023199,0.030333,0.021886,1.854523,-12.570579,0.378377,Drowsy,Drowsy/X0255.png
0.044325,0.027952,0.036138,0.016095,-0.010343,-15.967556,-0.200158,Drowsy,Drowsy/X0260.png
0.232314,0.238028,0.235171,0.0,1.88002,-3.485061,0.588081,Drowsy,Drowsy/X0264.png
0.232922,0.250545,0.241733,0.006849,0.767573,-4.084221,0.402324,Drowsy,Drowsy/X0269.png
0.220863,0.232383,0.226623,0.013332,1.323503,-5.770972,0.417429,Drowsy,Drowsy/X0273.png
0.238118,0.263608,0.250863,0.0,0.832683,-5.780326,0.459041,Drowsy,Drowsy/X0278.png
0.246926,0.251063,0.248994,0.0,1.513151,-2.978844,0.632883,Drowsy,Drowsy/X0282.png
0.25302,0.262985,0.258002,0.006944,1.31446,-4.719946,0.574336,Drowsy,Drowsy/X0286.png
0.232991,0.214225,0.223608,0.006756,1.886578,-4.445989,0.567846,Drowsy,Drowsy/X0291.png
0.232922,0.24383,0.238376,0.0,1.356659,-4.46377,0.436372,Drowsy,Drowsy/X0295.png
0.154856,0.154856,0.154856,0.0,1.115675,-5.049503,0.997558,Drowsy,Drowsy/X0300.png
0.195064,0.183739,0.189401,0.0,1.326527,-8.828336,1.094019,Drowsy,Drowsy/X0304.png
0.193352,0.184553,0.188953,0.0,-0.104798,4.533162,1.512952,Drowsy,Drowsy/X0309.png
0.210533,0.200173,0.205353,0.006578,0.884038,4.075133,1.49405,Drowsy,Drowsy/X0313.png
0.221514,0.20989,0.215702,0.006578,0.40484,3.576092,1.366044,Drowsy,Drowsy/X0318.png
0.215604,0.191217,0.203411,0.0,0.533293,3.108038,1.271145,Drowsy,Drowsy/X0322.png
0.203724,0.191217,0.197471,0.006757,0.408487,3.242846,0.99528,Drowsy,Drowsy/X0327.png
0.207317,0.179417,0.193367,0.0,0.531111,2.907677,1.29043,Drowsy,Drowsy/X0331.png
0.198989,0.191959,0.195474,0.006494,-0.052368,3.41241,0.969107,Drowsy,Drowsy/X0336.png
0.18672,0.191959,0.189339,0.006494,1.435229,2.376967,1.305578,Drowsy,Drowsy/X0340.png
0.20304,0.196582,0.199811,0.0,0.775251,2.106574,1.128818,Drowsy,Drowsy/X0345.png
0.034012,0.042342,0.038177,0.006944,-0.076709,4.176411,1.107914,Drowsy,Drowsy/X0349.png
0.203781,0.198398,0.20109,0.0,1.296272,2.435699,1.234912,Drowsy,Drowsy/X0354.png
0.198989,0.200483,0.199736,0.006666,1.011282,2.599692,1.149498,Drowsy,Drowsy/X0358.png
0.154856,0.151035,0.152945,0.0,0.919385,0.986917,0.770902,Drowsy,Drowsy/X0362.png
0.231707,0.214884,0.223296,0.0,1.947908,0.192597,0.871761,Drowsy,Drowsy/X0367.png
0.220188,0.203122,0.211655,0.013514,1.963401,0.573624,1.105526,Drowsy,Drowsy/X0371.png
0.195881,0.191217,0.193549,0.006757,2.087567,-0.158061,0.817672,Drowsy,Drowsy/X0376.png
0.215604,0.205677,0.210641,0.006667,1.237842,1.299292,0.746296,Drowsy,Drowsy/X0380.png
0.231638,0.207931,0.219785,0.014085,1.425805,3.0898,0.609471,Drowsy,Drowsy/X0385.png
0.220122,0.202983,0.211552,0.0,1.797132,2.49139,0.752469,Drowsy,Drowsy/X0389.png
0.210691,0.226102,0.218397,0.006944,1.112809,3.673527,0.056127,Drowsy,Drowsy/X0394.png
0.229333,0.219926,0.224629,0.006757,0.853284,2.770513,0.310926,Drowsy,Drowsy/X0398.png
0.046399,0.028042,0.03722,0.006579,1.109161,1.345552,0.511695,Drowsy,Drowsy/X0403.png
0.028611,0.023231,0.025921,0.0,0.913369,1.202813,0.507331,Drowsy,Drowsy/X0407.png
0.20869,0.191163,0.199926,0.0,2.065889,1.607711,0.528932,Drowsy,Drowsy/X0412.png
0.207993,0.191959,0.199976,0.006944,2.0081,1.478311,0.7471,Drowsy,Drowsy/X0416.png
0.208014,0.19664,0.202327,0.0,1.43712,1.943897,0.447398,Drowsy,Drowsy/X0421.png
0.220188,0.203065,0.211626,0.020546,2.469766,1.877412,0.12127,Drowsy,Drowsy/X0425.png
0.01676,0.012163,0.014461,0.0,1.981815,-0.280554,0.270716,Drowsy,Drowsy/X0433.png
0.208076,0.183631,0.195854,0.0,1.696708,-1.136786,0.152035,Drowsy,Drowsy/X0437.png
0.237204,0.225542,0.231373,0.006756,2.491917,1.432119,0.565785,Drowsy,Drowsy/X0441.png
0.220188,0.207829,0.214008,0.0,1.996797,1.437257,-0.133162,Drowsy,Drowsy/X0446.png
0.220122,0.208014,0.214068,0.0,2.191609,2.281238,-0.03454,Drowsy,Drowsy/X0450.png
0.208076,0.195823,0.20195,0.006666,2.43161,0.05762,-0.051165,Drowsy,Drowsy/X0455.png
0.220188,0.20869,0.214439,0.006944,2.163302,1.35058,-0.108566,Drowsy,Drowsy/X0459.png
0.213971,0.195823,0.204897,0.0,2.605117,1.246523,-0.146057,Drowsy,Drowsy/X0464.png
0.208014,0.195823,0.201919,0.0,2.000514,1.700005,0.069853,Drowsy,Drowsy/X0468.png
0.220188,0.195823,0.208005,0.013888,2.243132,1.308063,-0.133791,Drowsy,Drowsy/X0473.png
0.225692,0.201493,0.213593,0.0,2.316861,0.570641,-0.00481,Drowsy,Drowsy/X0477.png
0.213212,0.200716,0.206964,0.007039,2.207736,1.406661,-0.469379,Drowsy,Drowsy/X0482.png
0.220122,0.202983,0.211552,0.013332,2.481616,0.484111,0.085012,Drowsy,Drowsy/X0486.png
0.208076,0.195823,0.20195,0.006757,2.556052,0.883052,-0.011074,Drowsy,Drowsy/X0491.png
0.19664,0.184553,0.190597,0.0,1.668298,1.013864,0.207433,Drowsy,Drowsy/X0495.png
0.225692,0.207931,0.216811,0.014083,2.37232,1.197787,0.258569,Drowsy,Drowsy/X0500.png
0.213971,0.18833,0.20115,0.0101,2.512299,0.654474,-0.002274,Drowsy,Drowsy/X0504.png
0.215604,0.208014,0.211809,0.0,1.747598,2.270882,0.087249,Drowsy,Drowsy/X0509.png
0.195881,0.202983,0.199432,0.013697,2.174727,0.021276,0.224116,Drowsy,Drowsy/X0513.png
0.213278,0.195881,0.20458,0.0,1.725937,1.328646,0.369212,Drowsy,Drowsy/X0517.png
0.195881,0.183631,0.189756,0.006849,1.182767,1.213342,0.015564,Drowsy,Drowsy/X0522.png
0.180398,0.176777,0.178588,0.007042,1.99066,-0.233894,0.470441,Drowsy,Drowsy/X0526.png
0.208014,0.191163,0.199589,0.013697,2.316444,0.346675,0.475477,Drowsy,Drowsy/X0531.png
0.220188,0.191163,0.205675,0.0,2.165289,0.084428,0.581792,Drowsy,Drowsy/X0535.png
0.184498,0.171598,0.178048,0.0,1.34143,-1.090182,0.164062,Drowsy,Drowsy/X0540.png
0.200716,0.171598,0.186157,0.006849,1.999441,-0.825427,0.216152,Drowsy,Drowsy/X0544.png
0.220188,0.196582,0.208385,0.006849,2.165374,-0.052928,0.219737,Drowsy,Drowsy/X0549.png
0.195823,0.191163,0.193493,0.006756,1.909363,0.502158,0.221628,Drowsy,Drowsy/X0553.png
0.245046,0.227186,0.236116,0.0,1.83232,2.398081,0.165876,Drowsy,Drowsy/X0558.png
0.257182,0.238675,0.247929,0.0,2.636465,2.132405,0.252847,Drowsy,Drowsy/X0562.png
0.238741,0.210744,0.224743,0.0,1.892336,2.018321,0.073488,Drowsy,Drowsy/X0568.png
0.246852,0.239012,0.242932,0.016534,1.713327,3.063894,0.003868,Drowsy,Drowsy/X0572.png
0.248659,0.244465,0.246562,0.0,1.352406,1.835792,-0.323159,Drowsy,Drowsy/X0577.png
0.073084,0.075127,0.074106,0.0,0.374603,0.229606,0.235083,Drowsy,Drowsy/X0581.png
0.26546,0.274795,0.270127,0.0,2.092257,1.963764,-0.516885,Drowsy,Drowsy/X0586.png
0.27261,0.255765,0.264187,0.012654,3.118552,-9.797839,-1.167287,Drowsy,Drowsy/X0590.png
0.200528,0.167513,0.18402,0.015078,3.045067,-14.868029,-1.309811,Drowsy,Drowsy/X0594.png
0.260008,0.261744,0.260876,0.006248,2.657008,-10.400707,-1.339152,Drowsy,Drowsy/X0599.png
0.29672,0.25572,0.27622,0.006491,3.711868,-11.249484,-1.612352,Drowsy,Drowsy/X0603.png
0.274845,0.244699,0.259772,0.006327,2.84068,-12.273819,-1.856184,Drowsy,Drowsy/X0608.png
0.283771,0.290475,0.287123,0.018506,3.095024,-13.36351,-1.64402,Drowsy,Drowsy/X0612.png
0.264517,0.249935,0.257226,0.006327,3.349185,-11.769341,-1.486854,Drowsy,Drowsy/X0617.png
0.289573,0.26123,0.275402,0.019224,3.561861,-11.647047,-1.750595,Drowsy,Drowsy/X0621.png
0.281402,0.255954,0.268678,0.012337,3.705811,-13.223937,-2.097388,Drowsy,Drowsy/X0626.png
0.254871,0.268129,0.2615,0.006664,4.608105,-14.489582,-1.981713,Drowsy,Drowsy/X0630.png
0.274767,0.255765,0.265266,0.006406,4.284965,-11.787813,-2.046849,Drowsy,Drowsy/X0635.png
0.289655,0.260758,0.275207,0.019217,4.078808,-11.653809,-2.050374,Drowsy,Drowsy/X0639.png
0.289655,0.272567,0.281111,0.006489,4.201914,-11.870057,-1.85469,Drowsy,Drowsy/X0644.png
0.27261,0.261778,0.267194,0.0,4.477793,-13.90273,-1.997226,Drowsy,Drowsy/X0648.png
0.27261,0.278876,0.275743,0.0,4.373616,-14.302514,-2.124911,Drowsy,Drowsy/X0653.png
0.281174,0.255765,0.268469,0.006325,5.171096,-12.446008,-2.443825,Drowsy,Drowsy/X0657.png
0.289951,0.261219,0.275585,0.012187,3.486633,-10.085067,-1.971539,Drowsy,Drowsy/X0662.png
0.277848,0.267802,0.272825,0.015671,3.857586,-12.375996,-1.707531,Drowsy,Drowsy/X0666.png
0.277927,0.244488,0.261208,0.0242,4.561036,-11.484247,-2.237506,Drowsy,Drowsy/X0670.png
0.256869,0.249487,0.253178,0.006165,4.208825,-13.760725,-2.433171,Drowsy,Drowsy/X0675.png
0.194956,0.186047,0.190501,0.0,3.615782,-23.754059,-2.340056,Drowsy,Drowsy/X0679.png
0.26291,0.26732,0.265115,0.012337,3.124069,-16.414954,-2.701143,Drowsy,Drowsy/X0684.png
0.260017,0.244909,0.252463,0.016427,5.268735,-33.860435,-3.475669,Drowsy,Drowsy/X0688.png
0.264204,0.262563,0.263384,0.013695,4.792352,-32.446347,-3.813065,Drowsy,Drowsy/X0693.png
0.137203,0.123122,0.130162,0.011487,4.611156,-38.787771,-3.721354,Drowsy,Drowsy/X0697.png
0.230291,0.232873,0.231582,0.011094,4.738648,-32.93052,-4.086644,Drowsy,Drowsy/X0702.png
0.253358,0.239608,0.246483,0.020061,5.854684,-31.740853,-3.84559,Drowsy,Drowsy/X0706.png
0.270297,0.255972,0.263135,0.013852,5.277853,-31.80685,-3.945519,Drowsy,Drowsy/X0711.png
0.253358,0.250772,0.252065,0.017019,5.669749,-33.332838,-4.031263,Drowsy,Drowsy/X0715.png
0.270942,0.27259,0.271766,0.011094,-0.098559,-15.941425,-6.220174,Drowsy,Drowsy/X0720.png
0.253858,0.255954,0.254906,0.011752,5.365283,-31.426763,-3.926352,Drowsy,Drowsy/X0724.png
0.061564,0.035674,0.048619,0.011884,4.511012,-40.103424,-3.931953,Drowsy,Drowsy/X0729.png
0.247557,0.227604,0.237581,0.0203,5.616894,-31.870749,-3.87127,Drowsy,Drowsy/X0733.png
0.246903,0.239163,0.243033,0.011608,5.955972,-32.132202,-4.28351,Drowsy,Drowsy/X0738.png
0.269764,0.249935,0.25985,0.017826,5.573984,-32.971396,-4.092734,Drowsy,Drowsy/X0742.png
0.2618,0.261744,0.261772,0.011891,5.808368,-31.740315,-3.964442,Drowsy,Drowsy/X0746.png
0.264999,0.250449,0.257724,0.016825,5.597761,-30.426514,-3.644606,Drowsy,Drowsy/X0751.png
0.221812,0.220973,0.221392,0.008305,5.634022,-33.017758,-4.13167,Drowsy,Drowsy/X0759.png
0.276675,0.260768,0.268721,0.019817,5.430419,-32.31825,-4.173019,Drowsy,Drowsy/X0764.png
0.264999,0.260768,0.262884,0.019601,5.158828,-32.257423,-3.918519,Drowsy,Drowsy/X0768.png
0.25889,0.239116,0.249003,0.022221,36.109188,35.8757,-27.855628,Drowsy,Drowsy/X0773.png
0.257682,0.238649,0.248165,0.02053,6.103827,-32.601785,-4.344068,Drowsy,Drowsy/X0777.png
0.274764,0.255194,0.264979,0.01804,8.933591,36.585667,-40.020593,Drowsy,Drowsy/X0782.png
0.247557,0.255538,0.251548,0.02078,5.181404,-32.802904,-4.421973,Drowsy,Drowsy/X0786.png
0.102931,0.094429,0.09868,0.005738,4.772281,-38.268438,-4.252783,Drowsy,Drowsy/X0791.png
0.052158,0.036764,0.044461,0.017617,4.263164,-38.362067,-4.530549,Drowsy,Drowsy/X0795.png
0.241108,0.22173,0.231419,0.017628,5.578505,-33.571367,-4.468903,Drowsy,Drowsy/X0800.png
0.212318,0.214043,0.213181,0.02078,4.897684,-35.430242,-4.371518,Drowsy,Drowsy/X0804.png
0.295206,0.258865,0.277035,0.014534,3.063949,-7.992276,2.580858,Drowsy,Drowsy/X0809.png
0.202983,0.214884,0.208933,0.006664,2.46738,-10.452409,1.815715,Drowsy,Drowsy/X0813.png
0.207993,0.220797,0.214395,0.0,2.22052,-8.279423,2.22521,Drowsy,Drowsy/X0818.png
0.207931,0.191163,0.199547,0.0,2.865652,3.672888,1.499293,Drowsy,Drowsy/X0822.png
0.248659,0.217497,0.233078,0.007042,1.697252,11.190454,1.440719,Drowsy,Drowsy/X0826.png
0.256591,0.227877,0.242234,0.006667,2.189445,10.001637,1.351683,Drowsy,Drowsy/X0831.png
0.239012,0.223821,0.231416,0.0,1.645903,10.192165,1.592704,Drowsy,Drowsy/X0835.png
0.226528,0.214176,0.220352,0.0,2.320994,8.477243,1.692658,Drowsy,Drowsy/X0840.png
0.244828,0.217497,0.231162,0.0,1.351289,9.010905,1.725728,Drowsy,Drowsy/X0844.png
0.244828,0.215543,0.230186,0.009686,2.384915,6.591887,1.441758,Drowsy,Drowsy/X0849.png
0.219926,0.196582,0.208254,0.006944,1.991067,6.589018,1.551106,Drowsy,Drowsy/X0853.png
0.221914,0.210363,0.216139,0.006756,2.128529,7.083983,1.753014,Drowsy,Drowsy/X0858.png
0.233655,0.21227,0.222962,0.0,2.562769,5.960532,1.205376,Drowsy,Drowsy/X0862.png
0.233075,0.210533,0.221804,0.006757,2.369504,5.498882,1.37141,Drowsy,Drowsy/X0868.png
0.245046,0.215543,0.230295,0.0,2.720202,4.92557,1.212474,Drowsy,Drowsy/X0872.png
0.228739,0.211798,0.220269,0.0,2.386335,4.914005,1.176094,Drowsy,Drowsy/X0877.png
0.238621,0.203551,0.221086,0.006757,2.680667,4.233575,1.046203,Drowsy,Drowsy/X0881.png
0.219512,0.21536,0.217436,0.006756,2.258488,4.509654,0.848239,Drowsy,Drowsy/X0886.png
0.256953,0.244465,0.250709,0.0,2.599342,5.011552,0.596081,Drowsy,Drowsy/X0890.png
0.284368,0.252098,0.268233,0.0,2.370943,5.623034,0.749196,Drowsy,Drowsy/X0895.png
0.281214,0.262316,0.271765,0.0,3.323953,4.611126,0.572104,Drowsy,Drowsy/X0899.png
0.265522,0.2618,0.263661,0.009427,2.878755,5.026546,0.865213,Drowsy,Drowsy/X0903.png
0.276139,0.255765,0.265952,0.0,3.541389,5.185367,0.5154,Drowsy,Drowsy/X0908.png
0.220188,0.191163,0.205675,0.006849,2.589882,3.796452,0.578725,Drowsy,Drowsy/X0912.png
0.210995,0.191163,0.201079,0.0,3.577958,3.840907,0.430888,Drowsy,Drowsy/X0917.png
0.213278,0.179262,0.19627,0.006756,3.174861,2.44201,0.716774,Drowsy,Drowsy/X0921.png
0.20869,0.175921,0.192306,0.006849,3.005257,2.986017,0.524279,Drowsy,Drowsy/X0926.png
0.213212,0.196582,0.204897,0.0,3.464791,2.991863,0.584635,Drowsy,Drowsy/X0930.png
0.213192,0.196582,0.204887,0.0,2.930328,2.962487,0.61475,Drowsy,Drowsy/X0935.png
0.226385,0.195823,0.211104,0.0,3.533816,2.07855,0.377301,Drowsy,Drowsy/X0939.png
0.232991,0.187292,0.210141,0.006666,3.773863,3.616656,0.309412,Drowsy,Drowsy/X0944.png
0.238123,0.202892,0.220508,0.006756,3.986842,2.147326,0.35689,Drowsy,Drowsy/X0948.png
0.232316,0.214884,0.2236,0.006666,3.586184,2.087712,0.298612,Drowsy,Drowsy/X0953.png
0.232991,0.210363,0.221677,0.006756,3.547218,2.569587,0.567403,Drowsy,Drowsy/X0957.png
0.213278,0.202892,0.208085,0.0,3.933153,3.634217,0.432325,Drowsy,Drowsy/X0962.png
0.22685,0.203724,0.215287,0.006849,3.151268,2.430721,0.606639,Drowsy,Drowsy/X0966.png
0.052803,0.049203,0.051003,0.0,3.400438,-0.074762,0.57199,Drowsy,Drowsy/X0971.png
0.220863,0.18672,0.203792,0.006756,3.610817,1.427055,0.525209,Drowsy,Drowsy/X0975.png
0.248437,0.2309,0.239669,0.009959,1.685426,13.299638,1.428116,Drowsy,Drowsy/X0979.png
0.252455,0.236144,0.244299,0.006944,1.928941,14.133069,0.656066,Drowsy,Drowsy/X0984.png
0.213704,0.18688,0.200292,0.007042,2.37551,10.937167,0.885951,Drowsy,Drowsy/X0988.png
0.220188,0.203122,0.211655,0.006578,2.440587,-4.295347,0.464041,Drowsy,Drowsy/X0993.png
0.198345,0.193689,0.196017,0.0,2.543519,-21.819493,0.711697,Drowsy,Drowsy/X0997.png
0.227444,0.221574,0.224509,0.00625,2.216698,-16.025374,0.44079,Drowsy,Drowsy/X1002.png
0.279961,0.262081,0.271021,0.0,3.029038,-15.392448,0.494031,Drowsy,Drowsy/X1006.png
0.288098,0.256272,0.272185,0.012499,2.57953,-16.342624,0.158408,Drowsy,Drowsy/X1011.png
0.292881,0.267525,0.280203,0.021337,3.157636,-13.460569,-0.101394,Drowsy,Drowsy/X1015.png
0.27501,0.267327,0.271168,0.012195,3.443704,-15.566181,-0.074019,Drowsy,Drowsy/X1020.png
0.291549,0.267327,0.279438,0.012342,3.905291,-14.797665,-0.390071,Drowsy,Drowsy/X1024.png
0.190731,0.174953,0.182842,0.006172,3.471512,-26.339662,-0.64728,Drowsy,Drowsy/X1029.png
0.195649,0.191217,0.193433,0.006578,3.956674,-16.076851,0.193018,Drowsy,Drowsy/X1033.png
0.090845,0.073084,0.081965,0.0,3.188268,-9.292663,-0.332376,Drowsy,Drowsy/X1038.png
0.219926,0.195064,0.207495,0.020268,3.84999,-6.35483,-0.520989,Drowsy,Drowsy/X1042.png
0.219926,0.179417,0.199672,0.006756,3.93627,-6.687491,-0.690571,Drowsy,Drowsy/X1046.png
0.195649,0.168359,0.182004,0.006491,3.909653,-6.656894,-0.472686,Drowsy,Drowsy/X1051.png
0.195649,0.171598,0.183623,0.006754,3.755278,-7.616723,-0.666338,Drowsy,Drowsy/X1055.png
0.213012,0.191163,0.202088,0.0,4.224545,-9.147459,-0.469644,Drowsy,Drowsy/X1060.png
0.193762,0.199938,0.19685,0.0,4.027011,-9.146212,-0.563975,Drowsy,Drowsy/X1064.png
0.214702,0.187444,0.201073,0.006666,4.015482,-5.107831,-0.476333,Drowsy,Drowsy/X1069.png
0.195359,0.167513,0.181436,0.0,3.972547,-8.437791,-0.737034,Drowsy,Drowsy/X1073.png
0.19944,0.171598,0.185519,0.0,3.350422,-7.813674,-0.753595,Drowsy,Drowsy/X1078.png
0.219926,0.190476,0.205201,0.013153,4.113726,-5.921918,-0.839587,Drowsy,Drowsy/X1082.png
0.24422,0.220871,0.232545,0.0,3.927178,-3.387856,-0.282875,Drowsy,Drowsy/X1087.png
0.214702,0.191163,0.202932,0.006577,3.775477,-3.225721,-0.779381,Drowsy,Drowsy/X1091.png
0.219926,0.203065,0.211495,0.0,3.627818,-4.036286,-0.779658,Drowsy,Drowsy/X1096.png
0.067144,0.053225,0.060185,0.0,3.658213,-4.895253,-0.829697,Drowsy,Drowsy/X1100.png
0.220122,0.179367,0.199744,0.0,3.901626,-1.561326,-0.741967,Drowsy,Drowsy/X1105.png
0.200528,0.183631,0.19208,0.006577,3.909622,-2.525955,-0.506521,Drowsy,Drowsy/X1109.png
0.22493,0.202324,0.213627,0.006664,3.986502,-1.31214,-0.407013,Drowsy,Drowsy/X1114.png
0.201305,0.175198,0.188251,0.0,4.263374,-2.195616,-0.501882,Drowsy,Drowsy/X1118.png
0.196407,0.191904,0.194156,0.0,3.921932,-1.457028,-0.437561,Drowsy,Drowsy/X1122.png
0.201305,0.175198,0.188251,0.006577,4.381895,-1.731496,-0.544224,Drowsy,Drowsy/X1127.png
0.225411,0.191163,0.208287,0.0,4.17721,-1.342043,-0.652926,Drowsy,Drowsy/X1131.png
0.19975,0.195823,0.197787,0.016306,3.777007,-1.372864,-0.461901,Drowsy,Drowsy/X1136.png
0.22493,0.183468,0.204199,0.006664,4.484096,-2.450924,-0.499085,Drowsy,Drowsy/X1140.png
0.037377,0.027406,0.032391,0.009297,3.120473,-4.264028,-0.524761,Drowsy,Drowsy/X1145.png
0.225622,0.191217,0.20842,0.0,4.02416,-1.191462,-0.283911,Drowsy,Drowsy/X1149.png
0.238205,0.219513,0.228859,0.006754,0.396583,10.735713,3.038001,Drowsy,Drowsy/X1154.png
0.233151,0.237164,0.235157,0.013332,-0.868839,10.689371,3.061847,Drowsy,Drowsy/X1158.png
0.240181,0.214408,0.227294,0.006847,1.411624,7.795109,2.890916,Drowsy,Drowsy/X1163.png
0.016374,0.022634,0.019504,0.0,1.472748,-2.514894,1.274581,Drowsy,Drowsy/X1167.png
0.244449,0.250515,0.247482,0.0,4.61575,-10.73558,0.049127,Drowsy,Drowsy/X1172.png
0.238028,0.227839,0.232934,0.015089,3.808798,-21.744497,-0.470281,Drowsy,Drowsy/X1176.png
0.244828,0.238621,0.241725,0.0,3.764108,-21.044352,-1.015986,Drowsy,Drowsy/X1181.png
0.264592,0.261744,0.263168,0.0,4.700738,-14.311494,-0.927441,Drowsy,Drowsy/X1185.png
0.2896,0.274797,0.282199,0.006329,4.219152,-14.921259,-0.683943,Drowsy,Drowsy/X1190.png
0.303141,0.283176,0.293159,0.006172,3.692718,-12.128168,-0.400465,Drowsy,Drowsy/X1194.png
0.262299,0.266998,0.264649,0.0,4.036402,-14.044501,-1.006077,Drowsy,Drowsy/X1198.png
0.305882,0.266865,0.286374,0.021332,3.751284,-12.15962,-0.500561,Drowsy,Drowsy/X1203.png
0.305882,0.288675,0.297279,0.020812,4.891778,-13.706838,-0.826999,Drowsy,Drowsy/X1207.png
0.295209,0.279358,0.287283,0.00641,3.862958,-13.873509,-1.065484,Drowsy,Drowsy/X1212.png
0.028452,0.031357,0.029905,0.012194,3.945889,-29.048472,-1.79163,Drowsy,Drowsy/X1216.png
0.244511,0.20989,0.2272,0.0,3.975068,-0.740185,-0.088141,Drowsy,Drowsy/X1221.png
0.226385,0.219926,0.223155,0.0,3.64482,2.56657,0.168492,Drowsy,Drowsy/X1225.png
0.220122,0.216654,0.218388,0.0,3.626764,2.371007,0.110205,Drowsy,Drowsy/X1230.png
0.238816,0.214884,0.22685,0.0,3.584833,2.51742,0.372453,Drowsy,Drowsy/X1234.png
0.2443,0.220601,0.23245,0.006942,3.304025,0.980356,0.305497,Drowsy,Drowsy/X1239.png
0.205859,0.200716,0.203287,0.00714,3.271237,0.851037,0.131829,Drowsy,Drowsy/X1243.png
0.028611,0.023199,0.025905,0.006754,2.263573,-0.957615,0.007823,Drowsy,Drowsy/X1248.png
0.218587,0.200778,0.209683,0.006942,3.112896,-1.401777,0.04006,Drowsy,Drowsy/X1252.png
0.219385,0.188388,0.203887,0.0,3.372082,-0.479288,0.014101,Drowsy,Drowsy/X1257.png
0.205859,0.171547,0.188703,0.0,3.8899,-0.446122,0.055319,Drowsy,Drowsy/X1261.png
0.080845,0.087319,0.084082,0.0,2.747743,-0.895249,0.550629,Drowsy,Drowsy/X1266.png
0.226314,0.195823,0.211068,0.009817,4.01975,-0.222621,-0.145412,Drowsy,Drowsy/X1270.png
0.036488,0.028708,0.032598,0.006944,3.070537,0.847844,0.600689,Drowsy,Drowsy/X1274.png
0.218675,0.175833,0.197254,0.007246,3.529079,-0.481002,0.148861,Drowsy,Drowsy/X1279.png
0.050301,0.039689,0.044995,0.006754,2.595833,-0.044527,0.191783,Drowsy,Drowsy/X1283.png
0.218587,0.195823,0.207205,0.006942,3.537515,-0.944301,0.180152,Drowsy,Drowsy/X1288.png
0.193953,0.188388,0.191171,0.0,3.108251,-1.974009,0.026307,Drowsy,Drowsy/X1292.png
0.238192,0.219926,0.229059,0.0,4.001629,0.721341,0.051002,Drowsy,Drowsy/X1297.png
0.231479,0.213212,0.222345,0.0,3.484267,-1.186188,0.27069,Drowsy,Drowsy/X1301.png
0.213126,0.213971,0.213548,0.0,3.32622,0.082921,0.039185,Drowsy,Drowsy/X1306.png
0.218675,0.200716,0.209695,0.0,3.922477,-1.235689,0.299781,Drowsy,Drowsy/X1310.png
0.198119,0.180398,0.189259,0.0,3.232099,-0.373224,0.446579,Drowsy,Drowsy/X1315.png
0.222865,0.203122,0.212994,0.0,3.595273,-0.951301,0.465152,Drowsy,Drowsy/X1319.png
0.218675,0.19664,0.207658,0.0,3.620848,0.849103,0.50972,Drowsy,Drowsy/X1324.png
0.220122,0.191163,0.205643,0.006944,3.725669,-0.257328,0.442115,Drowsy,Drowsy/X1328.png
0.232383,0.202983,0.217683,0.006944,3.413719,0.614594,0.526692,Drowsy,Drowsy/X1333.png
0.232383,0.220122,0.226252,0.0,3.195234,1.175018,0.557063,Drowsy,Drowsy/X1337.png
0.232316,0.207993,0.220154,0.00982,3.062193,0.184624,0.345458,Drowsy,Drowsy/X1342.png
0.201493,0.174096,0.187795,0.006578,3.627875,0.688456,0.308556,Drowsy,Drowsy/X1346.png
0.232991,0.215543,0.224267,0.016534,3.198255,1.57842,0.752501,Drowsy,Drowsy/X1350.png
0.232991,0.214884,0.223938,0.0,3.304342,1.04065,0.490374,Drowsy,Drowsy/X1355.png
0.236729,0.231696,0.234213,0.006849,2.955351,3.045853,0.088555,Drowsy,Drowsy/X1359.png
0.257182,0.262316,0.259749,0.0,2.75369,2.585754,0.188674,Drowsy,Drowsy/X1364.png
0.25302,0.268681,0.26085,0.0,3.267076,3.08073,0.264463,Drowsy,Drowsy/X1368.png
0.25302,0.268681,0.26085,0.006757,3.176912,2.80748,0.403037,Drowsy,Drowsy/X1373.png
0.193219,0.193219,0.193219,0.013699,2.717682,-7.533491,0.346918,Drowsy,Drowsy/X1377.png
0.124329,0.147176,0.135753,0.0,2.605149,-21.56442,1.171402,Drowsy,Drowsy/X1382.png
0.26838,0.256869,0.262625,0.012187,3.239072,-19.334999,1.5617,Drowsy,Drowsy/X1386.png
0.219512,0.215543,0.217528,0.008729,3.655478,-21.302933,1.264573,Drowsy,Drowsy/X1391.png
0.256799,0.251031,0.253915,0.006329,3.781704,-8.091044,2.097822,Drowsy,Drowsy/X1395.png
0.195064,0.190731,0.192898,0.012816,3.706476,-26.345301,1.756631,Drowsy,Drowsy/X1400.png
0.215543,0.198184,0.206864,0.0,2.986409,-18.489717,1.588637,Drowsy,Drowsy/X1404.png
0.172414,0.171395,0.171904,0.018981,2.96336,-19.026636,1.175111,Drowsy,Drowsy/X1409.png
0.209246,0.193839,0.201542,0.0,3.86436,-18.546517,1.296134,Drowsy,Drowsy/X1413.png
0.227444,0.233655,0.230549,0.008729,4.112313,-12.523627,1.177964,Drowsy,Drowsy/X1418.png
0.286623,0.262284,0.274454,0.019229,3.902594,-8.878071,1.273509,Drowsy,Drowsy/X1422.png
0.027952,0.037852,0.032902,0.012491,3.7331,-19.228825,1.565488,Drowsy,Drowsy/X1426.png
0.208014,0.196407,0.202211,0.006756,2.617283,-12.748343,1.873777,Drowsy,Drowsy/X1431.png
0.022675,0.027884,0.02528,0.0,1.583077,-15.283126,2.330255,Drowsy,Drowsy/X1435.png
0.2125,0.200716,0.206608,0.006847,3.531008,-13.707531,1.735636,Drowsy,Drowsy/X1440.png
0.219512,0.219926,0.219719,0.013509,3.10745,-13.190497,1.985227,Drowsy,Drowsy/X1444.png
0.225622,0.200528,0.213075,0.006847,2.617779,-13.079148,1.786145,Drowsy,Drowsy/X1449.png
0.199938,0.219926,0.209932,0.0,2.873916,-13.445849,2.347286,Drowsy,Drowsy/X1453.png
0.199938,0.195649,0.197793,0.0,3.321397,-12.567407,1.828527,Drowsy,Drowsy/X1458.png
0.2125,0.220601,0.21655,0.0,2.692918,-12.259586,2.05221,Drowsy,Drowsy/X1462.png
0.245046,0.269319,0.257182,0.006666,3.255544,-5.95671,1.643259,Drowsy,Drowsy/X1467.png
0.257182,0.262985,0.260084,0.006664,3.169392,-6.763028,1.549003,Drowsy,Drowsy/X1471.png
0.245119,0.257259,0.251189,0.006849,3.593753,-7.39749,1.630941,Drowsy,Drowsy/X1476.png
0.273732,0.26237,0.268051,0.013512,2.398043,-5.727755,1.843874,Drowsy,Drowsy/X1480.png
0.274767,0.286623,0.280695,0.006664,2.906991,-5.670132,1.756894,Drowsy,Drowsy/X1485.png
0.251063,0.267897,0.25948,0.006754,3.089398,-3.763207,1.715715,Drowsy,Drowsy/X1489.png
0.167673,0.171263,0.169468,0.0,2.645394,-8.08692,1.663622,Drowsy,Drowsy/X1494.png
0.195881,0.191001,0.193441,0.0,2.34693,-9.486357,2.276887,Drowsy,Drowsy/X1498.png
0.214884,0.191001,0.202943,0.006666,3.428826,-7.761144,1.849165,Drowsy,Drowsy/X1502.png
0.257899,0.225751,0.241825,0.008192,2.25094,10.059529,-1.735436,Drowsy,Drowsy/X1507.png
0.24383,0.215604,0.229717,0.014083,2.07248,0.192798,2.218938,Drowsy,Drowsy/X1511.png
0.214286,0.191163,0.202724,0.0,3.122759,-2.170033,1.921269,Drowsy,Drowsy/X1516.png
0.226126,0.203065,0.214595,0.006756,2.172299,-1.187938,2.117005,Drowsy,Drowsy/X1520.png
0.207993,0.195823,0.201908,0.006849,2.630602,-1.565523,1.844338,Drowsy,Drowsy/X1526.png
0.232314,0.203122,0.217718,0.0,2.952045,0.765456,2.097889,Drowsy,Drowsy/X1530.png
0.220122,0.211798,0.21596,0.013332,2.975618,-1.528249,2.239407,Drowsy,Drowsy/X1535.png
0.213192,0.195881,0.204537,0.0,2.820766,-1.990444,1.509622,Drowsy,Drowsy/X1539.png
0.220188,0.20304,0.211614,0.0,3.548092,0.025522,1.104329,Drowsy,Drowsy/X1544.png
0.104006,0.103196,0.103601,0.0,3.371515,-2.841207,1.597277,Drowsy,Drowsy/X1548.png
0.205926,0.189107,0.197517,0.0,2.230036,-0.07783,1.445487,Drowsy,Drowsy/X1553.png
0.029303,0.011851,0.020577,0.007042,2.612808,-3.277605,1.438545,Drowsy,Drowsy/X1557.png
0.213192,0.195881,0.204537,0.0,3.301454,1.071272,1.424103,Drowsy,Drowsy/X1562.png
0.230693,0.213278,0.221986,0.007042,2.828531,-0.262604,1.491769,Drowsy,Drowsy/X1566.png
0.225,0.208076,0.216538,0.0,3.332093,-0.637559,0.948477,Drowsy,Drowsy/X1571.png
0.218747,0.208752,0.213749,0.007042,3.66996,2.571918,1.060857,Drowsy,Drowsy/X1575.png
0.213192,0.186343,0.199768,0.0,2.884707,-0.214026,1.058495,Drowsy,Drowsy/X1579.png
0.220188,0.20304,0.211614,0.0,2.588599,2.058275,1.244658,Drowsy,Drowsy/X1584.png
0.208076,0.183686,0.195881,0.009686,2.074779,1.449606,0.943769,Drowsy,Drowsy/X1588.png
0.225692,0.196582,0.211137,0.006757,3.782312,1.412844,1.0671,Drowsy,Drowsy/X1593.png
0.227444,0.202983,0.215213,0.0,2.208669,2.907915,1.147913,Drowsy,Drowsy/X1597.png
0.023199,0.027371,0.025285,0.006667,2.490295,0.558187,1.552547,Drowsy,Drowsy/X1602.png
0.232316,0.205312,0.218814,0.0,2.609634,2.408163,1.379273,Drowsy,Drowsy/X1606.png
0.220863,0.198825,0.209844,0.006849,2.485669,1.316512,1.234039,Drowsy,Drowsy/X1611.png
0.220122,0.203122,0.211622,0.0,3.329992,0.587661,1.136991,Drowsy,Drowsy/X1615.png
0.213278,0.191217,0.202248,0.006849,2.888904,-0.378355,1.135693,Drowsy,Drowsy/X1620.png
0.238621,0.217312,0.227967,0.0,2.227366,7.293775,1.117199,Drowsy,Drowsy/X1624.png
0.220601,0.201181,0.210891,0.006944,2.349362,6.929676,2.192539,Drowsy,Drowsy/X1629.png
0.233655,0.224002,0.228829,0.0,2.117505,6.40071,1.766973,Drowsy,Drowsy/X1633.png
0.244828,0.227379,0.236103,0.006849,2.378951,5.619788,1.625176,Drowsy,Drowsy/X1638.png
0.233075,0.223635,0.228355,0.006757,2.199968,5.571884,1.382728,Drowsy,Drowsy/X1642.png
0.220797,0.205254,0.213026,0.006757,3.185517,3.696265,1.291357,Drowsy,Drowsy/X1647.png
0.232922,0.209932,0.221427,0.006849,2.25066,4.252649,1.142187,Drowsy,Drowsy/X1651.png
0.232991,0.203065,0.218028,0.006849,3.601791,3.630856,1.087859,Drowsy,Drowsy/X1655.png
0.220188,0.198125,0.209156,0.0,3.045158,3.654738,0.933992,Drowsy,Drowsy/X1660.png
0.206725,0.183078,0.194901,0.014286,2.610638,2.61972,0.92447,Drowsy,Drowsy/X1664.png
0.226385,0.195823,0.211104,0.007143,2.998956,4.192729,1.085733,Drowsy,Drowsy/X1669.png
0.213192,0.195881,0.204537,0.013888,2.538849,3.690262,0.987572,Drowsy,Drowsy/X1673.png
0.213192,0.195881,0.204537,0.013514,2.723264,3.42431,1.174103,Drowsy,Drowsy/X1678.png
0.232991,0.193352,0.213172,0.006849,2.834505,3.214001,1.003762,Drowsy,Drowsy/X1682.png
0.213192,0.183631,0.198412,0.006849,3.424627,1.792412,0.76452,Drowsy,Drowsy/X1687.png
0.207993,0.196582,0.202287,0.013514,2.891314,1.717912,0.828335,Drowsy,Drowsy/X1691.png
0.19664,0.167465,0.182053,0.013333,2.634728,1.719677,0.892774,Drowsy,Drowsy/X1696.png
0.214884,0.191217,0.203051,0.0,2.272141,2.45164,0.845094,Drowsy,Drowsy/X1700.png
0.220188,0.179417,0.199803,0.013699,3.297222,1.252067,1.151698,Drowsy,Drowsy/X1705.png
0.220188,0.202983,0.211585,0.0,3.637707,1.713609,0.812299,Drowsy,Drowsy/X1709.png
0.220188,0.179417,0.199803,0.0,2.800759,0.853416,1.171056,Drowsy,Drowsy/X1714.png
0.072976,0.053179,0.063078,0.0,2.915759,1.096983,1.096729,Drowsy,Drowsy/X1718.png
0.220188,0.195881,0.208034,0.0,3.245165,1.5453,1.05078,Drowsy,Drowsy/X1723.png
0.188278,0.171598,0.179938,0.006756,3.324088,-0.262297,1.263483,Drowsy,Drowsy/X1727.png
0.226385,0.191217,0.208801,0.006757,3.343285,0.432207,1.212223,Drowsy,Drowsy/X1731.png
0.205859,0.188388,0.197124,0.006944,3.281026,0.266277,0.679803,Drowsy,Drowsy/X1736.png
0.220188,0.191217,0.205702,0.006849,3.027297,0.93457,1.034893,Drowsy,Drowsy/X1740.png
0.213192,0.171598,0.192395,0.006944,2.706344,0.052131,0.881433,Drowsy,Drowsy/X1745.png
0.200716,0.183686,0.192201,0.0,3.68401,-0.828607,0.736358,Drowsy,Drowsy/X1749.png
0.212434,0.196582,0.204508,0.0,2.192148,-1.910234,2.846743,Drowsy,Drowsy/X1754.png
0.203724,0.1817,0.192712,0.0,1.146971,-1.857906,3.286748,Drowsy,Drowsy/X1758.png
0.030911,0.03124,0.031076,0.014704,-1.783783,0.700003,3.402596,Drowsy,Drowsy/Y0003.png
0.213371,0.233604,0.223488,0.013877,-0.242655,1.03513,3.828723,Drowsy,Drowsy/Y0007.png
0.159675,0.170375,0.165025,0.183099,0.724848,-4.64155,2.398585,Drowsy,Drowsy/Y0014.png
0.212091,0.216706,0.214398,0.0,0.468324,2.382642,2.422382,Drowsy,Drowsy/Y0018.png
0.093372,0.165521,0.129446,0.006754,-0.749382,-1.484601,3.000714,Drowsy,Drowsy/Y0023.png
0.160073,0.183172,0.171622,0.0,1.365318,1.659956,2.158567,Drowsy,Drowsy/Y0027.png
0.226102,0.218432,0.222267,0.006847,-1.1119,0.338638,3.944035,Drowsy,Drowsy/Y0032.png
0.221742,0.198794,0.210268,0.009555,1.147459,3.839979,2.808804,Drowsy,Drowsy/Y0036.png
0.221524,0.23365,0.227587,0.006756,-0.438935,3.483089,2.759998,Drowsy,Drowsy/Y0041.png
0.219385,0.216706,0.218045,0.006944,0.046464,1.229589,2.095243,Drowsy,Drowsy/Y0045.png
0.055832,0.055347,0.05559,0.007142,-1.751334,2.671523,2.196219,Drowsy,Drowsy/Y0049.png
0.164399,0.170375,0.167387,0.007142,0.06903,0.510375,2.686874,Drowsy,Drowsy/Y0055.png
0.134138,0.170375,0.152257,0.0,-0.391653,0.644025,2.796141,Drowsy,Drowsy/Y0059.png
0.180513,0.196116,0.188315,0.007143,-0.725177,0.555,2.756576,Drowsy,Drowsy/Y0064.png
0.19104,0.183245,0.187143,0.010097,-0.726982,0.81711,3.171959,Drowsy,Drowsy/Y0068.png
0.204206,0.196473,0.20034,0.007042,-0.468338,0.905878,2.926699,Drowsy,Drowsy/Y0074.png
0.20443,0.204011,0.204221,0.0,0.717348,0.026107,2.903216,Drowsy,Drowsy/Y0080.png
0.155968,0.170952,0.16346,0.006944,-1.701583,0.37588,3.108069,Drowsy,Drowsy/Y0085.png
0.186016,0.220063,0.20304,0.0,-0.294488,1.549779,2.402727,Drowsy,Drowsy/Y0089.png
0.211871,0.216706,0.214289,0.0,-0.244575,2.037404,3.05989,Drowsy,Drowsy/Y0094.png
0.201473,0.209509,0.205491,0.014083,-0.32082,2.449813,2.748198,Drowsy,Drowsy/Y0098.png
0.201473,0.195391,0.198432,0.0,-0.184075,1.024102,2.819001,Drowsy,Drowsy/Y0106.png
0.18125,0.220239,0.200744,0.007039,-0.275591,0.22012,2.919903,Drowsy,Drowsy/Y0110.png
0.176721,0.198794,0.187758,0.006666,-0.163797,1.587095,2.823823,Drowsy,Drowsy/Y0115.png
0.193953,0.216706,0.205329,0.006756,-0.584115,0.893828,3.078176,Drowsy,Drowsy/Y0119.png
0.108465,0.157722,0.133094,0.007042,0.787374,1.800692,2.105553,Drowsy,Drowsy/Y0124.png
0.194018,0.201745,0.197882,0.0,0.415955,9.608422,2.458112,Drowsy,Drowsy/Y0128.png
0.16023,0.167705,0.163968,0.014273,8.274416,10.804017,1.340787,Drowsy,Drowsy/Y0132.png
0.216102,0.210104,0.213103,0.007246,0.790245,1.22067,0.75675,Drowsy,Drowsy/Y0137.png
0.121344,0.167422,0.144383,0.0,-1.507767,3.538795,1.68988,Drowsy,Drowsy/Y0141.png
0.141585,0.180385,0.160985,0.0,-0.335314,3.584256,3.599738,Drowsy,Drowsy/Y0146.png
0.284106,0.277097,0.280601,0.007039,0.152579,1.961293,3.54146,Drowsy,Drowsy/Y0152.png
0.256344,0.264247,0.260296,0.013884,0.364827,1.958568,4.594043,Drowsy,Drowsy/Y0160.png
0.226102,0.230201,0.228152,0.006664,0.238859,1.52909,4.009277,Drowsy,Drowsy/Y0164.png
0.256344,0.270174,0.263259,0.0,-0.050796,1.355917,3.98011,Drowsy,Drowsy/Y0169.png
0.278726,0.279659,0.279192,0.0,-0.218453,1.805756,3.985964,Drowsy,Drowsy/Y0173.png
0.250543,0.264247,0.257395,0.013509,-0.336987,1.217223,4.774039,Drowsy,Drowsy/Y0178.png
0.237525,0.255141,0.246333,0.0,-1.127349,1.839113,4.784503,Drowsy,Drowsy/Y0184.png
0.055738,0.074264,0.065001,0.0,-1.295458,1.402471,4.610993,Drowsy,Drowsy/Y0189.png
0.205656,0.2291,0.217378,0.006661,-0.914758,0.247128,4.783915,Drowsy,Drowsy/Y0193.png
0.211871,0.222142,0.217007,0.006942,0.191244,-1.329557,4.253565,Drowsy,Drowsy/Y0199.png
0.205656,0.190529,0.198093,0.006844,0.008479,-0.620476,4.533896,Drowsy,Drowsy/Y0203.png
0.189872,0.226153,0.208013,0.007036,0.120166,-1.409837,4.499216,Drowsy,Drowsy/Y0207.png
0.188913,0.203171,0.196042,0.007036,-0.359638,-1.530369,4.518689,Drowsy,Drowsy/Y0212.png
0.19008,0.200988,0.195534,0.0,0.03207,-2.66728,3.764379,Drowsy,Drowsy/Y0216.png
0.224921,0.236321,0.230621,0.0,0.149089,4.745256,2.469673,Drowsy,Drowsy/Y0221.png
0.118232,0.165919,0.142076,0.020825,-0.157374,1.707767,2.699683,Drowsy,Drowsy/Y0225.png
0.204011,0.200346,0.202179,0.006809,-0.610697,5.851235,0.597125,Drowsy,Drowsy/Y0230.png
0.199054,0.19899,0.199022,0.013512,0.993933,3.428543,2.170822,Drowsy,Drowsy/Y0236.png
0.211871,0.196473,0.204172,0.006944,-0.293362,4.636462,1.594163,Drowsy,Drowsy/Y0241.png
0.180579,0.175412,0.177995,0.007042,-0.405349,1.965023,1.644706,Drowsy,Drowsy/Y0251.png
0.258824,0.268277,0.26355,0.0,-0.589034,7.497587,1.697213,Drowsy,Drowsy/Y0256.png
0.256573,0.239747,0.24816,0.006757,-1.155407,4.044636,2.452627,Drowsy,Drowsy/Y0260.png
0.230417,0.233538,0.231977,0.013514,0.084585,2.871162,2.223373,Drowsy,Drowsy/Y0265.png
0.199054,0.216706,0.20788,0.006849,-0.644122,2.178352,2.634596,Drowsy,Drowsy/Y0269.png
0.212091,0.216706,0.214398,0.0,0.094611,1.505802,2.670736,Drowsy,Drowsy/Y0274.png
0.211871,0.220063,0.215967,0.009958,-0.853466,2.402994,2.800541,Drowsy,Drowsy/Y0278.png
0.193042,0.206313,0.199678,0.006944,-0.007979,1.04947,2.656619,Drowsy,Drowsy/Y0283.png
0.186016,0.209129,0.197573,0.006944,-1.291056,2.320384,2.907219,Drowsy,Drowsy/Y0287.png
0.193762,0.211164,0.202463,0.006578,-0.78831,1.646735,3.32542,Drowsy,Drowsy/Y0291.png
0.186081,0.196116,0.191098,0.006944,-1.146972,1.496278,2.706811,Drowsy,Drowsy/Y0296.png
0.186016,0.190988,0.188502,0.006944,-0.179734,0.26496,2.800963,Drowsy,Drowsy/Y0300.png
0.185082,0.196116,0.190599,0.006944,-0.740444,-1.029762,3.034717,Drowsy,Drowsy/Y0305.png
0.137811,0.170375,0.154093,0.007042,-0.969883,-0.739251,3.195508,Drowsy,Drowsy/Y0309.png
0.230797,0.240127,0.235462,0.0,-1.561612,1.11321,3.407258,Drowsy,Drowsy/Y0316.png
0.19104,0.18857,0.189805,0.006942,3.74205,-1.948039,0.430232,Drowsy,Drowsy/Y0321.png
0.244618,0.242536,0.243577,0.0,-0.055611,2.794037,2.13839,Drowsy,Drowsy/Y0328.png
0.224921,0.216706,0.220813,0.006944,-0.144729,3.281631,3.245844,Drowsy,Drowsy/Y0334.png
0.180513,0.196116,0.188315,0.007042,0.359391,1.585686,2.599419,Drowsy,Drowsy/Y0347.png
0.173017,0.170952,0.171984,0.006944,0.082759,1.64021,2.701476,Drowsy,Drowsy/Y0351.png
0.205859,0.216706,0.211282,0.013512,0.302002,1.104755,2.750599,Drowsy,Drowsy/Y0357.png
0.180513,0.183579,0.182046,0.006944,0.122985,1.174299,2.593278,Drowsy,Drowsy/Y0362.png
0.206453,0.214977,0.210715,0.006944,0.292069,2.391316,2.936217,Drowsy,Drowsy/Y0368.png
0.214289,0.216706,0.215497,0.007042,0.05359,1.911101,3.172887,Drowsy,Drowsy/Y0372.png
0.212091,0.206651,0.209371,0.0101,-0.407022,1.359579,3.194076,Drowsy,Drowsy/Y0377.png
0.199054,0.196473,0.197763,0.0,0.248694,1.651799,2.827845,Drowsy,Drowsy/Y0384.png
0.22506,0.245796,0.235428,0.006944,-0.65406,2.768322,3.403759,Drowsy,Drowsy/Y0390.png
0.104142,0.128989,0.116566,0.0,-1.019578,1.519281,3.48944,Drowsy,Drowsy/Y0399.png
0.19104,0.201002,0.196021,0.0,-0.478425,1.987424,3.434064,Drowsy,Drowsy/Y0407.png
0.233604,0.239511,0.236557,0.006942,-0.60992,3.245596,3.81297,Drowsy,Drowsy/Y0414.png
0.252152,0.248814,0.250483,0.014072,-2.314435,1.349454,4.998508,Drowsy,Drowsy/Y0435.png
0.250004,0.239263,0.244633,0.0,-2.428478,1.490261,6.006616,Drowsy,Drowsy/Y0454.png
0.270762,0.258208,0.264485,0.016511,-3.299088,1.924213,5.658259,Drowsy,Drowsy/Y0458.png
0.251843,0.266912,0.259377,0.006657,-2.320054,1.527053,4.752974,Drowsy,Drowsy/Y0464.png
0.159851,0.161089,0.16047,0.0,-2.711948,-0.87078,5.020636,Drowsy,Drowsy/Y0469.png
0.057335,0.048692,0.053014,0.021118,-3.438269,1.802566,4.856916,Drowsy,Drowsy/Y0475.png
0.023803,0.034826,0.029314,0.0,-2.396825,1.479717,4.396813,Drowsy,Drowsy/Y0479.png
0.046798,0.037878,0.042338,0.013804,-3.963559,2.695828,1.117677,Drowsy,Drowsy/Y0485.png
0.099085,0.073796,0.086441,0.015395,-4.252847,3.557891,0.952418,Drowsy,Drowsy/Y0489.png
0.054522,0.045402,0.049962,0.019628,-1.962491,10.210017,-0.151442,Drowsy,Drowsy/Y0494.png
0.230978,0.212621,0.2218,0.00988,-3.85653,6.179751,2.044586,Drowsy,Drowsy/Y0500.png
0.124578,0.148673,0.136625,0.006661,0.222642,-1.973973,3.821689,Drowsy,Drowsy/Y0505.png
0.103424,0.129522,0.116473,0.006938,0.833277,2.785458,-0.526339,Drowsy,Drowsy/Y0510.png
0.105701,0.110195,0.107948,0.0,2.06971,0.550924,-3.761967,Drowsy,Drowsy/Y0514.png
0.14115,0.137761,0.139456,0.013678,2.412003,-1.714164,-1.626014,Drowsy,Drowsy/Y0519.png
0.090021,0.137811,0.113916,0.059642,5.293395,-2.440739,-2.168758,Drowsy,Drowsy/Y0523.png
0.06921,0.053868,0.061539,0.006849,-1.020751,8.528995,3.578173,Drowsy,Drowsy/Y0528.png
0.141519,0.164368,0.152943,0.0,-2.811056,8.905477,5.50207,Drowsy,Drowsy/Y0532.png
0.108465,0.11079,0.109627,0.0,-1.008741,0.234202,1.859001,Drowsy,Drowsy/Y0537.png
0.201493,0.208467,0.20498,0.0,-2.521617,1.276854,3.288808,Drowsy,Drowsy/Y0541.png
0.185146,0.21365,0.199398,0.014079,-1.056747,-1.768359,3.305499,Drowsy,Drowsy/Y0546.png
0.196632,0.212165,0.204399,0.0,-1.387106,0.386401,-0.84192,Drowsy,Drowsy/Y0553.png
0.225154,0.219457,0.222306,0.0,-0.578394,0.40915,-0.753542,Drowsy,Drowsy/Y0558.png
0.212091,0.212165,0.212128,0.0,-0.887556,1.779178,-0.815627,Drowsy,Drowsy/Y0562.png
0.24046,0.23372,0.23709,0.007036,-1.321376,2.207741,-0.754621,Drowsy,Drowsy/Y0567.png
0.228437,0.251298,0.239867,0.0,-3.937473,0.016182,-1.124705,Drowsy,Drowsy/Y0571.png
0.251168,0.264379,0.257774,0.007036,-4.181366,1.375745,-0.868168,Drowsy,Drowsy/Y0576.png
0.246926,0.264379,0.255652,0.0,-3.770371,-0.469975,-0.94825,Drowsy,Drowsy/Y0580.png
0.209014,0.2383,0.223657,0.006942,-3.584696,0.414776,-0.443831,Drowsy,Drowsy/Y0585.png
0.206657,0.212165,0.209411,0.007039,-2.953772,0.811239,-0.57391,Drowsy,Drowsy/Y0589.png
0.218587,0.239714,0.22915,0.0,-2.734915,-2.284435,2.419816,Drowsy,Drowsy/Y0593.png
0.231176,0.24394,0.237558,0.0,-3.449223,-4.206581,3.843869,Drowsy,Drowsy/Y0598.png
0.267577,0.285831,0.276704,0.006839,-3.702101,-3.732028,4.129224,Drowsy,Drowsy/Y0602.png
0.268438,0.272725,0.270582,0.007031,-3.149474,-4.058359,4.364858,Drowsy,Drowsy/Y0607.png
0.230466,0.239714,0.23509,0.0,-2.791096,-4.247598,4.115969,Drowsy,Drowsy/Y0611.png
0.14604,0.189389,0.167714,0.007031,-3.532746,-6.589189,4.205487,Drowsy,Drowsy/Y0616.png
0.19975,0.239138,0.219444,0.006844,-3.564657,-4.614077,4.100349,Drowsy,Drowsy/Y0620.png
0.198188,0.211871,0.20503,0.0,0.393341,-2.287024,1.364017,Drowsy,Drowsy/Y0625.png
0.214898,0.211053,0.212976,0.007219,3.827246,2.024612,-3.723318,Drowsy,Drowsy/Y0629.png
0.142755,0.154766,0.14876,0.007071,1.742376,-0.24474,-8.358969,Drowsy,Drowsy/Y0634.png
0.139477,0.138931,0.139204,0.0,7.195565,-0.420261,-12.374702,Drowsy,Drowsy/Y0638.png
0.100836,0.149358,0.125097,0.066169,3.295953,-7.665238,-0.81043,Drowsy,Drowsy/Y0643.png
0.12807,0.145545,0.136807,0.0,1.215226,-0.302331,-2.608682,Drowsy,Drowsy/Y0647.png
0.115385,0.144702,0.130043,0.009301,-2.446577,0.416225,3.696079,Drowsy,Drowsy/Y0652.png
0.116924,0.152759,0.134842,0.0,0.053835,-1.244607,5.534299,Drowsy,Drowsy/Y0656.png
0.087841,0.120473,0.104157,0.007462,1.176485,1.789302,2.825861,Drowsy,Drowsy/Y0661.png
0.127888,0.149844,0.138866,0.0,2.310784,-2.041847,1.266725,Drowsy,Drowsy/Y0665.png
0.155303,0.145333,0.150318,0.014085,2.271973,-2.351446,1.844908,Drowsy,Drowsy/Y0669.png
0.177754,0.167118,0.172436,0.014079,2.082095,-3.069097,2.908653,Drowsy,Drowsy/Y0677.png
0.097222,0.148166,0.122694,0.017237,0.721537,-4.305651,3.728385,Drowsy,Drowsy/Y0681.png
0.154094,0.182782,0.168438,0.007039,1.709918,-4.600555,4.297833,Drowsy,Drowsy/Y0688.png
0.121344,0.144702,0.133023,0.013877,1.267777,-2.200819,4.162105,Drowsy,Drowsy/Y0692.png
0.09586,0.144234,0.120047,0.006844,0.515654,-1.478686,4.235434,Drowsy,Drowsy/Y0697.png
0.15784,0.165521,0.161681,0.006751,0.893985,-2.085977,4.588253,Drowsy,Drowsy/Y0701.png
0.158929,0.178025,0.168477,0.0,1.009805,-2.795493,4.364842,Drowsy,Drowsy/Y0707.png
0.134138,0.165521,0.14983,0.006934,-0.045523,0.048775,4.833793,Drowsy,Drowsy/Y0712.png
0.136423,0.144702,0.140563,0.006938,0.8446,-1.062136,4.545735,Drowsy,Drowsy/Y0717.png
0.095827,0.11978,0.107803,0.0,0.280953,-0.209319,4.647667,Drowsy,Drowsy/Y0721.png
0.166602,0.174608,0.170605,0.0,0.621124,-0.001853,4.780503,Drowsy,Drowsy/Y0726.png
0.242955,0.235702,0.239328,0.0,0.153145,1.967194,5.06253,Drowsy,Drowsy/Y0730.png
0.049984,0.05726,0.053622,0.0,-2.779503,1.514698,5.269877,Drowsy,Drowsy/Y0735.png
0.261402,0.239747,0.250574,0.006747,0.804694,5.51373,-0.312382,Drowsy,Drowsy/Y0739.png
0.131011,0.157917,0.144464,0.006406,0.055126,3.07507,0.14577,Drowsy,Drowsy/Y0744.png
0.196343,0.209739,0.203041,0.066169,1.714941,-0.954644,2.40128,Drowsy,Drowsy/Y0748.png
0.211871,0.220619,0.216245,0.013877,0.869519,1.001179,3.624312,Drowsy,Drowsy/Y0752.png
0.198847,0.220619,0.209733,0.0,0.148302,1.234237,3.888575,Drowsy,Drowsy/Y0757.png
0.201305,0.197247,0.199276,0.0,-0.109611,1.318034,4.263933,Drowsy,Drowsy/Y0761.png
0.200528,0.20929,0.204909,0.006489,0.586525,1.597936,4.127145,Drowsy,Drowsy/Y0766.png
0.183929,0.178196,0.181062,0.0,1.372375,0.291528,4.032598,Drowsy,Drowsy/Y0770.png
0.193762,0.190988,0.192375,0.006942,-0.235907,1.493303,3.751649,Drowsy,Drowsy/Y0775.png
0.192852,0.210819,0.201835,0.006751,0.598383,0.15562,4.306879,Drowsy,Drowsy/Y0779.png
0.197914,0.220239,0.209076,0.013884,0.283298,0.066506,4.18731,Drowsy,Drowsy/Y0784.png
0.186016,0.218432,0.202224,0.0,0.668668,0.455339,4.083701,Drowsy,Drowsy/Y0788.png
0.182622,0.201527,0.192074,0.0,0.168982,0.756664,3.989843,Drowsy,Drowsy/Y0793.png
0.207027,0.195391,0.201209,0.006942,0.2984,0.63816,4.012165,Drowsy,Drowsy/Y0797.png
0.164339,0.174608,0.169473,0.0,-0.106092,0.372406,4.164439,Drowsy,Drowsy/Y0802.png
0.160073,0.170375,0.165224,0.0,1.242987,0.11336,3.264605,Drowsy,Drowsy/Y0806.png
0.167358,0.253339,0.210348,0.013517,-7.689911,10.71469,15.546035,Drowsy,Drowsy/Y0811.png
0.050686,0.074689,0.062688,0.007303,-5.91448,8.428854,10.363021,Drowsy,Drowsy/Y0815.png
0.106735,0.157323,0.132029,0.0,-0.609636,1.099774,4.953781,Drowsy,Drowsy/Y0820.png
0.158929,0.170541,0.164735,0.0,0.686639,0.970054,4.395415,Drowsy,Drowsy/Y0824.png
0.13761,0.179903,0.158757,0.0,0.262266,3.801456,5.785,Drowsy,Drowsy/Y0828.png
0.249351,0.242284,0.245818,0.0,-0.139386,2.675104,5.124738,Drowsy,Drowsy/Y0833.png
0.163043,0.174608,0.168825,0.007131,-0.673359,1.20616,5.660196,Drowsy,Drowsy/Y0841.png
0.185824,0.182418,0.184121,0.006747,0.407456,0.06377,5.641957,Drowsy,Drowsy/Y0846.png
0.20532,0.22326,0.21429,0.006844,0.09907,2.654691,4.941006,Drowsy,Drowsy/Y0851.png
0.23237,0.236507,0.234438,0.0,0.757669,2.565047,4.852873,Drowsy,Drowsy/Y0860.png
0.225261,0.224754,0.225008,0.0,0.749599,2.392078,5.236445,Drowsy,Drowsy/Y0865.png
0.23699,0.236512,0.236751,0.007136,0.401305,1.595727,4.965766,Drowsy,Drowsy/Y0870.png
0.211507,0.209129,0.210318,0.017478,-0.302078,2.452489,4.765405,Drowsy,Drowsy/Y0878.png
0.211507,0.21314,0.212323,0.0,-0.51951,1.354297,5.307844,Drowsy,Drowsy/Y0883.png
0.190485,0.210255,0.20037,0.00724,-0.504532,1.690485,5.57823,Drowsy,Drowsy/Y0887.png
0.206116,0.226153,0.216134,0.0,0.551433,1.362206,5.061045,Drowsy,Drowsy/Y0892.png
0.164159,0.187936,0.176048,0.0,0.664726,0.629771,5.06905,Drowsy,Drowsy/Y0902.png
0.109732,0.135605,0.122668,0.0,-0.047844,0.295279,4.946097,Drowsy,Drowsy/Y0907.png
0.250933,0.248733,0.249833,0.013332,3.344624,2.894093,1.396959,Drowsy,Drowsy/Y0913.png
0.214511,0.220847,0.217679,0.0,1.805335,1.586268,1.608512,Drowsy,Drowsy/Y0918.png
0.204504,0.216706,0.210605,0.013888,2.219245,-0.043741,1.715798,Drowsy,Drowsy/Y0922.png
0.232714,0.233757,0.233235,0.012986,0.913686,1.175913,2.388178,Drowsy,Drowsy/Y0926.png
0.213904,0.211164,0.212534,0.006849,1.469086,0.323893,2.073634,Drowsy,Drowsy/Y0931.png
0.18125,0.195391,0.18832,0.006754,0.981043,-0.244517,3.518334,Drowsy,Drowsy/Y0935.png
0.20443,0.196116,0.200273,0.0,0.674576,0.755275,3.358707,Drowsy,Drowsy/Y0940.png
0.206453,0.198469,0.202461,0.006756,0.39642,-0.453561,3.303793,Drowsy,Drowsy/Y0944.png
0.20443,0.196116,0.200273,0.006938,0.254294,-0.309267,3.569289,Drowsy,Drowsy/Y0949.png
0.186081,0.190988,0.188534,0.0,0.476716,-1.555656,3.193192,Drowsy,Drowsy/Y0953.png
0.186016,0.190988,0.188502,0.0,0.129728,0.167781,3.439673,Drowsy,Drowsy/Y0958.png
0.216978,0.190988,0.203983,0.0,0.380639,-0.218598,3.6516,Drowsy,Drowsy/Y0962.png
0.1689,0.183245,0.176073,0.013884,0.996178,0.201531,3.438124,Drowsy,Drowsy/Y0967.png
0.173017,0.170375,0.171696,0.006942,0.745259,-1.090193,3.252045,Drowsy,Drowsy/Y0971.png
0.163221,0.1933,0.178261,0.0,0.729991,0.059865,3.597416,Drowsy,Drowsy/Y0976.png
0.160017,0.180385,0.170201,0.0,0.442284,-0.847046,3.59317,Drowsy,Drowsy/Y0980.png
0.158929,0.170952,0.16494,0.0,0.738913,0.689261,3.905548,Drowsy,Drowsy/Y0985.png
0.18125,0.210819,0.196034,0.0,0.789959,0.172645,3.843475,Drowsy,Drowsy/Y0989.png
0.147129,0.166695,0.156912,0.0,-0.15176,-1.156694,3.754611,Drowsy,Drowsy/Y0994.png
0.052632,0.076207,0.064419,0.013693,-0.354409,0.654241,3.939584,Drowsy,Drowsy/Y0998.png
0.238147,0.239511,0.238829,0.006847,0.079141,1.812938,3.450709,Drowsy,Drowsy/Y1002.png
0.081057,0.128989,0.105023,0.006944,-0.504047,0.605646,2.411974,Drowsy,Drowsy/Y1007.png
0.108465,0.150691,0.129578,0.009958,0.206598,0.969058,3.22063,Drowsy,Drowsy/Y1011.png
0.164339,0.200637,0.182488,0.0,0.672035,1.178973,3.576009,Drowsy,Drowsy/Y1016.png
0.19104,0.191317,0.191179,0.006942,1.800494,-1.124076,2.995271,Drowsy,Drowsy/Y1020.png
0.108503,0.150426,0.129464,0.0,0.323947,0.742108,3.238679,Drowsy,Drowsy/Y1025.png
0.104142,0.145069,0.124606,0.006754,0.220634,1.138565,2.823305,Drowsy,Drowsy/Y1029.png
0.103078,0.149341,0.126209,0.006666,1.414391,1.012045,2.893323,Drowsy,Drowsy/Y1034.png
0.095827,0.147377,0.121602,0.0,0.170093,3.348519,1.41857,Drowsy,Drowsy/Y1038.png
0.088927,0.112744,0.100836,0.007042,2.445066,1.667647,1.470045,Drowsy,Drowsy/Y1043.png
0.134138,0.170375,0.152257,0.0,0.877782,0.036855,2.449525,Drowsy,Drowsy/Y1047.png
0.134138,0.183172,0.158655,0.0,0.084302,2.870537,2.509572,Drowsy,Drowsy/Y1052.png
0.122707,0.173905,0.148306,0.0,0.438354,2.125574,2.648282,Drowsy,Drowsy/Y1056.png
0.105721,0.165919,0.13582,0.006756,0.320765,-0.344031,2.366254,Drowsy,Drowsy/Y1061.png
0.108503,0.141275,0.124889,0.020831,0.425592,1.802551,2.435045,Drowsy,Drowsy/Y1065.png
0.121344,0.165919,0.143632,0.006944,1.233216,0.77037,2.823449,Drowsy,Drowsy/Y1070.png
0.105686,0.137674,0.12168,0.006849,0.587234,1.752919,2.762823,Drowsy,Drowsy/Y1074.png
0.186016,0.20366,0.194838,0.006756,1.39968,0.566308,2.988322,Drowsy,Drowsy/Y1078.png
0.175766,0.190988,0.183377,0.0,0.985849,1.040184,3.166044,Drowsy,Drowsy/Y1083.png
0.173017,0.170952,0.171984,0.0,0.789849,1.022903,3.150923,Drowsy,Drowsy/Y1087.png
0.105721,0.141275,0.123498,0.0,0.670018,1.047921,3.018285,Drowsy,Drowsy/Y1092.png
0.186016,0.204011,0.195014,0.0,1.607672,-0.056753,2.795159,Drowsy,Drowsy/Y1096.png
0.140048,0.163861,0.151955,0.013514,1.586416,-6.974584,1.46398,Drowsy,Drowsy/Y1101.png
0.105118,0.133447,0.119283,0.006666,0.516885,-11.052396,1.145362,Drowsy,Drowsy/Y1105.png
0.17769,0.17254,0.175115,0.0,1.067747,-4.786351,2.254522,Drowsy,Drowsy/Y1110.png
0.230478,0.222789,0.226634,0.007042,1.008246,-2.356606,1.699068,Drowsy,Drowsy/Y1114.png
0.168705,0.170872,0.169789,0.0,2.026119,-0.266897,0.373958,Drowsy,Drowsy/Y1119.png
0.204223,0.220619,0.212421,0.153257,0.391085,-2.912772,2.013199,Drowsy,Drowsy/Y1123.png
0.024325,0.024723,0.024524,0.0,0.911363,1.639296,1.619684,Drowsy,Drowsy/Y1128.png
0.168966,0.170685,0.169825,0.0,1.479316,0.326323,1.788551,Drowsy,Drowsy/Y1132.png
0.193935,0.220619,0.207277,0.009686,1.442632,2.669128,2.356282,Drowsy,Drowsy/Y1137.png
0.160073,0.161955,0.161014,0.006756,1.563989,1.341747,2.094871,Drowsy,Drowsy/Y1142.png
0.182622,0.195728,0.189175,0.0,1.885048,1.034204,2.504772,Drowsy,Drowsy/Y1147.png
0.173077,0.183172,0.178124,0.0,1.10212,2.118483,2.369837,Drowsy,Drowsy/Y1151.png
0.193935,0.20366,0.198797,0.006944,1.177733,1.315462,2.613014,Drowsy,Drowsy/Y1155.png
0.167666,0.183172,0.175419,0.006944,1.475918,1.573108,2.061598,Drowsy,Drowsy/Y1160.png
0.188766,0.186425,0.187595,0.0,1.726871,2.234,2.202875,Drowsy,Drowsy/Y1164.png
0.261709,0.279934,0.270822,0.023708,-3.162677,4.385472,1.462845,Drowsy,Drowsy/Y1169.png
0.105721,0.115106,0.110413,0.006847,-2.714947,1.39063,3.439923,Drowsy,Drowsy/Y1173.png
0.055661,0.140857,0.098259,0.0,0.248663,-6.815288,1.289535,Drowsy,Drowsy/Y1178.png
0.078798,0.110051,0.094424,0.0,2.641908,-24.131632,6.579238,Drowsy,Drowsy/Y1182.png
0.127279,0.129962,0.12862,0.013546,10.972904,5.446647,13.319017,Drowsy,Drowsy/Y1187.png
0.081083,0.144702,0.112892,0.006934,0.064323,0.025708,4.681142,Drowsy,Drowsy/Y1191.png
0.178827,0.165861,0.172344,0.007353,17.16416,5.060069,2.958465,Drowsy,Drowsy/Y1196.png
0.052688,0.066431,0.05956,0.00657,-3.412978,0.744694,-1.154325,Drowsy,Drowsy/Y1200.png
0.093402,0.137674,0.115538,0.0,-0.199235,3.25049,2.81235,Drowsy,Drowsy/Y1206.png
0.09586,0.169944,0.132902,0.006847,-1.106172,-1.01913,3.058288,Drowsy,Drowsy/Y1210.png
0.12278,0.152447,0.137614,0.0,-0.216409,-20.483608,4.234286,Drowsy,Drowsy/Y1215.png
0.082466,0.093423,0.087945,0.006849,-5.326937,0.52928,1.84918,Drowsy,Drowsy/Y1219.png
0.056433,0.057223,0.056828,0.006683,-4.614054,0.642625,-7.708523,Drowsy,Drowsy/Y1223.png
0.146838,0.17233,0.159584,0.045041,-2.717565,-5.753556,-8.758783,Drowsy,Drowsy/Y1228.png
0.196473,0.193864,0.195168,0.007219,1.955911,4.062425,-2.872512,Drowsy,Drowsy/Y1232.png
0.159215,0.157722,0.158469,0.007042,-0.543719,1.296197,1.63904,Drowsy,Drowsy/Y1237.png
0.190973,0.207177,0.199075,0.006844,-0.629824,9.806724,0.231672,Drowsy,Drowsy/Y1241.png
0.220427,0.222084,0.221255,0.01944,4.205253,7.14505,3.077726,Drowsy,Drowsy/ZA0010.png
0.167982,0.171563,0.169773,0.006003,3.249006,7.47259,4.819201,Drowsy,Drowsy/ZA0014.png
0.213888,0.221358,0.217623,0.006474,3.539162,6.94489,4.043482,Drowsy,Drowsy/ZA0019.png
0.19856,0.206041,0.2023,0.006474,4.083533,4.443493,4.45502,Drowsy,Drowsy/ZA0023.png
0.231237,0.222084,0.22666,0.021822,3.834883,6.920167,4.035319,Drowsy,Drowsy/ZA0028.png
0.23487,0.230496,0.232683,0.013117,3.857634,6.659333,3.984766,Drowsy,Drowsy/ZA0032.png
0.215751,0.209366,0.212559,0.18308,4.423106,3.029298,0.614601,Drowsy,Drowsy/ZA0037.png
0.237161,0.242209,0.239685,0.247152,3.482539,4.895178,0.206989,Drowsy,Drowsy/ZA0041.png
0.229813,0.230417,0.230115,0.764117,4.053844,-3.02514,-1.167461,Drowsy,Drowsy/ZA0046.png
0.248508,0.238887,0.243698,0.05919,9.675286,12.267641,-2.499697,Drowsy,Drowsy/ZA0050.png
0.195839,0.21059,0.203215,0.169874,3.320607,-9.392178,-2.748962,Drowsy,Drowsy/ZA0062.png
0.199657,0.189666,0.194662,0.006408,7.287273,5.099992,-2.836178,Drowsy,Drowsy/ZA0066.png
0.22691,0.222879,0.224894,0.0,8.450787,12.691289,-1.311446,Drowsy,Drowsy/ZA0070.png
0.212499,0.226623,0.219561,0.012983,2.984547,4.448216,1.104064,Drowsy,Drowsy/ZA0075.png
0.215751,0.209147,0.212449,0.012657,2.770023,3.354933,0.208745,Drowsy,Drowsy/ZA0079.png
0.2368,0.228356,0.232578,0.0,3.940668,5.704846,0.528642,Drowsy,Drowsy/ZA0087.png
0.191466,0.177282,0.184374,0.0,2.591086,3.477172,0.387123,Drowsy,Drowsy/ZA0091.png
0.24272,0.214468,0.228594,0.006849,3.443875,3.43988,0.631362,Drowsy,Drowsy/ZA0097.png
0.203856,0.201127,0.202491,0.0,2.951789,2.796579,0.441823,Drowsy,Drowsy/ZA0101.png
0.222865,0.225725,0.224295,0.025954,2.559882,-0.638017,1.213884,Drowsy,Drowsy/ZA0110.png
0.219513,0.214408,0.21696,0.0,2.879202,3.497112,0.830425,Drowsy,Drowsy/ZA0114.png
0.044463,0.054393,0.049428,0.0,1.099812,4.896647,0.762892,Drowsy,Drowsy/ZA0119.png
0.239722,0.226567,0.233144,0.0,2.099489,5.376175,1.087618,Drowsy,Drowsy/ZA0123.png
0.206091,0.214592,0.210341,0.0,2.490778,3.332942,1.095131,Drowsy,Drowsy/ZA0128.png
0.240774,0.234466,0.23762,0.006847,4.136831,5.101686,0.885107,Drowsy,Drowsy/ZA0132.png
0.19684,0.211991,0.204415,0.006242,4.371389,7.371622,1.097198,Drowsy,Drowsy/ZA0137.png
0.186643,0.158372,0.172508,0.0,4.53363,5.363061,0.578331,Drowsy,Drowsy/ZA0141.png
0.150542,0.15474,0.152641,0.0,4.332238,5.575665,1.731513,Drowsy,Drowsy/ZA0146.png
0.251388,0.24269,0.247039,0.006751,4.112489,5.894865,1.627707,Drowsy,Drowsy/ZA0150.png
0.163039,0.138365,0.150702,0.006246,4.293451,6.021253,1.976278,Drowsy,Drowsy/ZA0154.png
0.215698,0.227472,0.221585,0.0,4.009738,7.278944,1.608387,Drowsy,Drowsy/ZA0161.png
0.239774,0.226445,0.23311,0.013148,4.007892,6.420295,1.471688,Drowsy,Drowsy/ZA0165.png
0.062792,0.083322,0.073057,0.0,4.240682,7.122847,1.901927,Drowsy,Drowsy/ZA0172.png
0.102064,0.097447,0.099756,0.0,3.490606,4.637755,1.580755,Drowsy,Drowsy/ZA0178.png
0.27501,0.252827,0.263918,0.01724,2.646237,-0.331391,0.320607,Drowsy,Drowsy/ZA0191.png
0.03079,0.035674,0.033232,0.006666,3.526311,1.302235,-0.610909,Drowsy,Drowsy/ZA0195.png
0.067144,0.076923,0.072034,0.006849,2.41546,-6.236569,-0.849602,Drowsy,Drowsy/ZA0200.png
0.212934,0.212442,0.212688,0.013509,3.892517,-0.206249,-0.229034,Drowsy,Drowsy/ZA0204.png
0.201067,0.191772,0.19642,0.013509,4.01162,1.027777,0.131265,Drowsy,Drowsy/ZA0209.png
0.236908,0.22691,0.231909,0.012642,3.025401,7.582102,2.804237,Drowsy,Drowsy/ZA0215.png
0.214176,0.209535,0.211856,0.0,3.417273,6.352113,1.812551,Drowsy,Drowsy/ZA0220.png
0.099033,0.103751,0.101392,0.0,4.058576,2.700628,3.097221,Drowsy,Drowsy/ZA0224.png
0.251719,0.266287,0.259003,0.00724,3.582372,7.925527,1.798387,Drowsy,Drowsy/ZA0229.png
0.03964,0.031142,0.035391,0.012484,2.774352,8.579159,2.423432,Drowsy,Drowsy/ZA0233.png
0.08251,0.08435,0.08343,0.013678,2.759021,4.591821,2.551236,Drowsy,Drowsy/ZA0238.png
0.234993,0.23195,0.233471,0.0,4.662381,5.338114,1.294056,Drowsy,Drowsy/ZA0242.png
0.023231,0.011087,0.017159,0.0,3.596265,6.715989,1.261455,Drowsy,Drowsy/ZA0246.png
0.196406,0.206187,0.201297,0.00648,4.437403,4.633601,2.899366,Drowsy,Drowsy/ZA0257.png
0.065814,0.103751,0.084782,0.0,4.531578,3.266041,2.163002,Drowsy,Drowsy/ZA0263.png
0.082703,0.093089,0.087896,0.006169,7.021109,4.776232,1.811374,Drowsy,Drowsy/ZA0270.png
0.154212,0.154559,0.154385,0.006661,6.047274,4.798266,1.108195,Drowsy,Drowsy/ZA0274.png
0.228948,0.226963,0.227956,0.006489,5.629257,5.92703,2.011399,Drowsy,Drowsy/ZA0279.png
0.049641,0.025061,0.037351,0.023316,4.870879,6.551925,1.397589,Drowsy,Drowsy/ZA0283.png
0.242536,0.237218,0.239877,0.006664,4.450928,4.050376,1.242063,Drowsy,Drowsy/ZA0288.png
0.095862,0.125717,0.11079,0.019845,0.960222,-32.891509,-0.107618,Drowsy,Drowsy/ZA0292.png
0.169649,0.189429,0.179539,0.191763,1.089098,-19.852465,-1.379275,Drowsy,Drowsy/ZA0301.png
0.185459,0.197962,0.191711,0.22146,2.199649,-19.605747,6.228472,Drowsy,Drowsy/ZA0306.png
0.191904,0.176253,0.184079,0.030074,4.93461,-4.79407,1.936811,Drowsy,Drowsy/ZA0311.png
0.205736,0.204828,0.205282,0.006402,5.462641,1.15557,1.579266,Drowsy,Drowsy/ZA0317.png
0.072668,0.044833,0.058751,0.013717,-4.246985,21.518436,-0.076116,Drowsy,Drowsy/ZA0344.png
0.245754,0.220624,0.233189,0.0,3.756511,6.672759,2.511889,Drowsy,Drowsy/ZA0355.png
0.210503,0.206142,0.208323,0.02891,3.704227,1.611191,2.859127,Drowsy,Drowsy/ZA0368.png
0.231578,0.226749,0.229163,0.018468,2.302566,5.350198,3.923604,Drowsy,Drowsy/ZA0373.png
0.212934,0.215554,0.214244,0.023653,3.887226,1.695598,2.764658,Drowsy,Drowsy/ZA0379.png
0.233983,0.22691,0.230446,0.01314,2.742406,6.421068,2.602917,Drowsy,Drowsy/ZA0386.png
0.209481,0.206187,0.207834,0.012633,2.350382,5.746457,2.590932,Drowsy,Drowsy/ZA0390.png
0.2248,0.22508,0.22494,0.013323,6.649244,3.441457,1.702217,Drowsy,Drowsy/ZA0395.png
0.022704,0.026661,0.024682,0.012794,2.848257,4.550779,2.81585,Drowsy,Drowsy/ZA0407.png
0.219265,0.221358,0.220311,0.0,1.797098,5.639459,3.10214,Drowsy,Drowsy/ZA0412.png
0.215538,0.206041,0.21079,0.012633,2.315727,4.866844,2.985619,Drowsy,Drowsy/ZA0420.png
0.203285,0.231089,0.217187,0.00692,-0.915737,7.177232,4.3738,Drowsy,Drowsy/ZA0466.png
0.209014,0.212934,0.210974,0.184202,4.57763,-3.167572,-0.351664,Drowsy,Drowsy/ZA0470.png
0.037537,0.033202,0.03537,0.006664,1.284752,4.567143,1.184487,Drowsy,Drowsy/ZA0482.png
0.217497,0.21561,0.216553,0.013687,2.441052,4.661745,1.630706,Drowsy,Drowsy/ZA0487.png
0.212997,0.204698,0.208847,0.021108,0.596653,4.015466,1.561344,Drowsy,Drowsy/ZA0503.png
0.21805,0.2248,0.221425,0.009812,2.437188,4.1438,1.923549,Drowsy,Drowsy/ZA0507.png
0.046661,0.011851,0.029256,0.014062,2.656278,4.396018,1.854758,Drowsy,Drowsy/ZA0512.png
0.233538,0.239754,0.236646,0.007136,2.239241,3.818453,1.821551,Drowsy,Drowsy/ZA0516.png
0.2246,0.217457,0.221029,0.16964,2.531098,1.977122,3.560459,Drowsy,Drowsy/ZA0528.png
0.078549,0.073363,0.075956,0.0,2.790244,0.833357,2.083,Drowsy,Drowsy/ZA0544.png
0.168311,0.162704,0.165507,0.013494,2.867676,1.139919,2.471377,Drowsy,Drowsy/ZA0555.png
0.184894,0.203055,0.193975,0.021602,2.577915,-4.860226,-1.68845,Drowsy,Drowsy/ZA0583.png
0.219513,0.204879,0.212196,0.013148,4.332231,2.056081,1.398888,Drowsy,Drowsy/ZA0597.png
0.177511,0.148896,0.163204,0.016059,3.218607,-5.691749,2.052219,Drowsy,Drowsy/ZA0638.png
0.207867,0.20633,0.207098,0.013868,0.899746,0.865615,1.761184,Drowsy,Drowsy/ZA0655.png
0.108475,0.129299,0.118887,0.00735,-0.09561,-1.472438,0.873712,Drowsy,Drowsy/ZA0662.png
0.236519,0.239916,0.238217,0.0,2.03177,6.434723,2.26297,Drowsy,Drowsy/ZA0670.png
0.214176,0.239981,0.227079,0.019972,0.989902,6.804105,2.042113,Drowsy,Drowsy/ZA0675.png
0.16648,0.158917,0.162699,0.01297,3.388917,5.684424,2.269122,Drowsy,Drowsy/ZA0682.png
0.218732,0.22691,0.222821,0.006402,3.197782,5.990893,2.20611,Drowsy,Drowsy/ZA0687.png
0.053179,0.064018,0.058599,0.019191,3.024014,3.870371,2.029492,Drowsy,Drowsy/ZA0694.png
0.215698,0.203282,0.20949,0.006402,2.199593,6.044097,1.657654,Drowsy,Drowsy/ZA0699.png
0.231535,0.211991,0.221763,0.012322,4.485171,4.122266,2.335847,Drowsy,Drowsy/ZA0703.png
0.207926,0.212572,0.210249,0.006406,2.200265,4.08781,1.357955,Drowsy,Drowsy/ZA0718.png
0.231067,0.247931,0.239499,0.017837,-5.533868,9.418488,2.280325,Drowsy,Drowsy/ZA0723.png
0.047533,0.026088,0.03681,0.006238,-0.833795,5.909735,2.578617,Drowsy,Drowsy/ZA0728.png
0.010629,0.039528,0.025078,0.012476,1.014852,6.267989,2.365161,Drowsy,Drowsy/ZA0732.png
0.246099,0.252036,0.249067,0.012633,1.073398,6.995401,3.097366,Drowsy,Drowsy/ZA0736.png
0.192032,0.196559,0.194296,0.005879,3.235983,3.107377,1.740388,Drowsy,Drowsy/ZA0741.png
0.196161,0.202223,0.199192,0.012484,3.905747,2.808174,1.415733,Drowsy,Drowsy/ZA0745.png
0.169259,0.16174,0.1655,0.012476,3.791857,4.894605,2.139691,Drowsy,Drowsy/ZA0750.png
0.076828,0.107389,0.092108,0.012484,3.085861,2.269724,1.791174,Drowsy,Drowsy/ZA0754.png
0.222643,0.22036,0.221502,0.005942,3.929915,2.441585,2.544771,Drowsy,Drowsy/ZA0759.png
0.242536,0.230677,0.236606,0.006161,2.82793,4.761647,2.445693,Drowsy,Drowsy/ZA0763.png
0.021272,0.047405,0.034338,0.006013,1.747044,4.829494,1.688814,Drowsy,Drowsy/ZA0768.png
0.212413,0.200824,0.206619,0.0,2.794603,3.803242,2.154384,Drowsy,Drowsy/ZA0772.png
0.08349,0.070255,0.076873,0.006579,4.206144,6.568967,-1.460731,Drowsy,Drowsy/ZA0777.png
0.178806,0.168407,0.173606,0.005951,3.448892,-22.576116,-2.728027,Drowsy,Drowsy/ZA0781.png
0.193247,0.209431,0.201339,0.005952,2.90284,0.404612,-2.472523,Drowsy,Drowsy/ZA0786.png
0.048326,0.010829,0.029577,0.006327,1.555439,4.847232,-0.974758,Drowsy,Drowsy/ZA0790.png
0.231467,0.245297,0.238382,0.006096,-5.1334,1.364016,-0.538685,Drowsy,Drowsy/ZA0795.png
0.243051,0.217965,0.230508,0.012658,4.220645,5.666924,-1.076326,Drowsy,Drowsy/ZA0843.png
0.217457,0.204828,0.211143,0.0,3.713995,3.419339,-1.235637,Drowsy,Drowsy/ZA0852.png
0.074632,0.080104,0.077368,0.021879,3.26498,3.500376,-0.902871,Drowsy,Drowsy/ZA0856.png
0.235532,0.242511,0.239022,0.006169,3.726384,8.364947,0.061506,Drowsy,Drowsy/ZA0862.png
0.130108,0.165404,0.147756,0.018259,5.148194,4.926405,1.91371,Drowsy,Drowsy/ZA0872.png
0.212045,0.208764,0.210405,0.017603,4.448393,5.734634,3.10792,Drowsy,Drowsy/ZA0877.png
0.173455,0.193448,0.183451,0.012026,3.696731,4.387153,3.030413,Drowsy,Drowsy/ZA0882.png
0.173455,0.190723,0.182089,0.012181,3.028273,-0.973996,1.347783,Drowsy,Drowsy/ZA0892.png
0.166378,0.180922,0.17365,0.023727,1.907474,-0.768618,2.740065,Drowsy,Drowsy/ZA0899.png
0.094042,0.140831,0.117436,0.018697,2.099538,-3.681094,2.031479,Drowsy,Drowsy/ZA0903.png
0.229785,0.238839,0.234312,0.0116,6.168282,0.821185,1.90512,Drowsy,Drowsy/ZA0908.png
0.184354,0.199112,0.191733,0.005872,3.142083,3.823333,2.308088,Drowsy,Drowsy/ZA0923.png
0.036622,0.022135,0.029379,0.015471,3.692808,3.932479,-0.738536,Drowsy,Drowsy/ZA0934.png
0.206523,0.230959,0.218741,0.012331,2.456765,5.921103,0.642584,Drowsy,Drowsy/ZA0941.png
0.020815,0.029981,0.025398,0.0,1.469793,4.879326,1.209839,Drowsy,Drowsy/ZA0956.png
0.1929,0.211943,0.202421,0.006238,2.069274,4.552547,1.340455,Drowsy,Drowsy/ZA0962.png
0.224776,0.222832,0.223804,0.012476,1.562085,5.023256,1.738666,Drowsy,Drowsy/ZA0967.png
0.261946,0.254759,0.258352,0.013291,7.034318,8.231206,2.618381,Drowsy,Drowsy/ZA0973.png
0.23691,0.240692,0.238801,0.006156,8.289715,7.944926,2.436601,Drowsy,Drowsy/ZA0986.png
0.228618,0.237485,0.233052,0.012783,7.426784,9.524984,2.907083,Drowsy,Drowsy/ZA0995.png
0.236531,0.241973,0.239252,0.005863,6.787362,11.302576,3.324599,Drowsy,Drowsy/ZA1013.png
0.238301,0.246593,0.242447,0.018429,3.77147,11.559864,4.712395,Drowsy,Drowsy/ZA1018.png
0.235965,0.256331,0.246148,0.014633,4.5407,10.200152,4.93391,Drowsy,Drowsy/ZA1028.png
0.228155,0.234047,0.231101,0.005926,4.41232,11.375605,4.617178,Drowsy,Drowsy/ZA1038.png
0.155405,0.174819,0.165112,0.005879,2.330096,-22.239165,0.530714,Drowsy,Drowsy/ZA1045.png
0.203595,0.23862,0.221107,0.0,3.778737,7.22749,1.701351,Drowsy,Drowsy/ZA1056.png
0.101613,0.138365,0.119989,0.005427,6.208813,3.054494,1.443099,Drowsy,Drowsy/ZA1063.png
0.188115,0.204673,0.196394,0.020794,4.02144,4.476239,2.258319,Drowsy,Drowsy/ZA1073.png
0.23568,0.234816,0.235248,0.0,-9.386804,3.532735,0.386763,Drowsy,Drowsy/ZB0004.png
0.262017,0.255214,0.258616,0.008609,-6.9141,5.140499,-0.336727,Drowsy,Drowsy/ZB0009.png
0.242284,0.259771,0.251028,0.008767,-7.389739,6.395647,-0.378918,Drowsy,Drowsy/ZB0013.png
0.245796,0.264133,0.254965,0.0,-6.181614,6.138226,-0.825452,Drowsy,Drowsy/ZB0018.png
0.259411,0.268039,0.263725,0.0,-6.866542,5.991238,-0.348688,Drowsy,Drowsy/ZB0022.png
0.258913,0.27321,0.266061,0.017846,-5.796191,6.965032,-0.479462,Drowsy,Drowsy/ZB0027.png
0.254702,0.261911,0.258307,0.016927,-4.104964,7.468406,-1.103904,Drowsy,Drowsy/ZB0031.png
0.256027,0.261911,0.258969,0.008464,-4.849772,7.599621,-0.995464,Drowsy,Drowsy/ZB0036.png
0.258913,0.265506,0.26221,0.017218,-4.531462,6.729817,-0.735478,Drowsy,Drowsy/ZB0040.png
0.21902,0.231807,0.225414,0.0,-6.43794,7.188842,-0.726934,Drowsy,Drowsy/ZB0044.png
0.23568,0.277113,0.256397,0.008455,-5.70351,6.649564,-1.106823,Drowsy,Drowsy/ZB0049.png
0.265142,0.262453,0.263797,0.0,-4.528722,6.817166,-0.963744,Drowsy,Drowsy/ZB0053.png
0.27211,0.297888,0.284999,0.0,-5.160828,6.157342,-0.80845,Drowsy,Drowsy/ZB0058.png
0.194207,0.213751,0.203979,0.008616,-4.348755,4.57589,-0.672588,Drowsy,Drowsy/ZB0062.png
0.255704,0.25509,0.255397,0.017218,-4.535008,5.601307,-1.124955,Drowsy,Drowsy/ZB0067.png
0.259905,0.261712,0.260809,0.0,-1.266757,5.70106,-1.765763,Drowsy,Drowsy/ZB0071.png
0.246197,0.260768,0.253483,0.008305,-1.076757,5.474471,-2.569996,Drowsy,Drowsy/ZB0076.png
0.270942,0.283597,0.277269,0.0086,-0.181603,6.212417,-2.509367,Drowsy,Drowsy/ZB0080.png
0.263422,0.239279,0.25135,0.0,1.303334,7.066268,-2.987314,Drowsy,Drowsy/ZB0085.png
0.289897,0.263989,0.276943,0.0,1.310924,6.530204,-3.257021,Drowsy,Drowsy/ZB0089.png
0.281098,0.270802,0.27595,0.0,2.3509,5.6137,-2.571798,Drowsy,Drowsy/ZB0094.png
0.253178,0.260036,0.256607,0.016889,0.94222,5.487112,-2.674105,Drowsy,Drowsy/ZB0098.png
0.249409,0.261712,0.25556,0.0,1.422376,5.480993,-2.598631,Drowsy,Drowsy/ZB0103.png
0.253226,0.283597,0.268411,0.00876,0.706708,5.290755,-2.538424,Drowsy,Drowsy/ZB0107.png
0.070097,0.070232,0.070165,0.026251,0.53139,6.165309,-2.788599,Drowsy,Drowsy/ZB0112.png
0.206887,0.214324,0.210606,0.008444,0.172906,5.873899,-2.95188,Drowsy,Drowsy/ZB0116.png
0.276659,0.273406,0.275032,0.00875,1.097017,5.55542,-2.763056,Drowsy,Drowsy/ZB0120.png
0.194273,0.185408,0.18984,0.0,1.717044,4.896952,-2.716493,Drowsy,Drowsy/ZB0125.png
0.175682,0.131103,0.153393,0.028831,0.208135,6.283513,-2.690246,Drowsy,Drowsy/ZB0129.png
0.208003,0.200988,0.204496,0.0,1.291095,5.577472,-2.65328,Drowsy,Drowsy/ZB0134.png
0.276659,0.283918,0.280289,0.02475,0.966374,6.161471,-2.282943,Drowsy,Drowsy/ZB0138.png
0.278795,0.267125,0.27296,0.0,-0.420662,6.353638,-2.451628,Drowsy,Drowsy/ZB0143.png
0.276659,0.260768,0.268714,0.0,-0.624361,6.115473,-2.163896,Drowsy,Drowsy/ZB0147.png
0.282067,0.279425,0.280746,0.0086,0.190277,5.883129,-2.556795,Drowsy,Drowsy/ZB0152.png
0.282067,0.280586,0.281326,0.008609,-0.301016,5.51369,-2.48407,Drowsy,Drowsy/ZB0156.png
0.295055,0.286295,0.290675,0.0,-0.307939,5.667054,-2.392223,Drowsy,Drowsy/ZB0161.png
0.289897,0.294099,0.291998,0.0,-0.836946,6.469917,-2.190876,Drowsy,Drowsy/ZB0165.png
0.28317,0.272725,0.277948,0.0,1.067759,3.127867,-1.111391,Drowsy,Drowsy/ZB0170.png
0.280906,0.257481,0.269193,0.0,3.68908,2.732347,-1.687329,Drowsy,Drowsy/ZB0174.png
0.283817,0.3021,0.292958,0.008305,0.739204,7.473474,-3.522968,Drowsy,Drowsy/ZB0181.png
0.291969,0.290619,0.291294,0.008048,3.989066,3.995478,-2.692143,Drowsy,Drowsy/ZB0185.png
0.268277,0.277852,0.273064,0.008179,4.715233,5.356118,-2.704061,Drowsy,Drowsy/ZB0190.png
0.286202,0.271156,0.278679,0.008187,4.160118,4.74243,-2.603303,Drowsy,Drowsy/ZB0194.png
0.273296,0.280586,0.276941,0.0,5.278934,4.245652,-2.591753,Drowsy,Drowsy/ZB0198.png
0.265915,0.27314,0.269527,0.008315,3.195981,5.346591,-2.687208,Drowsy,Drowsy/ZB0203.png
0.307706,0.268116,0.287911,0.01663,3.769276,4.406925,-2.300416,Drowsy,Drowsy/ZB0207.png
0.256027,0.271156,0.263591,0.0,4.025983,4.683636,-2.527493,Drowsy,Drowsy/ZB0212.png
0.286533,0.271156,0.278844,0.016927,4.703941,5.223258,-2.630223,Drowsy,Drowsy/ZB0217.png
0.265915,0.27314,0.269527,0.008315,5.038295,5.369745,-2.790717,Drowsy,Drowsy/ZB0222.png
0.291464,0.292882,0.292173,0.008179,4.178207,5.564645,-2.802994,Drowsy,Drowsy/ZB0226.png
0.269187,0.260036,0.264612,0.0,4.460011,5.37961,-2.93602,Drowsy,Drowsy/ZB0231.png
0.289897,0.267125,0.278511,0.0,4.551236,5.258334,-2.877174,Drowsy,Drowsy/ZB0235.png
0.265577,0.267125,0.266351,0.0,2.673844,4.305714,-3.045688,Drowsy,Drowsy/ZB0240.png
0.284557,0.264866,0.274712,0.008169,2.604027,3.989342,-2.842861,Drowsy,Drowsy/ZB0244.png
0.269187,0.284311,0.276749,0.025767,4.118495,4.604837,-3.198121,Drowsy,Drowsy/ZB0249.png
0.271052,0.249147,0.2601,0.0,4.15946,3.3566,-3.155878,Drowsy,Drowsy/ZB0253.png
0.252697,0.255854,0.254275,0.008027,1.645232,3.081271,-4.131549,Drowsy,Drowsy/ZB0258.png
0.256307,0.270092,0.2632,0.008169,1.229158,4.301381,-4.382763,Drowsy,Drowsy/ZB0262.png
0.276766,0.277395,0.27708,0.0,1.038618,4.40017,-4.510951,Drowsy,Drowsy/ZB0266.png
0.24258,0.284253,0.263417,0.0,2.186383,3.557119,-4.50026,Drowsy,Drowsy/ZB0271.png
0.257583,0.27132,0.264451,0.0,2.119908,3.908754,-4.359461,Drowsy,Drowsy/ZB0275.png
0.099901,0.080978,0.090439,0.008431,2.834075,2.857492,-4.555093,Drowsy,Drowsy/ZB0280.png
0.242486,0.22886,0.235673,0.008455,-1.105864,2.596812,-2.346597,Drowsy,Drowsy/ZB0284.png
0.266012,0.262828,0.26442,0.0,0.339156,2.877681,-3.98872,Drowsy,Drowsy/ZB0289.png
0.250428,0.238015,0.244222,0.0,1.599762,2.516975,-4.11127,Drowsy,Drowsy/ZB0293.png
0.272948,0.277395,0.275171,0.0,1.928253,4.285283,-3.854082,Drowsy,Drowsy/ZB0298.png
0.259811,0.278547,0.269179,0.028311,1.81799,3.529958,-3.792574,Drowsy,Drowsy/ZB0302.png
0.252789,0.271156,0.261972,0.0,1.46305,3.352295,-3.719495,Drowsy,Drowsy/ZB0307.png
0.256,0.272511,0.264255,0.0,1.337811,3.009433,-4.097232,Drowsy,Drowsy/ZB0311.png
0.263523,0.263989,0.263756,0.0,2.316281,3.474093,-3.963937,Drowsy,Drowsy/ZB0316.png
0.283279,0.284253,0.283766,0.008305,-2.007281,1.149975,-3.452902,Drowsy,Drowsy/ZB0320.png
0.177767,0.153123,0.165445,0.0,-3.168365,3.501417,-4.232859,Drowsy,Drowsy/ZB0325.png
0.253329,0.2479,0.250614,0.012337,-4.92377,2.635229,-4.055105,Drowsy,Drowsy/ZB0329.png
0.185879,0.200183,0.193031,0.021019,-3.221257,3.45632,-4.749336,Drowsy,Drowsy/ZB0334.png
0.150691,0.10962,0.130156,0.008109,3.189484,4.240788,-6.067407,Drowsy,Drowsy/ZB0338.png
0.164658,0.139851,0.152255,0.008559,11.334725,5.799312,-6.31828,Drowsy,Drowsy/ZB0342.png
0.172131,0.165517,0.168824,0.008398,10.13508,5.51462,-6.782053,Drowsy,Drowsy/ZB0347.png
0.184081,0.115106,0.149593,0.00854,10.361682,5.705787,-6.571755,Drowsy,Drowsy/ZB0351.png
0.243717,0.256001,0.249859,0.0,8.5493,4.360449,-6.15737,Drowsy,Drowsy/ZB0356.png
0.253661,0.257317,0.255489,0.0,0.388791,3.840066,-4.670812,Drowsy,Drowsy/ZB0360.png
0.237333,0.245286,0.24131,0.008455,-2.072339,2.209468,-2.556984,Drowsy,Drowsy/ZB0365.png
0.045722,0.046138,0.04593,0.008305,-0.240785,0.24159,-3.881069,Drowsy,Drowsy/ZB0369.png
0.228973,0.235485,0.232229,0.0,0.015447,4.220183,-4.048267,Drowsy,Drowsy/ZB0383.png
0.117041,0.105956,0.111498,0.016862,-0.04534,4.978994,-4.694179,Drowsy,Drowsy/ZB0387.png
0.256401,0.277395,0.266898,0.0,0.603426,4.623558,-3.765338,Drowsy,Drowsy/ZB0392.png
0.237242,0.244665,0.240954,0.00826,1.139526,3.908141,-6.225488,Drowsy,Drowsy/ZB0396.png
0.276659,0.249152,0.262906,0.01715,3.238774,5.122134,-5.063287,Drowsy,Drowsy/ZB0401.png
0.23076,0.207325,0.219043,0.008277,6.496749,3.994925,-5.140879,Drowsy,Drowsy/ZB0405.png
0.242431,0.228035,0.235233,0.0,4.790903,3.278315,-4.722328,Drowsy,Drowsy/ZB0410.png
0.2266,0.23451,0.230555,0.0,1.94829,3.180272,-4.267338,Drowsy,Drowsy/ZB0414.png
0.228709,0.235485,0.232097,0.008292,1.70584,2.016769,-5.190014,Drowsy,Drowsy/ZB0419.png
0.250861,0.228035,0.239448,0.008559,2.095634,2.578065,-5.426962,Drowsy,Drowsy/ZB0423.png
0.230478,0.233517,0.231997,0.008416,-0.495989,3.494248,-5.877032,Drowsy,Drowsy/ZB0427.png
0.230011,0.229628,0.229819,0.0,1.197696,3.705137,-6.62153,Drowsy,Drowsy/ZB0432.png
0.185695,0.170685,0.17819,0.008398,3.118758,2.837583,-6.47949,Drowsy,Drowsy/ZB0436.png
0.123045,0.093104,0.108074,0.008665,3.549485,3.699872,-6.96129,Drowsy,Drowsy/ZB0441.png
0.196537,0.199126,0.197831,0.0,3.799636,2.583483,-6.738626,Drowsy,Drowsy/ZB0445.png
0.196537,0.174699,0.185618,0.0,3.968497,2.993916,-6.762823,Drowsy,Drowsy/ZB0450.png
0.204211,0.219163,0.211687,0.0,4.163275,3.164322,-6.628069,Drowsy,Drowsy/ZB0454.png
0.196537,0.210863,0.2037,0.0,4.213545,3.140872,-6.966063,Drowsy,Drowsy/ZB0459.png
0.242054,0.253701,0.247877,0.008519,3.064184,3.733486,-6.928479,Drowsy,Drowsy/ZB0463.png
0.236968,0.228454,0.232711,0.0,3.847476,3.820763,-6.989185,Drowsy,Drowsy/ZB0468.png
0.185695,0.222342,0.204019,0.008241,3.162594,3.961431,-6.609484,Drowsy,Drowsy/ZB0472.png
0.255063,0.249152,0.252108,0.016755,1.883695,4.280875,-6.535013,Drowsy,Drowsy/ZB0477.png
0.23947,0.253701,0.246585,0.008416,3.237724,4.114108,-5.914575,Drowsy,Drowsy/ZB0481.png
0.27465,0.272285,0.273467,0.0,-4.865828,4.06155,-2.705611,Drowsy,Drowsy/ZB0486.png
0.242486,0.282514,0.2625,0.0,-2.313469,4.469522,-2.443496,Drowsy,Drowsy/ZB0490.png
0.242486,0.247897,0.245192,0.020413,-2.666393,4.285934,-1.994648,Drowsy,Drowsy/ZB0495.png
0.175614,0.1766,0.176107,0.01691,-3.769341,4.166351,-1.914801,Drowsy,Drowsy/ZB0499.png
0.21693,0.22766,0.222295,0.0,-3.992872,4.27274,-2.347186,Drowsy,Drowsy/ZB0503.png
0.194352,0.206548,0.20045,0.0,-2.959182,4.289282,-2.17031,Drowsy,Drowsy/ZB0508.png
0.206313,0.216542,0.211428,0.00847,-4.742164,3.634157,0.646293,Drowsy,Drowsy/ZB0512.png
0.256,0.253235,0.254617,0.00847,-1.256825,2.871491,-1.02248,Drowsy,Drowsy/ZB0517.png
0.124178,0.098415,0.111297,0.008464,-0.877004,1.23443,-1.341189,Drowsy,Drowsy/ZB0521.png
0.367607,0.361195,0.364401,0.020812,6.023812,8.891626,0.601152,Drowsy,Drowsy/ZB0526.png
0.281113,0.256344,0.268728,0.015608,7.815249,1.292541,-1.348847,Drowsy,Drowsy/ZB0540.png
0.269689,0.242951,0.25632,0.011553,10.239645,2.26134,-3.287548,Drowsy,Drowsy/ZB0545.png
0.175075,0.158238,0.166657,0.008305,10.179772,3.366887,-3.786931,Drowsy,Drowsy/ZB0549.png
0.271239,0.241584,0.256412,0.0,11.430175,2.652058,-3.883482,Drowsy,Drowsy/ZB0554.png
0.277394,0.223307,0.250351,0.008038,11.59187,3.00275,-3.661972,Drowsy,Drowsy/ZB0558.png
0.069383,0.065658,0.067521,0.0,11.764149,2.769181,-4.741973,Drowsy,Drowsy/ZB0563.png
0.263489,0.23365,0.248569,0.026975,13.417193,3.118395,-4.088151,Drowsy,Drowsy/ZB0567.png
0.235606,0.21435,0.224978,0.015802,12.339189,3.177025,-4.619872,Drowsy,Drowsy/ZB0572.png
0.227934,0.196741,0.212337,0.016315,13.344342,2.075382,-4.474884,Drowsy,Drowsy/ZB0576.png
0.239727,0.209568,0.224648,0.008038,14.055133,2.607032,-4.066986,Drowsy,Drowsy/ZB0581.png
0.228709,0.213877,0.221293,0.007901,12.216087,2.937944,-4.114213,Drowsy,Drowsy/ZB0585.png
0.226564,0.191558,0.209061,0.019406,12.388563,2.798229,-3.684099,Drowsy,Drowsy/ZB0589.png
0.217239,0.197439,0.207339,0.0,11.92852,3.453711,-3.99057,Drowsy,Drowsy/ZB0594.png
0.168646,0.179838,0.174242,0.024723,0.367973,-3.067856,-8.37598,Drowsy,Drowsy/ZB0598.png
0.228183,0.202695,0.215439,0.0,-1.470659,12.044551,7.950461,Drowsy,Drowsy/ZB0605.png
0.11931,0.103526,0.111418,0.0,-0.137634,14.489522,6.417141,Drowsy,Drowsy/ZB0609.png
0.25061,0.220283,0.235446,0.008473,2.146329,14.683897,3.978432,Drowsy,Drowsy/ZB0626.png
0.264592,0.218968,0.24178,0.024181,2.948834,14.548645,2.865406,Drowsy,Drowsy/ZB0630.png
0.257464,0.2,0.228732,0.016664,3.865783,15.039637,3.228871,Drowsy,Drowsy/ZB0635.png
0.240583,0.18676,0.213671,0.011969,3.17062,17.264983,3.104474,Drowsy,Drowsy/ZB0639.png
0.252982,0.202695,0.227839,0.024969,2.981599,15.895094,3.124062,Drowsy,Drowsy/ZB0644.png
0.262753,0.213019,0.237886,0.008055,3.061755,15.219233,2.936165,Drowsy,Drowsy/ZB0648.png
0.252982,0.21949,0.236236,0.017231,2.96055,17.372246,3.189452,Drowsy,Drowsy/ZB0653.png
0.111399,0.077004,0.094202,0.008619,3.445976,16.277093,2.284487,Drowsy,Drowsy/ZB0657.png
0.31741,0.307912,0.312661,0.00847,-2.21822,8.173011,2.751673,Drowsy,Drowsy/ZB0662.png
0.304604,0.35168,0.328142,0.016664,-10.009935,-5.014252,3.902296,Drowsy,Drowsy/ZB0666.png
0.278818,0.205201,0.24201,0.008143,1.957782,13.94873,-0.354382,Drowsy,Drowsy/ZB0671.png
0.09242,0.062619,0.077519,0.007981,2.669113,18.085281,-1.010034,Drowsy,Drowsy/ZB0675.png
0.246932,0.207827,0.22738,0.008127,3.528593,17.00962,0.183411,Drowsy,Drowsy/ZB0679.png
0.131984,0.113688,0.122836,0.012986,5.486469,21.12909,-1.605442,Drowsy,Drowsy/ZB0689.png
0.261652,0.194134,0.227893,0.008839,5.934056,16.804401,-2.217423,Drowsy,Drowsy/ZB0693.png
0.259727,0.215066,0.237396,0.017374,4.884182,18.180348,-1.712701,Drowsy,Drowsy/ZB0698.png
0.300421,0.244155,0.272288,0.0,5.124051,17.226006,-1.959344,Drowsy,Drowsy/ZB0702.png
0.265744,0.193096,0.22942,0.008519,5.551799,17.577135,-1.502788,Drowsy,Drowsy/ZB0707.png
0.209452,0.175202,0.192327,0.018405,17.031475,-3.566561,-7.625666,Drowsy,Drowsy/ZB0711.png
0.284673,0.256001,0.270337,0.0,0.931354,7.494022,-7.28919,Drowsy,Drowsy/ZB0716.png
0.295724,0.240546,0.268135,0.015617,-0.162121,9.813237,-8.028399,Drowsy,Drowsy/ZB0720.png
0.151348,0.116102,0.133725,0.007838,2.821917,10.146069,-7.898308,Drowsy,Drowsy/ZB0725.png
0.261293,0.20901,0.235151,0.015617,1.090556,8.46746,-7.811924,Drowsy,Drowsy/ZB0729.png
0.273158,0.23862,0.255889,0.008444,1.421506,11.730448,-1.960285,Drowsy,Drowsy/ZB0735.png
0.078484,0.035464,0.056974,0.32183,10.255486,8.101514,-5.877057,Drowsy,Drowsy/ZB0739.png
0.234959,0.223169,0.229064,0.007921,1.227991,16.44216,-1.067137,Drowsy,Drowsy/ZB0750.png
0.24049,0.210352,0.225421,0.007521,2.39855,14.205071,-1.798462,Drowsy,Drowsy/ZB0754.png
0.202225,0.16164,0.181933,0.008292,-0.853229,5.528422,-3.393525,Drowsy,Drowsy/ZB0759.png
0.269585,0.267125,0.268355,0.0,-2.549342,6.012917,-2.739177,Drowsy,Drowsy/ZB0763.png
0.093961,0.083452,0.088707,0.008923,-3.771913,5.766798,-1.005428,Drowsy,Drowsy/ZB0767.png
0.226419,0.25067,0.238544,0.0,-1.981279,4.36127,-0.866644,Drowsy,Drowsy/ZB0772.png
0.141666,0.141472,0.141569,0.008187,-3.08487,8.022563,-1.664458,Drowsy,Drowsy/ZB0776.png
0.250043,0.270457,0.26025,0.0,-3.213004,8.349473,-1.512829,Drowsy,Drowsy/ZB0781.png
0.133207,0.097129,0.115168,0.0,-0.692024,8.420372,-2.361189,Drowsy,Drowsy/ZB0785.png
0.263117,0.261018,0.262068,0.0,-1.168972,8.655629,-1.606639,Drowsy,Drowsy/ZB0790.png
0.263382,0.265889,0.264636,0.0,-3.662678,5.354507,-3.160278,Drowsy,Drowsy/ZB0794.png
0.236321,0.245528,0.240924,0.0,-4.459358,2.307982,-2.316415,Drowsy,Drowsy/ZB0801.png
0.265286,0.274881,0.270084,0.0086,-7.541475,5.619924,-1.486826,Drowsy,Drowsy/ZB0805.png
0.255704,0.274881,0.265293,0.0,-7.658506,4.385397,-1.672515,Drowsy,Drowsy/ZB0810.png
0.269286,0.272511,0.270898,0.0,-6.614423,5.057245,-3.469012,Drowsy,Drowsy/ZB0814.png
0.246051,0.277395,0.261723,0.008431,-4.486529,5.931434,-3.770715,Drowsy,Drowsy/ZB0819.png
0.099808,0.063654,0.081731,0.017117,-1.921863,6.837896,-5.102647,Drowsy,Drowsy/ZB0823.png
0.250332,0.245923,0.248128,0.0,0.121984,5.99934,-4.59559,Drowsy,Drowsy/ZB0828.png
0.250332,0.2583,0.254316,0.0,-1.912592,6.662303,-4.459699,Drowsy,Drowsy/ZB0832.png
0.224355,0.223425,0.22389,0.008277,-1.385171,5.724275,-4.494791,Drowsy,Drowsy/ZB0837.png
0.224355,0.232219,0.228287,0.012104,-0.009231,6.197799,-4.754019,Drowsy,Drowsy/ZB0841.png
0.161722,0.157323,0.159522,0.0,-0.388425,6.054118,-4.621594,Drowsy,Drowsy/ZB0845.png
0.080637,0.061898,0.071268,0.017447,0.617498,6.140733,-4.573221,Drowsy,Drowsy/ZB0850.png
0.217666,0.20576,0.211713,0.0,-0.375452,6.037774,-4.951112,Drowsy,Drowsy/ZB0854.png
0.224096,0.207925,0.216011,0.00826,-0.089865,6.800001,-4.95273,Drowsy,Drowsy/ZB0859.png
0.186052,0.200303,0.193177,0.0,3.087951,5.76482,-4.985675,Drowsy,Drowsy/ZB0863.png
0.198638,0.207703,0.203171,0.016831,1.260943,6.024076,-5.047426,Drowsy,Drowsy/ZB0868.png
0.204295,0.216619,0.210457,0.008559,1.168608,6.850948,-5.127926,Drowsy,Drowsy/ZB0872.png
0.178839,0.180892,0.179865,0.017447,2.629763,6.210466,-5.143929,Drowsy,Drowsy/ZB0877.png
0.210283,0.187157,0.19872,0.0,3.338662,5.858407,-5.052792,Drowsy,Drowsy/ZB0881.png
0.093423,0.088774,0.091098,0.0,2.861423,7.020659,-5.514896,Drowsy,Drowsy/ZB0886.png
0.230478,0.236759,0.233619,0.008398,3.54002,5.60167,-5.38254,Drowsy,Drowsy/ZB0890.png
0.127583,0.102719,0.115151,0.00826,3.383984,7.511522,-5.578712,Drowsy,Drowsy/ZB0895.png
0.289897,0.301175,0.295536,0.008305,6.816018,5.277618,-4.368864,Drowsy,Drowsy/ZB0899.png
0.290009,0.272976,0.281492,0.016584,8.574835,4.644139,-4.772439,Drowsy,Drowsy/ZB0904.png
0.013382,0.03352,0.023451,0.029585,10.387008,-11.568838,-9.615602,Drowsy,Drowsy/ZB0908.png
0.337931,0.32196,0.329946,0.0,6.669009,-5.093467,-3.769167,Drowsy,Drowsy/ZB0913.png
0.09859,0.119683,0.109136,0.007036,7.423509,-9.088207,-2.33959,Drowsy,Drowsy/ZB0917.png
0.315485,0.307318,0.311401,0.007234,8.212183,-7.266828,-3.570208,Drowsy,Drowsy/ZB0921.png
0.106551,0.078702,0.092627,0.007809,2.127805,-1.757633,-0.098223,Drowsy,Drowsy/ZB0926.png
0.071671,0.068729,0.0702,0.008333,18.788244,2.52667,0.395948,Drowsy,Drowsy/ZB0930.png
0.047347,0.027434,0.03739,0.008619,17.689999,3.52958,0.229082,Drowsy,Drowsy/ZB0935.png
0.062054,0.036574,0.049314,0.021552,17.357308,3.458748,-1.606315,Drowsy,Drowsy/ZB0939.png
0.052062,0.068059,0.06006,0.008927,18.290835,9.734962,-0.669851,Drowsy,Drowsy/ZB0944.png
0.013435,0.038462,0.025948,0.025862,3.040973,0.574364,-1.523902,Drowsy,Drowsy/ZB0948.png
0.36006,0.341678,0.350869,0.022422,6.074217,-0.454331,-3.04074,Drowsy,Drowsy/ZB0953.png
0.226507,0.251151,0.238829,0.00806,1.103947,2.679468,-1.628562,Drowsy,Drowsy/ZB0957.png
0.221443,0.227934,0.224689,0.017541,-2.862446,6.222008,-0.000752,Drowsy,Drowsy/ZB0962.png
0.258222,0.245864,0.252043,0.0,-3.858131,8.234346,0.295569,Drowsy,Drowsy/ZB0966.png
0.246336,0.232392,0.239364,0.008323,-2.660204,7.208933,-0.705385,Drowsy,Drowsy/ZB0971.png
0.230835,0.243951,0.237393,0.0,-4.491122,8.171558,-2.703972,Drowsy,Drowsy/ZB0975.png
0.211468,0.225899,0.218683,0.0,-3.598664,7.466567,-3.242536,Drowsy,Drowsy/ZB0980.png
0.256722,0.210755,0.233738,0.008355,5.464749,5.393537,-7.086846,Drowsy,Drowsy/ZB0984.png
0.248617,0.251151,0.249884,0.00806,-5.733138,1.031081,0.217698,Drowsy,Drowsy/ZB0989.png
0.256071,0.25,0.253036,0.0,2.325441,3.3961,-2.452375,Drowsy,Drowsy/ZB0993.png
0.268757,0.274721,0.271739,0.008063,2.187723,3.943406,0.292556,Drowsy,Drowsy/ZB0997.png
0.275221,0.274026,0.274623,0.0,-1.204356,4.151864,-1.137736,Drowsy,Drowsy/ZB1002.png
0.270715,0.270457,0.270586,0.0,-2.164703,4.733502,-1.075801,Drowsy,Drowsy/ZB1006.png
0.180941,0.188301,0.184621,0.008315,0.102678,5.049881,-1.867413,Drowsy,Drowsy/ZB1011.png
0.228973,0.238557,0.233765,0.0,0.744097,5.343464,-1.802783,Drowsy,Drowsy/ZB1015.png
0.23986,0.236208,0.238034,0.0,1.117893,5.553452,-2.283906,Drowsy,Drowsy/ZB1020.png
0.242486,0.234656,0.238571,0.0,1.673772,5.691191,-2.421235,Drowsy,Drowsy/ZB1024.png
0.250332,0.234656,0.242494,0.008305,1.280406,5.753738,-2.462199,Drowsy,Drowsy/ZB1029.png
0.162572,0.175098,0.168835,0.016609,1.151264,6.08606,-2.775698,Drowsy,Drowsy/ZB1033.png
0.233197,0.224353,0.228775,0.008157,2.936037,4.597292,-3.207132,Drowsy,Drowsy/ZB1038.png
0.267125,0.260768,0.263947,0.017178,5.177753,5.88908,-2.963585,Drowsy,Drowsy/ZB1042.png
0.276766,0.274031,0.275398,0.008431,1.421824,4.845338,-3.974015,Drowsy,Drowsy/ZB1047.png
0.28317,0.280586,0.281878,0.011759,3.327354,5.328256,-2.096977,Drowsy,Drowsy/ZB1051.png
0.281113,0.274026,0.277569,0.020093,5.056495,4.486121,-1.112545,Drowsy,Drowsy/ZB1056.png
0.262017,0.26088,0.261448,0.0,0.420617,5.08771,-0.349958,Drowsy,Drowsy/ZB1060.png
0.262017,0.261541,0.261779,0.008329,-0.051126,3.891622,-0.4545,Drowsy,Drowsy/ZB1065.png
0.23372,0.239698,0.236709,0.0,3.010604,3.431991,-0.578297,Drowsy,Drowsy/ZB1069.png
0.242486,0.26088,0.251683,0.008187,3.90931,3.519357,-1.290006,Drowsy,Drowsy/ZB1073.png
0.258304,0.222142,0.240223,0.0,4.01443,3.687854,-0.989954,Drowsy,Drowsy/ZB1078.png
0.242284,0.254091,0.248187,0.0,1.619889,4.186995,-1.0413,Drowsy,Drowsy/ZB1082.png
0.247166,0.253428,0.250297,0.020456,2.559608,1.1322,-1.528461,Drowsy,Drowsy/ZB1087.png
0.266799,0.283979,0.275389,0.008687,-5.509344,2.52333,-5.970359,Drowsy,Drowsy/ZB1091.png
0.149358,0.184037,0.166697,0.0,-4.051126,4.785992,-4.784437,Drowsy,Drowsy/ZB1096.png
0.282067,0.283639,0.282853,0.008575,-2.962242,5.79956,-4.910385,Drowsy,Drowsy/ZB1100.png
0.262108,0.278071,0.27009,0.0,-2.77089,7.165836,-4.49251,Drowsy,Drowsy/ZB1105.png
0.224441,0.237553,0.230997,0.0,-3.376504,6.83516,-4.551466,Drowsy,Drowsy/ZB1109.png
0.261293,0.26466,0.262976,0.0,-3.209083,6.58078,-4.871057,Drowsy,Drowsy/ZB1114.png
0.099808,0.085269,0.092539,0.0,-1.480378,7.734115,-5.07908,Drowsy,Drowsy/ZB1118.png
0.198944,0.229715,0.21433,0.016554,-2.396448,7.066662,-4.512445,Drowsy,Drowsy/ZB1123.png
0.268448,0.267037,0.267742,0.008724,-4.330824,7.236407,-3.931893,Drowsy,Drowsy/ZB1127.png
0.1,0.089052,0.094526,0.0,-3.32378,7.430463,-4.058636,Drowsy,Drowsy/ZB1132.png
0.255988,0.259628,0.257808,0.0,-2.232382,7.020355,-4.18517,Drowsy,Drowsy/ZB1136.png
0.123797,0.106686,0.115241,0.012337,-0.533086,5.560054,-4.2541,Drowsy,Drowsy/ZB1141.png
0.237242,0.225945,0.231593,0.052342,1.81645,5.196485,-4.774478,Drowsy,Drowsy/ZB1149.png
0.256401,0.274606,0.265503,0.0,-4.207572,4.222654,-4.144019,Drowsy,Drowsy/ZB1153.png
0.06991,0.090314,0.080112,0.009353,-3.426338,3.251947,-4.698772,Drowsy,Drowsy/ZB1158.png
0.256307,0.249152,0.25273,0.008575,-0.623841,4.703892,-4.845798,Drowsy,Drowsy/ZB1162.png
0.269187,0.291033,0.28011,0.0,-1.934516,4.193032,-4.570107,Drowsy,Drowsy/ZB1167.png
0.250428,0.248116,0.249272,0.0,-0.678458,4.625922,-3.994099,Drowsy,Drowsy/ZB1171.png
0.237333,0.263402,0.250368,0.009018,-12.410163,4.440432,-3.930175,Drowsy,Drowsy/ZB1176.png
0.259535,0.27797,0.268753,0.0,-4.125418,5.177296,-3.345144,Drowsy,Drowsy/ZB1180.png
0.226895,0.2479,0.237397,0.0,-5.561517,4.453822,-4.283515,Drowsy,Drowsy/ZB1185.png
0.10283,0.058661,0.080746,0.0,-0.89675,5.102506,-5.103336,Drowsy,Drowsy/ZB1189.png
0.23947,0.260301,0.249885,0.0,-22.253717,2.982138,0.259415,Drowsy,Drowsy/ZB1194.png
0.114654,0.144346,0.1295,0.018814,-15.121525,8.382918,5.866246,Drowsy,Drowsy/ZB1198.png
0.259239,0.223865,0.241552,0.025858,11.930231,-0.09478,-0.273869,Drowsy,Drowsy/ZB1223.png
0.278733,0.253457,0.266095,0.0,8.62794,1.747919,0.77272,Drowsy,Drowsy/ZB1227.png
0.260964,0.246599,0.253781,0.0,8.144549,0.886712,0.152082,Drowsy,Drowsy/ZB1232.png
0.222453,0.20443,0.213441,0.008196,7.8591,0.918713,1.141513,Drowsy,Drowsy/ZB1236.png
0.216332,0.242117,0.229225,0.0208,-8.151099,3.574046,0.355439,Drowsy,Drowsy/ZB1240.png
0.189048,0.217044,0.203046,0.020784,-10.410498,-0.772317,5.47586,Drowsy,Drowsy/ZB1245.png
0.237743,0.225695,0.231719,0.008923,-9.977373,5.7653,4.411156,Drowsy,Drowsy/ZB1249.png
0.289623,0.278543,0.284083,0.009089,-9.667218,5.418497,4.230695,Drowsy,Drowsy/ZB1254.png
0.311373,0.316227,0.3138,0.022761,0.915345,-15.294282,0.57506,Drowsy,Drowsy/ZB1258.png
0.290071,0.26987,0.27997,0.026314,2.708249,-15.583129,0.479343,Drowsy,Drowsy/ZB1263.png
0.162746,0.180916,0.171831,0.022725,-1.596136,-12.590444,-0.0145,Drowsy,Drowsy/ZB1271.png
0.226059,0.239417,0.232738,0.0,-2.763735,2.325781,-1.061975,Drowsy,Drowsy/ZB1276.png
0.249104,0.23568,0.242392,0.02459,7.497835,3.617535,0.257092,Drowsy,Drowsy/ZB1280.png
0.275221,0.29356,0.28439,0.01752,-5.788994,4.888589,-1.411557,Drowsy,Drowsy/ZB1285.png
0.24258,0.264511,0.253545,0.008589,-5.071761,3.98316,-2.250977,Drowsy,Drowsy/ZB1289.png
0.265624,0.278547,0.272086,0.016927,-1.943581,5.13805,-1.781905,Drowsy,Drowsy/ZB1294.png
0.253271,0.257838,0.255554,0.0,-2.100665,5.178452,-2.461725,Drowsy,Drowsy/ZB1298.png
0.226895,0.252266,0.23958,0.012175,-1.407789,5.010435,-2.249554,Drowsy,Drowsy/ZB1303.png
0.185936,0.213292,0.199614,0.017501,-2.115302,4.867643,-2.10743,Drowsy,Drowsy/ZB1307.png
0.201222,0.200988,0.201105,0.029363,-1.605263,5.051746,-2.144822,Drowsy,Drowsy/ZB1312.png
0.19676,0.214898,0.205829,0.008589,-1.369188,4.132227,-2.690626,Drowsy,Drowsy/ZB1316.png
0.168567,0.204268,0.186417,0.017477,-2.576175,4.857272,-2.599095,Drowsy,Drowsy/ZB1320.png
0.229061,0.200724,0.214893,0.0,-1.461447,5.206111,-2.824556,Drowsy,Drowsy/ZB1325.png
0.108999,0.118966,0.113982,0.017178,-2.126869,6.026637,-2.710427,Drowsy,Drowsy/ZB1329.png
0.214028,0.226764,0.220396,0.0,-0.308447,3.929514,-2.572824,Drowsy,Drowsy/ZB1334.png
0.256098,0.265086,0.260592,0.0,-1.686029,4.263884,-2.536206,Drowsy,Drowsy/ZB1338.png
0.275623,0.294674,0.285148,0.027406,3.69359,1.394766,-4.108764,Drowsy,Drowsy/ZB1343.png
0.250332,0.249147,0.249739,0.0,2.217536,3.426737,-3.042402,Drowsy,Drowsy/ZB1347.png
0.398426,0.370248,0.384337,0.007936,9.452657,-2.387213,0.758721,Drowsy,Drowsy/ZB1376.png
0.322942,0.337801,0.330371,0.0,10.600927,-5.677343,0.609807,Drowsy,Drowsy/ZB1380.png
0.301238,0.303356,0.302297,0.007575,12.699984,-5.623483,-1.20492,Drowsy,Drowsy/ZB1385.png
0.326707,0.302288,0.314498,0.018271,12.826946,-4.721211,-2.305527,Drowsy,Drowsy/ZB1389.png
0.331946,0.296185,0.314065,0.016385,15.181534,-4.910904,-2.835221,Drowsy,Drowsy/ZB1394.png
0.331946,0.298928,0.315437,0.519522,15.071527,-5.198879,-4.121236,Drowsy,Drowsy/ZB1398.png
0.207918,0.207614,0.207766,0.007789,4.094722,-0.38959,-3.072004,Drowsy,Drowsy/ZB1405.png
0.205017,0.209861,0.207439,0.0,1.83391,1.526892,-1.167148,Drowsy,Drowsy/ZB1409.png
0.25862,0.262453,0.260536,0.008464,-1.015198,3.363979,-0.822498,Drowsy,Drowsy/ZB1414.png
0.25242,0.265994,0.259207,0.0,-1.976686,4.99366,-1.38223,Drowsy,Drowsy/ZB1418.png
0.252917,0.25778,0.255348,0.01691,0.490486,3.100673,-1.237524,Drowsy,Drowsy/ZB1422.png
0.275522,0.274721,0.275122,0.008187,3.321262,3.366245,-1.107746,Drowsy,Drowsy/ZB1427.png
0.248814,0.258674,0.253744,0.0,2.8206,3.520924,-1.286634,Drowsy,Drowsy/ZB1431.png
0.271046,0.252266,0.261656,0.01691,5.150159,4.434066,-1.739628,Drowsy,Drowsy/ZB1436.png
0.098129,0.083103,0.090616,0.0,4.858059,2.850245,-2.979324,Drowsy,Drowsy/ZB1440.png
0.259711,0.265994,0.262852,0.008455,3.675678,3.21708,-1.989164,Drowsy,Drowsy/ZB1445.png
0.252697,0.261541,0.257119,0.008187,0.243943,4.234193,-1.103457,Drowsy,Drowsy/ZB1449.png
0.265577,0.256684,0.26113,0.008179,2.319957,2.938756,-2.095391,Drowsy,Drowsy/ZB1454.png
0.256,0.245528,0.250764,0.008315,5.131935,2.952829,-2.040514,Drowsy,Drowsy/ZB1458.png
0.221714,0.2089,0.215307,0.020386,6.285656,1.476854,-3.347201,Drowsy,Drowsy/ZB1463.png
0.236968,0.214259,0.225613,0.01652,2.865277,3.261397,-5.869507,Drowsy,Drowsy/ZB1467.png
0.099542,0.087304,0.093423,0.008707,1.509644,4.713953,-5.439175,Drowsy,Drowsy/ZB1472.png
0.219695,0.220181,0.219938,0.008575,-3.138361,4.109485,-4.428192,Drowsy,Drowsy/ZB1476.png
0.305052,0.274002,0.289527,0.00806,12.660251,2.22191,-2.243052,Drowsy,Drowsy/ZB1481.png
0.221714,0.220658,0.221186,0.016358,11.002782,1.08133,-2.876468,Drowsy,Drowsy/ZB1485.png
0.283279,0.282503,0.282891,0.0,4.992364,2.374449,-3.39418,Drowsy,Drowsy/ZB1490.png
0.194273,0.163861,0.179067,0.0,6.0439,2.425811,-3.318544,Drowsy,Drowsy/ZB1494.png
0.278795,0.25657,0.267682,0.008169,5.987267,2.451673,-3.001435,Drowsy,Drowsy/ZB1498.png
0.256,0.25485,0.255425,0.016609,6.235595,2.640384,-3.47395,Drowsy,Drowsy/ZB1503.png
0.295055,0.282632,0.288843,0.0,7.017726,2.57828,-3.16859,Drowsy,Drowsy/ZB1507.png
0.253721,0.251943,0.252832,0.008455,7.457269,2.305774,-2.693837,Drowsy,Drowsy/ZB1512.png
0.249511,0.245528,0.247519,0.008455,6.202134,3.218576,-2.649828,Drowsy,Drowsy/ZB1516.png
0.232978,0.225724,0.229351,0.01663,5.687751,3.166688,-2.414065,Drowsy,Drowsy/ZB1521.png
0.278795,0.290852,0.284823,0.0,-2.023788,3.767069,-2.93058,Drowsy,Drowsy/ZB1525.png
0.25617,0.2756,0.265885,0.0,-2.772235,3.442283,-2.606067,Drowsy,Drowsy/ZB1530.png
0.118966,0.07925,0.099108,0.0,-3.499039,5.165906,-3.426195,Drowsy,Drowsy/ZB1534.png
0.228973,0.245528,0.23725,0.008323,6.664926,4.504303,-2.337527,Drowsy,Drowsy/ZB1539.png
0.246868,0.264511,0.255689,0.0,-6.050257,2.52636,-2.357548,Drowsy,Drowsy/ZB1543.png
0.235938,0.249136,0.242537,0.027892,-1.861734,-3.379901,-2.892562,Drowsy,Drowsy/ZB1548.png
0.098129,0.085554,0.091842,0.016584,-1.83233,-0.164867,-3.120264,Drowsy,Drowsy/ZB1552.png
0.226812,0.222582,0.224697,0.008305,-3.067726,2.286411,-2.847062,Drowsy,Drowsy/ZB1557.png
0.246292,0.242956,0.244624,0.0,-3.683052,2.915972,-2.778034,Drowsy,Drowsy/ZB1561.png
0.239762,0.238902,0.239332,0.008575,-3.663914,3.673701,-2.802841,Drowsy,Drowsy/ZB1566.png
0.213761,0.19574,0.204751,0.008292,-1.974257,3.666981,-3.173917,Drowsy,Drowsy/ZB1570.png
0.194273,0.207168,0.20072,0.008893,-1.283812,2.99989,-3.102978,Drowsy,Drowsy/ZB1574.png
0.246292,0.221822,0.234057,0.008292,-1.707697,3.476198,-3.195331,Drowsy,Drowsy/ZB1579.png
0.237333,0.22037,0.228852,0.0,-1.467064,3.235701,-3.32551,Drowsy,Drowsy/ZB1583.png
0.215643,0.242956,0.2293,0.0,-1.637037,2.276767,-3.631623,Drowsy,Drowsy/ZB1588.png
0.209739,0.216637,0.213188,0.008038,0.595395,-0.219087,-3.644579,Drowsy,Drowsy/ZB1592.png
0.21556,0.229979,0.22277,0.0,0.274041,2.075757,-3.493451,Drowsy,Drowsy/ZB1597.png
0.057036,0.054237,0.055637,0.008157,2.353078,0.567232,-4.068852,Drowsy,Drowsy/ZB1601.png
0.115772,0.071006,0.093389,0.008431,2.080126,3.218256,-3.467548,Drowsy,Drowsy/ZB1606.png
0.216792,0.209459,0.213126,0.0,1.672157,1.49382,-2.912377,Drowsy,Drowsy/ZB1610.png
0.141215,0.105686,0.12345,0.0,3.344087,0.9901,-2.765484,Drowsy,Drowsy/ZB1615.png
0.098129,0.078978,0.088553,0.008323,4.574267,1.281298,-2.502752,Drowsy,Drowsy/ZB1619.png
0.182061,0.149358,0.165709,0.016939,-1.353178,1.780416,4.093604,Drowsy,Drowsy/ZB1624.png
0.209861,0.222871,0.216366,0.008333,0.358046,1.085714,1.991622,Drowsy,Drowsy/ZB1628.png
0.215643,0.223607,0.219625,0.0,1.749809,0.764644,-1.466628,Drowsy,Drowsy/ZB1633.png
0.221805,0.214792,0.218298,0.008455,-0.839516,3.005462,-2.014704,Drowsy,Drowsy/ZB1637.png
0.228973,0.225724,0.227349,0.008323,-0.320058,3.172742,-0.984229,Drowsy,Drowsy/ZB1642.png
0.228973,0.261712,0.245343,0.0,-2.030186,3.643294,-1.913179,Drowsy,Drowsy/ZB1646.png
0.265577,0.277456,0.271516,0.017201,-2.206338,4.356122,-2.094451,Drowsy,Drowsy/ZB1650.png
0.297482,0.313561,0.305521,0.0,-13.946648,9.326359,0.689259,Drowsy,Drowsy/ZB1655.png
0.370928,0.34693,0.358929,0.009427,-1.131172,-3.067351,-1.989084,Drowsy,Drowsy/ZC0004.png
0.359159,0.348503,0.353831,0.008916,-6.2512,-2.622029,-1.191294,Drowsy,Drowsy/ZC0009.png
0.343661,0.348503,0.346082,0.008923,-4.796248,-2.503212,-0.719772,Drowsy,Drowsy/ZC0013.png
0.306619,0.277844,0.292231,0.009432,-6.852005,-4.403891,0.585764,Drowsy,Drowsy/ZC0018.png
0.337935,0.321598,0.329767,0.0,-8.12618,-3.187542,0.931735,Drowsy,Drowsy/ZC0022.png
0.341799,0.32862,0.33521,0.017854,-8.756972,-3.387566,1.657213,Drowsy,Drowsy/ZC0027.png
0.342502,0.351392,0.346947,0.017857,-10.170505,-3.652001,1.753164,Drowsy,Drowsy/ZC0031.png
0.336723,0.327763,0.332243,0.0,-6.368351,-3.880784,0.840689,Drowsy,Drowsy/ZC0036.png
0.346635,0.345726,0.346181,0.008929,-7.327545,-3.703953,1.179962,Drowsy,Drowsy/ZC0040.png
0.337935,0.316886,0.327411,0.0,-8.542161,-3.331397,1.444405,Drowsy,Drowsy/ZC0045.png
0.326294,0.317716,0.322005,0.008929,-8.481471,-3.198109,1.224663,Drowsy,Drowsy/ZC0049.png
0.336723,0.32862,0.332672,0.0,-7.012516,-3.573465,1.290073,Drowsy,Drowsy/ZC0054.png
0.337448,0.32862,0.333034,0.0,-8.100333,-3.220056,1.324198,Drowsy,Drowsy/ZC0058.png
0.328193,0.317413,0.322803,0.009259,-6.410796,-3.998579,0.862682,Drowsy,Drowsy/ZC0063.png
0.348366,0.350809,0.349587,0.008771,-6.434305,-3.212792,0.567529,Drowsy,Drowsy/ZC0067.png
0.311136,0.32862,0.319878,0.0,-8.261894,-3.770544,1.126977,Drowsy,Drowsy/ZC0071.png
0.132353,0.096239,0.114296,0.0,-4.332446,-3.160103,-0.276132,Drowsy,Drowsy/ZC0076.png
0.343025,0.316886,0.329956,0.0,-6.582986,-3.988789,0.904331,Drowsy,Drowsy/ZC0080.png
0.360994,0.354645,0.35782,0.008475,-5.742421,-3.557607,0.839661,Drowsy,Drowsy/ZC0085.png
0.360994,0.350809,0.355901,0.008621,-5.142563,-4.028097,0.643639,Drowsy,Drowsy/ZC0089.png
0.332649,0.317716,0.325182,0.009091,-7.809435,-2.961542,1.001024,Drowsy,Drowsy/ZC0094.png
0.341096,0.36178,0.351438,0.0,-7.196637,-3.142406,1.068565,Drowsy,Drowsy/ZC0098.png
0.347261,0.351392,0.349326,0.0,-8.015196,-3.680736,1.262974,Drowsy,Drowsy/ZC0103.png
0.326294,0.317716,0.322005,0.021555,-6.920903,-3.370495,1.068399,Drowsy,Drowsy/ZC0107.png
0.033531,0.0147,0.024115,0.017857,-6.381728,-1.454856,0.111143,Drowsy,Drowsy/ZC0112.png
0.362245,0.338664,0.350454,0.0,-6.170115,-3.189984,0.480373,Drowsy,Drowsy/ZC0116.png
0.374657,0.337935,0.356296,0.008929,-6.401832,-3.344382,0.431451,Drowsy,Drowsy/ZC0121.png
0.347738,0.33881,0.343274,0.008621,-6.245022,-3.592465,0.673394,Drowsy,Drowsy/ZC0125.png
0.342955,0.33954,0.341247,0.025862,-5.93638,-2.061705,0.671633,Drowsy,Drowsy/ZC0130.png
0.327398,0.317716,0.322557,0.009091,-8.317799,-2.926842,0.87026,Drowsy,Drowsy/ZC0134.png
0.342955,0.301178,0.322066,0.0,-5.940914,-2.671866,0.494588,Drowsy,Drowsy/ZC0139.png
0.330911,0.354645,0.342778,0.0,-5.138225,-2.675636,0.208743,Drowsy,Drowsy/ZC0143.png
0.373394,0.350809,0.362101,0.0,-7.566943,-3.627474,1.044788,Drowsy,Drowsy/ZC0147.png
0.327398,0.317413,0.322406,0.0,-6.576777,-2.829085,0.271283,Drowsy,Drowsy/ZC0152.png
0.351131,0.338664,0.344897,0.017239,-7.926595,-2.780743,0.519289,Drowsy,Drowsy/ZC0156.png
0.341799,0.33427,0.338035,0.018179,-7.271127,-2.190245,0.370021,Drowsy,Drowsy/ZC0161.png
0.331964,0.33954,0.335752,0.0,-4.06188,-3.51067,0.032147,Drowsy,Drowsy/ZC0165.png
0.343025,0.315965,0.329495,0.008927,-7.541469,-2.695311,0.706191,Drowsy,Drowsy/ZC0170.png
0.1,0.067729,0.083864,0.008927,-4.633375,-1.080105,-0.7793,Drowsy,Drowsy/ZC0174.png
0.341799,0.348263,0.345031,0.0,-5.82462,-2.292153,0.308149,Drowsy,Drowsy/ZC0179.png
0.341799,0.333333,0.337566,0.012856,-8.59095,-2.86961,0.637695,Drowsy,Drowsy/ZC0183.png
0.330911,0.333333,0.332122,0.008772,-5.815048,-2.612408,0.17703,Drowsy,Drowsy/ZC0188.png
0.342249,0.317716,0.329983,0.008771,-5.754884,-3.031939,0.547241,Drowsy,Drowsy/ZC0192.png
0.342249,0.333333,0.337791,0.0,-4.579466,-2.365811,-0.059675,Drowsy,Drowsy/ZC0197.png
0.346635,0.338664,0.342649,0.016947,-4.395699,-2.951486,-0.281033,Drowsy,Drowsy/ZC0201.png
0.332276,0.341925,0.3371,0.0,-7.090299,-2.693772,0.649101,Drowsy,Drowsy/ZC0206.png
0.342502,0.333516,0.338009,0.017541,-7.845376,-3.664494,0.479052,Drowsy,Drowsy/ZC0210.png
0.344552,0.333424,0.338988,0.008927,-9.188885,-2.678808,1.005621,Drowsy,Drowsy/ZC0215.png
0.333333,0.351392,0.342363,0.0,-6.765088,-3.979989,1.067273,Drowsy,Drowsy/ZC0219.png
0.343025,0.332506,0.337766,0.0,-6.083408,-2.775499,0.286674,Drowsy,Drowsy/ZC0223.png
0.31587,0.317716,0.316793,0.0,-8.66182,-3.220025,0.973221,Drowsy,Drowsy/ZC0228.png
0.353917,0.344708,0.349312,0.027773,-7.446139,-2.421101,0.506419,Drowsy,Drowsy/ZC0232.png
0.342502,0.334254,0.338378,0.0,-9.341225,-2.290206,0.87456,Drowsy,Drowsy/ZC0237.png
0.345953,0.33881,0.342381,0.0,-5.947673,-3.055118,0.764002,Drowsy,Drowsy/ZC0241.png
0.358453,0.349842,0.354148,0.017854,-5.234533,-2.440552,0.399333,Drowsy,Drowsy/ZC0246.png
0.085714,0.09375,0.089732,0.020809,-5.763057,-2.809729,-0.288505,Drowsy,Drowsy/ZC0250.png
0.355709,0.333333,0.344521,0.008929,-7.035219,-2.720956,0.999015,Drowsy,Drowsy/ZC0255.png
0.345953,0.355563,0.350758,0.020456,-7.961003,-3.154812,1.037497,Drowsy,Drowsy/ZC0259.png
0.357948,0.323517,0.340732,0.008619,-4.89345,-2.287077,0.536122,Drowsy,Drowsy/ZC0264.png
0.341799,0.333333,0.337566,0.008772,-8.338294,-2.521848,0.855015,Drowsy,Drowsy/ZC0268.png
0.297075,0.268593,0.282834,0.017241,-4.404114,-3.40499,0.331577,Drowsy,Drowsy/ZC0273.png
0.357245,0.34909,0.353167,0.008927,-4.940933,-3.092224,0.04477,Drowsy,Drowsy/ZC0277.png
0.331594,0.33954,0.335567,0.0,-5.681823,-3.296158,0.827092,Drowsy,Drowsy/ZC0282.png
0.332649,0.350809,0.341729,0.008927,-7.071096,-2.86941,0.383717,Drowsy,Drowsy/ZC0286.png
0.332287,0.323533,0.32791,0.008621,-7.102135,-3.012324,0.660215,Drowsy,Drowsy/ZC0291.png
0.227279,0.179977,0.203628,0.0,-3.628363,-3.280017,0.409117,Drowsy,Drowsy/ZC0295.png
0.36162,0.367363,0.364491,0.0,-7.244443,-3.041033,0.556782,Drowsy,Drowsy/ZC0299.png
0.341096,0.349842,0.345469,0.0,-7.37014,-3.032968,0.720743,Drowsy,Drowsy/ZC0304.png
0.363398,0.355563,0.359481,0.0,-5.502602,-3.08607,0.411543,Drowsy,Drowsy/ZC0308.png
0.351747,0.371598,0.361672,0.020456,-7.043747,-2.826306,0.556339,Drowsy,Drowsy/ZC0313.png
0.341096,0.349842,0.345469,0.017541,-6.307458,-2.825654,-0.006431,Drowsy,Drowsy/ZC0317.png
0.342955,0.317716,0.330335,0.0,-7.455388,-3.545967,0.478205,Drowsy,Drowsy/ZC0322.png
0.358453,0.349842,0.354148,0.008771,-6.207633,-2.102023,0.080569,Drowsy,Drowsy/ZC0326.png
0.359383,0.332506,0.345944,0.0,-5.915591,-2.800413,-0.494687,Drowsy,Drowsy/ZC0331.png
0.366834,0.354645,0.360739,0.0,-6.813948,-2.510216,-0.134707,Drowsy,Drowsy/ZC0335.png
0.333333,0.321081,0.327207,0.008771,-5.399584,-2.272504,-0.581928,Drowsy,Drowsy/ZC0340.png
0.347681,0.337935,0.342808,0.008771,-3.556814,-2.860053,-0.556715,Drowsy,Drowsy/ZC0344.png
0.362771,0.328174,0.345472,0.00847,-5.470766,-3.192551,-0.325887,Drowsy,Drowsy/ZC0349.png
0.347681,0.338664,0.343172,0.017239,-4.715619,-4.136376,-0.361117,Drowsy,Drowsy/ZC0353.png
0.347054,0.354645,0.350849,0.0,-6.367083,-3.451087,0.079291,Drowsy,Drowsy/ZC0358.png
0.328174,0.349842,0.339008,0.0,-3.759219,-2.979006,-0.561192,Drowsy,Drowsy/ZC0362.png
0.203026,0.164399,0.183712,0.008927,-3.919625,-3.125809,-0.766399,Drowsy,Drowsy/ZC0367.png
0.311891,0.29348,0.302686,0.008771,-6.278466,-3.690302,-0.225463,Drowsy,Drowsy/ZC0371.png
0.347261,0.349842,0.348552,0.0,-5.219865,-3.083764,-0.296449,Drowsy,Drowsy/ZC0375.png
0.352185,0.338664,0.345424,0.020448,-4.639716,-2.946749,-0.7752,Drowsy,Drowsy/ZC0380.png
0.348476,0.354645,0.35156,0.00847,-4.890354,-3.40013,-0.221648,Drowsy,Drowsy/ZC0384.png
0.075723,0.096286,0.086004,0.013092,-4.337439,-2.673749,-0.854228,Drowsy,Drowsy/ZC0389.png
0.359324,0.333424,0.346374,0.0,-8.854943,-3.307359,0.065181,Drowsy,Drowsy/ZC0393.png
0.312669,0.268147,0.290408,0.0,-3.757162,-3.761939,-0.516194,Drowsy,Drowsy/ZC0398.png
0.342249,0.332595,0.337422,0.0,-5.755412,-2.815254,-0.469097,Drowsy,Drowsy/ZC0402.png
0.343661,0.317716,0.330688,0.008923,-5.624546,-3.385467,-0.111277,Drowsy,Drowsy/ZC0407.png
0.347738,0.350809,0.349273,0.0,-6.500704,-2.417674,0.022329,Drowsy,Drowsy/ZC0411.png
0.342249,0.332598,0.337423,0.0,-6.704422,-3.116267,0.115573,Drowsy,Drowsy/ZC0416.png
0.321911,0.327763,0.324837,0.018519,-7.028522,-3.369686,0.530973,Drowsy,Drowsy/ZC0420.png
0.265495,0.220863,0.243179,0.01817,-3.142409,-3.202866,-0.622925,Drowsy,Drowsy/ZC0425.png
0.369971,0.34401,0.356991,0.009258,-6.204791,-3.212475,0.07967,Drowsy,Drowsy/ZC0429.png
0.359324,0.34909,0.354207,0.008619,-5.742944,-3.837909,-0.405059,Drowsy,Drowsy/ZC0434.png
0.152945,0.128847,0.140896,0.0,-3.379806,-3.359567,-0.969044,Drowsy,Drowsy/ZC0438.png
0.337935,0.316014,0.326975,0.0,-5.766258,-3.768377,-0.371228,Drowsy,Drowsy/ZC0443.png
0.075883,0.066189,0.071036,0.0,-2.512563,-2.872517,-1.51514,Drowsy,Drowsy/ZC0447.png
0.090909,0.09934,0.095124,0.009258,-5.102252,-3.820261,-0.576352,Drowsy,Drowsy/ZC0451.png
0.337935,0.33427,0.336103,0.008927,-4.453811,-4.243619,-0.327592,Drowsy,Drowsy/ZC0456.png
0.104706,0.093704,0.099205,0.009253,-4.593907,-3.179387,-1.460574,Drowsy,Drowsy/ZC0460.png
0.354657,0.349842,0.35225,0.008923,-5.54466,-3.686122,-0.426548,Drowsy,Drowsy/ZC0465.png
0.342896,0.332506,0.337701,0.0,-7.078721,-3.897357,-0.071943,Drowsy,Drowsy/ZC0469.png
0.323217,0.310562,0.31689,0.009085,-4.132289,-3.852832,-0.882945,Drowsy,Drowsy/ZC0474.png
0.126862,0.132934,0.129898,0.009253,-2.322504,-3.283604,-1.5021,Drowsy,Drowsy/ZC0478.png
0.33881,0.315922,0.327366,0.0,-3.536497,-3.777964,-0.912608,Drowsy,Drowsy/ZC0483.png
0.327486,0.342997,0.335242,0.0,-4.48337,-3.837858,-0.902542,Drowsy,Drowsy/ZC0487.png
0.33954,0.344868,0.342204,0.009253,-6.40294,-4.075405,-0.52839,Drowsy,Drowsy/ZC0492.png
0.33954,0.327668,0.333604,0.009258,-6.41467,-3.625372,-0.393681,Drowsy,Drowsy/ZC0496.png
0.353989,0.361991,0.35799,0.0,-5.393284,-4.402701,-0.320834,Drowsy,Drowsy/ZC0501.png
0.344495,0.344963,0.344729,0.021944,-7.094855,-3.008285,-0.206973,Drowsy,Drowsy/ZC0505.png
0.338737,0.310562,0.32465,0.0,-5.845229,-3.503613,-0.324342,Drowsy,Drowsy/ZC0510.png
0.344495,0.344868,0.344682,0.018515,-4.599659,-3.201959,-0.694701,Drowsy,Drowsy/ZC0514.png
0.090583,0.096286,0.093434,0.009258,-3.186044,-2.9374,-1.187889,Drowsy,Drowsy/ZC0518.png
0.328971,0.317716,0.323343,0.0,-6.828776,-3.62099,-0.153522,Drowsy,Drowsy/ZC0523.png
0.354833,0.327668,0.34125,0.009614,-4.531206,-3.275888,-0.718759,Drowsy,Drowsy/ZC0527.png
0.344495,0.349842,0.347169,0.0,-6.166447,-3.196622,-0.510918,Drowsy,Drowsy/ZC0532.png
0.355563,0.343947,0.349755,0.018506,-3.692678,-3.178557,-0.765512,Drowsy,Drowsy/ZC0536.png
0.344495,0.361991,0.353243,0.018179,-7.707428,-3.438736,0.09003,Drowsy,Drowsy/ZC0541.png
0.328193,0.310562,0.319378,0.008923,-6.179441,-3.468079,-0.497266,Drowsy,Drowsy/ZC0545.png
0.331766,0.344868,0.338317,0.0,-5.214206,-3.879497,-0.898962,Drowsy,Drowsy/ZC0550.png
0.33954,0.316886,0.328213,0.018155,-5.759154,-3.86939,-0.782831,Drowsy,Drowsy/ZC0554.png
0.354833,0.32681,0.340821,0.0,-5.908769,-4.053001,-0.505087,Drowsy,Drowsy/ZC0559.png
0.337935,0.327763,0.332849,0.009085,-6.501718,-3.20003,-0.231432,Drowsy,Drowsy/ZC0563.png
0.287532,0.300257,0.293894,0.008616,-5.628858,-3.60395,-0.463432,Drowsy,Drowsy/ZC0568.png
0.338928,0.353917,0.346423,0.008616,-5.567056,-2.982775,-0.821165,Drowsy,Drowsy/ZC0572.png
0.360031,0.342997,0.351514,0.008923,-4.345731,-3.208705,-1.507953,Drowsy,Drowsy/ZC0577.png
0.328971,0.342997,0.335984,0.008916,-5.613735,-2.972877,-1.295356,Drowsy,Drowsy/ZC0581.png
0.328193,0.300371,0.314282,0.00876,-5.234647,-3.663006,-1.340702,Drowsy,Drowsy/ZC0586.png
0.328174,0.315095,0.321635,0.0,-3.531663,-3.696167,-1.713752,Drowsy,Drowsy/ZC0590.png
0.106012,0.096239,0.101125,0.0,-3.260772,-2.800874,-2.203047,Drowsy,Drowsy/ZC0594.png
0.318312,0.333333,0.325823,0.008455,-3.890611,-3.383259,-1.528331,Drowsy,Drowsy/ZC0599.png
0.328193,0.316014,0.322104,0.012388,-6.020166,-3.205538,-1.405637,Drowsy,Drowsy/ZC0603.png
0.328174,0.330409,0.329292,0.008616,-4.156308,-3.888428,-1.539767,Drowsy,Drowsy/ZC0608.png
0.328971,0.273918,0.301445,0.008616,-4.155086,-3.745034,-1.498386,Drowsy,Drowsy/ZC0612.png
0.347847,0.316841,0.332344,0.0,-4.557051,-3.477949,-1.542915,Drowsy,Drowsy/ZC0617.png
0.297595,0.266522,0.282058,0.008916,-4.907431,-2.657988,-1.868411,Drowsy,Drowsy/ZC0621.png
0.328673,0.310562,0.319618,0.0,-3.521106,-3.141698,-2.083107,Drowsy,Drowsy/ZC0626.png
0.313905,0.305027,0.309466,0.0,-3.550286,-2.913019,-1.933975,Drowsy,Drowsy/ZC0630.png
0.267333,0.250482,0.258907,0.017533,-4.542695,-3.679629,-1.783925,Drowsy,Drowsy/ZC0635.png
0.355563,0.327668,0.341615,0.0,-7.574576,-3.09845,-0.952257,Drowsy,Drowsy/ZC0639.png
0.328193,0.347754,0.337974,0.008916,-4.63037,-3.0111,-2.335214,Drowsy,Drowsy/ZC0644.png
0.340246,0.32686,0.333553,0.008893,0.484573,-3.179769,-4.860293,Drowsy,Drowsy/ZC0648.png
0.371506,0.342445,0.356976,0.008916,-0.358039,-3.587905,-2.603172,Drowsy,Drowsy/ZC0653.png
0.324303,0.353989,0.339146,0.00847,-8.513855,-3.437498,-0.603923,Drowsy,Drowsy/ZC0657.png
0.331964,0.30751,0.319737,0.0,-8.43726,-3.002335,0.739699,Drowsy,Drowsy/ZC0662.png
0.342896,0.343853,0.343374,0.0,-8.102594,-4.19227,0.866866,Drowsy,Drowsy/ZC0666.png
0.342249,0.33481,0.33853,0.012405,-8.948172,-3.897974,1.221702,Drowsy,Drowsy/ZC0670.png
0.321313,0.324021,0.322667,0.0,-9.277702,-4.195701,1.875743,Drowsy,Drowsy/ZC0675.png
0.075916,0.066156,0.071036,0.008767,-6.041409,-2.97641,-0.382096,Drowsy,Drowsy/ZC0679.png
0.069444,0.093008,0.081226,0.008771,-5.042455,-1.877346,-0.542953,Drowsy,Drowsy/ZC0684.png
0.3382,0.340069,0.339134,0.008196,-8.156951,-3.815463,1.044049,Drowsy,Drowsy/ZC0688.png
0.337591,0.33954,0.338565,0.016664,-9.453788,-4.400417,0.9837,Drowsy,Drowsy/ZC0693.png
0.347681,0.33954,0.343611,0.0,-6.989638,-3.726848,0.511161,Drowsy,Drowsy/ZC0697.png
0.346635,0.366351,0.356493,0.0,-8.115346,-3.751506,0.548522,Drowsy,Drowsy/ZC0702.png
0.333333,0.339338,0.336335,0.008621,-8.801292,-3.669437,0.991609,Drowsy,Drowsy/ZC0706.png
0.327468,0.33881,0.333139,0.0,-7.417983,-3.384287,0.51293,Drowsy,Drowsy/ZC0711.png
0.322942,0.323217,0.323079,0.008333,-7.145542,-3.99678,0.837604,Drowsy,Drowsy/ZC0715.png
0.347054,0.340069,0.343561,0.016667,-7.865426,-4.154808,0.853188,Drowsy,Drowsy/ZC0720.png
0.071429,0.060606,0.066017,0.008927,-5.895771,-2.575441,-0.483511,Drowsy,Drowsy/ZC0724.png
0.101759,0.090622,0.09619,0.0,-4.898825,-2.349501,-0.564805,Drowsy,Drowsy/ZC0729.png
0.333333,0.317716,0.325525,0.008771,-8.140397,-3.97715,0.141439,Drowsy,Drowsy/ZC0733.png
0.331964,0.355563,0.343764,0.008475,-7.671517,-4.266175,0.504412,Drowsy,Drowsy/ZC0738.png
0.319039,0.305816,0.312428,0.008772,-5.538443,-3.270252,-0.074291,Drowsy,Drowsy/ZC0742.png
0.334095,0.321911,0.328003,0.0,-6.20594,-3.609506,-0.216262,Drowsy,Drowsy/ZC0746.png
0.334095,0.317716,0.325905,0.0,-6.896715,-3.736603,-0.275279,Drowsy,Drowsy/ZC0751.png
0.33881,0.327763,0.333286,0.0,-5.941373,-4.453439,-0.638437,Drowsy,Drowsy/ZC0755.png
0.343788,0.342997,0.343393,0.0,-7.971796,-3.370154,-0.351523,Drowsy,Drowsy/ZC0760.png
0.328193,0.343853,0.336023,0.018179,-7.346935,-4.096033,-0.521792,Drowsy,Drowsy/ZC0764.png
0.328971,0.316886,0.322929,0.012398,-5.369482,-4.362415,-0.652557,Drowsy,Drowsy/ZC0769.png
0.302475,0.305027,0.303751,0.008767,-4.083247,-3.42336,-1.303814,Drowsy,Drowsy/ZC0773.png
0.317628,0.333333,0.325481,0.0,-6.726449,-2.99658,-0.515581,Drowsy,Drowsy/ZC0778.png
0.349162,0.381431,0.365296,0.0,-6.292217,-3.572348,-0.926284,Drowsy,Drowsy/ZC0782.png
0.327398,0.309765,0.318582,0.0,-6.482186,-3.881061,-0.432159,Drowsy,Drowsy/ZC0787.png
0.359159,0.349842,0.354501,0.017846,-6.149279,-3.347693,-0.748925,Drowsy,Drowsy/ZC0791.png
0.33954,0.332506,0.336023,0.009085,-3.590667,-3.608111,-1.314436,Drowsy,Drowsy/ZC0796.png
0.33881,0.343775,0.341292,0.008923,-6.09724,-3.912844,-1.058378,Drowsy,Drowsy/ZC0800.png
0.088083,0.090867,0.089475,0.01817,-3.60366,-2.674482,-2.059155,Drowsy,Drowsy/ZC0805.png
0.33881,0.343853,0.341331,0.0,-5.449589,-3.197424,-1.295537,Drowsy,Drowsy/ZC0809.png
0.328971,0.332598,0.330784,0.0,-6.625521,-3.945404,-1.178826,Drowsy,Drowsy/ZC0814.png
0.343788,0.331679,0.337734,0.008767,-6.287688,-3.504356,-0.936488,Drowsy,Drowsy/ZC0818.png
0.073717,0.090867,0.082292,0.008927,-3.950193,-2.43828,-1.680831,Drowsy,Drowsy/ZC0822.png
0.344495,0.332506,0.338501,0.009077,-5.481785,-3.087281,-1.380534,Drowsy,Drowsy/ZC0827.png
0.343729,0.332506,0.338118,0.008923,-6.638959,-3.483427,-0.849131,Drowsy,Drowsy/ZC0831.png
0.354833,0.332506,0.343669,0.008923,-5.359806,-3.881083,-0.980008,Drowsy,Drowsy/ZC0836.png
0.16659,0.126862,0.146726,0.009253,-2.545359,-3.399659,-1.844419,Drowsy,Drowsy/ZC0840.png
0.115653,0.107926,0.111789,0.008767,-1.716747,-2.693213,-1.997054,Drowsy,Drowsy/ZC0845.png
0.33881,0.332506,0.335658,0.01817,-5.337942,-2.870946,-1.34015,Drowsy,Drowsy/ZC0849.png
0.355563,0.342997,0.34928,0.0,-6.070156,-3.171292,-1.163088,Drowsy,Drowsy/ZC0854.png
0.33481,0.338423,0.336617,0.0,-4.049603,-3.353387,-1.538811,Drowsy,Drowsy/ZC0858.png
0.329452,0.337135,0.333293,0.0,-2.715781,-2.692574,-1.791078,Drowsy,Drowsy/ZC0863.png
0.322413,0.310562,0.316488,0.0,-4.77691,-3.961214,-1.469801,Drowsy,Drowsy/ZC0867.png
0.319478,0.348503,0.333991,0.0,-3.275292,-3.416427,-2.18803,Drowsy,Drowsy/ZC0872.png
0.348533,0.353856,0.351195,0.017231,-4.05757,-3.540918,-1.445931,Drowsy,Drowsy/ZC0876.png
0.274051,0.285194,0.279622,0.009245,-3.928449,-4.051829,-1.934944,Drowsy,Drowsy/ZC0881.png
0.307989,0.300257,0.304123,0.009245,-3.031238,-3.456599,-1.921536,Drowsy,Drowsy/ZC0885.png
0.328971,0.316841,0.322906,0.0,-3.805082,-3.920383,-1.731587,Drowsy,Drowsy/ZC0890.png
0.360031,0.319928,0.33998,0.0,-4.839973,-2.769635,-1.524894,Drowsy,Drowsy/ZC0894.png
0.319039,0.300348,0.309694,0.008616,-4.174531,-3.551029,-1.441784,Drowsy,Drowsy/ZC0898.png
0.306292,0.275465,0.290879,0.008923,-3.34035,-3.411113,-1.881065,Drowsy,Drowsy/ZC0903.png
0.319039,0.348503,0.333771,0.008464,-5.504919,-2.792409,-1.709974,Drowsy,Drowsy/ZC0907.png
0.349642,0.335925,0.342783,0.00875,-4.162664,-3.164871,-2.495017,Drowsy,Drowsy/ZC0912.png
0.350574,0.319928,0.335251,0.0,-1.961378,-3.283036,-2.879039,Drowsy,Drowsy/ZC0916.png
0.351587,0.345238,0.348413,0.0,-0.320122,-2.944732,-4.697181,Drowsy,Drowsy/ZC0921.png
0.358293,0.333328,0.34581,0.0,7.07775,-3.377728,-6.107538,Drowsy,Drowsy/ZC0925.png
0.351073,0.323447,0.33726,0.0,-13.043863,-4.028214,5.937918,Drowsy,Drowsy/ZC0930.png
0.348373,0.363711,0.356042,0.018107,-9.146889,-3.848983,5.148982,Drowsy,Drowsy/ZC0934.png
0.373394,0.349842,0.361618,0.0,-5.857721,-3.629607,1.099216,Drowsy,Drowsy/ZC0939.png
0.33881,0.333333,0.336072,0.009253,-3.279651,-3.616887,-1.124374,Drowsy,Drowsy/ZC0943.png
0.328193,0.301178,0.314686,0.0,-3.962216,-3.508238,-0.360694,Drowsy,Drowsy/ZC0948.png
0.347738,0.337935,0.342837,0.008772,-4.158183,-3.994158,-0.191171,Drowsy,Drowsy/ZC0955.png
0.362143,0.327468,0.344806,0.008196,-4.690077,-4.175915,0.108213,Drowsy,Drowsy/ZC0960.png
0.343788,0.327668,0.335728,0.0,-5.253679,-3.849797,-0.310766,Drowsy,Drowsy/ZC0964.png
0.328193,0.315965,0.322079,0.008923,-6.21681,-3.815094,-0.457999,Drowsy,Drowsy/ZC0969.png
0.348533,0.370928,0.35973,0.008473,-4.83972,-4.031357,0.113319,Drowsy,Drowsy/ZC0973.png
0.296355,0.292409,0.294382,0.0,-6.737995,-3.981345,-0.243136,Drowsy,Drowsy/ZC0977.png
0.354833,0.328251,0.341542,0.008927,-5.136697,-3.793312,-0.430846,Drowsy,Drowsy/ZC0985.png
0.162911,0.126924,0.144917,0.008767,-3.761096,-3.914513,-1.421661,Drowsy,Drowsy/ZC0989.png
0.33881,0.321598,0.330204,0.008767,-8.167259,-3.766013,-0.397364,Drowsy,Drowsy/ZC0994.png
0.328744,0.334254,0.331499,0.008927,-4.56264,-3.253749,-1.122582,Drowsy,Drowsy/ZC0998.png
0.328971,0.327668,0.328319,0.017846,-5.455281,-3.290801,-0.786171,Drowsy,Drowsy/ZC1003.png
0.360558,0.333424,0.346991,0.008927,-5.040265,-3.99198,-0.747533,Drowsy,Drowsy/ZC1007.png
0.339338,0.332506,0.335922,0.009253,-2.302587,-3.347993,-1.444784,Drowsy,Drowsy/ZC1012.png
0.284099,0.224005,0.254052,0.009085,-1.733539,-3.548463,-1.381072,Drowsy,Drowsy/ZC1016.png
0.344495,0.34401,0.344253,0.008767,-4.550159,-3.633265,-0.926042,Drowsy,Drowsy/ZC1021.png
0.313905,0.332506,0.323206,0.008923,-5.134889,-3.216308,-1.113987,Drowsy,Drowsy/ZC1030.png
0.344291,0.333516,0.338903,0.0,-5.683642,-3.919685,-1.157477,Drowsy,Drowsy/ZC1035.png
0.328971,0.333333,0.331152,0.018179,-4.467587,-2.917785,-0.89729,Drowsy,Drowsy/ZC1039.png
0.349162,0.321081,0.335121,0.008619,-5.127188,-4.042988,-0.690405,Drowsy,Drowsy/ZC1044.png
0.349162,0.338664,0.343913,0.016939,-6.633893,-3.1036,-0.73696,Drowsy,Drowsy/ZC1048.png
0.347847,0.349842,0.348845,0.008927,-5.501883,-3.729806,-0.689704,Drowsy,Drowsy/ZC1053.png
0.338928,0.342502,0.340715,0.016947,-5.005973,-3.16238,-0.797432,Drowsy,Drowsy/ZC1057.png
0.355385,0.333333,0.344359,0.008923,-6.227423,-3.261464,-0.781382,Drowsy,Drowsy/ZC1061.png
0.342249,0.343853,0.343051,0.0,-5.510361,-4.006188,-0.872597,Drowsy,Drowsy/ZC1066.png
0.332649,0.33954,0.336094,0.00847,-5.093384,-3.721871,-0.639106,Drowsy,Drowsy/ZC1070.png
0.363656,0.349015,0.356336,0.0,-6.858722,-2.994641,-0.671636,Drowsy,Drowsy/ZC1075.png
0.178827,0.188793,0.18381,0.012848,-2.121869,-3.73988,-1.713626,Drowsy,Drowsy/ZC1079.png
0.344495,0.337935,0.341215,0.008767,-3.717668,-3.861247,-1.163815,Drowsy,Drowsy/ZC1084.png
0.328971,0.332506,0.330739,0.008767,-6.164349,-3.620359,-0.466615,Drowsy,Drowsy/ZC1088.png
0.267333,0.251045,0.259189,0.009089,-4.054223,-4.507453,-0.978075,Drowsy,Drowsy/ZC1093.png
0.334554,0.349842,0.342198,0.017533,-5.69526,-3.419352,-0.949829,Drowsy,Drowsy/ZC1097.png
0.348533,0.323517,0.336025,0.0,-6.010695,-4.038386,-0.631491,Drowsy,Drowsy/ZC1102.png
0.349162,0.309609,0.329386,0.008923,-5.156952,-3.722148,-1.050333,Drowsy,Drowsy/ZC1106.png
0.297161,0.267111,0.282136,0.018179,-3.724609,-5.21811,-0.797581,Drowsy,Drowsy/ZC1111.png
0.333409,0.34909,0.34125,0.008616,-5.667536,-4.082599,-0.765054,Drowsy,Drowsy/ZC1115.png
0.328017,0.337935,0.332976,0.016664,-5.816652,-3.727418,-0.416594,Drowsy,Drowsy/ZC1120.png
0.329452,0.33881,0.334131,0.008771,-5.460303,-4.038851,-0.524855,Drowsy,Drowsy/ZC1124.png
0.297161,0.283741,0.290451,0.008771,-6.845168,-4.355982,-0.293408,Drowsy,Drowsy/ZC1129.png
0.348533,0.327398,0.337965,0.0,-3.789164,-4.750412,-0.661871,Drowsy,Drowsy/ZC1133.png
0.352185,0.354905,0.353545,0.008332,-5.661998,-3.936667,-0.232378,Drowsy,Drowsy/ZC1137.png
0.332723,0.321081,0.326902,0.016947,-7.097506,-4.289734,-0.103616,Drowsy,Drowsy/ZC1142.png
0.333409,0.316886,0.325148,0.017533,-4.931329,-3.746249,-1.03897,Drowsy,Drowsy/ZC1146.png
0.071399,0.079298,0.075349,0.017533,-4.08607,-2.974777,-1.832466,Drowsy,Drowsy/ZC1151.png
0.334095,0.338664,0.336379,0.017231,-4.323163,-4.613254,-1.158497,Drowsy,Drowsy/ZC1155.png
0.328673,0.315965,0.322319,0.008616,-4.706713,-4.851059,-1.042002,Drowsy,Drowsy/ZC1160.png
0.340069,0.316841,0.328455,0.009085,-4.330897,-3.560823,-1.33966,Drowsy,Drowsy/ZC1165.png
0.328264,0.327763,0.328013,0.008923,-4.469713,-4.327333,-1.154387,Drowsy,Drowsy/ZC1170.png
0.339338,0.342997,0.341167,0.0,-2.852763,-4.290995,-1.74179,Drowsy,Drowsy/ZC1174.png
0.328971,0.333333,0.331152,0.0,-6.245023,-4.48246,-0.870549,Drowsy,Drowsy/ZC1179.png
0.313905,0.327668,0.320787,0.0,-5.523182,-3.383894,-1.437452,Drowsy,Drowsy/ZC1183.png
0.181735,0.161206,0.171471,0.008923,-2.694362,-4.982147,-1.740515,Drowsy,Drowsy/ZC1188.png
0.358675,0.338664,0.348669,0.008616,-4.168289,-3.985808,-1.459255,Drowsy,Drowsy/ZC1192.png
0.334095,0.349842,0.341969,0.0,-5.143454,-4.796322,-1.111322,Drowsy,Drowsy/ZC1197.png
0.344291,0.325847,0.335069,0.0,-4.518976,-4.292497,-1.252389,Drowsy,Drowsy/ZC1201.png
0.356117,0.344868,0.350493,0.009085,-2.951805,-3.862325,-1.786498,Drowsy,Drowsy/ZC1206.png
0.355385,0.34401,0.349698,0.0,-5.0567,-4.532152,-1.222713,Drowsy,Drowsy/ZC1210.png
0.307096,0.283627,0.295362,0.008923,-5.140805,-4.623266,-1.000632,Drowsy,Drowsy/ZC1214.png
0.33881,0.331679,0.335244,0.00876,-5.89758,-4.320484,-0.906482,Drowsy,Drowsy/ZC1219.png
0.328673,0.316795,0.322734,0.0,-3.619235,-4.285411,-1.600205,Drowsy,Drowsy/ZC1223.png
0.324021,0.293884,0.308952,0.0,-4.0602,-5.490589,-1.516786,Drowsy,Drowsy/ZC1228.png
0.354103,0.32681,0.340456,0.0,-2.175511,-4.483461,-1.427103,Drowsy,Drowsy/ZC1232.png
0.305816,0.29348,0.299648,0.0,-3.885237,-4.45511,-1.163308,Drowsy,Drowsy/ZC1237.png
0.371506,0.34401,0.357758,0.008916,-5.158385,-4.154914,-1.173509,Drowsy,Drowsy/ZC1241.png
0.061184,0.066189,0.063686,0.012398,-2.623041,-3.651668,-1.715752,Drowsy,Drowsy/ZC1246.png
0.243368,0.219753,0.23156,0.008767,-2.563666,-4.322715,-1.581404,Drowsy,Drowsy/ZC1250.png
0.327486,0.34909,0.338288,0.012184,-4.768944,-4.608681,-1.026278,Drowsy,Drowsy/ZC1255.png
0.33954,0.315922,0.327731,0.008767,-3.581957,-4.69145,-1.130193,Drowsy,Drowsy/ZC1259.png
0.265495,0.233204,0.24935,0.0,-3.714303,-5.194875,-1.137747,Drowsy,Drowsy/ZC1264.png
0.148515,0.142479,0.145497,0.0,-3.344314,-4.336098,-1.683623,Drowsy,Drowsy/ZC1268.png
0.318353,0.322803,0.320578,0.0,-2.272873,-5.143929,-1.245018,Drowsy,Drowsy/ZC1273.png
0.313905,0.283627,0.298766,0.008923,-2.953929,-3.518128,-1.46501,Drowsy,Drowsy/ZC1277.png
0.323217,0.32681,0.325013,0.009085,-3.01829,-3.626123,-1.78063,Drowsy,Drowsy/ZC1282.png
0.306707,0.29943,0.303068,0.0,-4.603444,-4.047549,-1.235023,Drowsy,Drowsy/ZC1286.png
0.328971,0.316014,0.322492,0.012619,-5.721015,-4.154723,-1.111917,Drowsy,Drowsy/ZC1290.png
0.093197,0.090867,0.092032,0.0,-0.360822,-3.611645,-2.767461,Drowsy,Drowsy/ZC1295.png
0.318353,0.305027,0.31169,0.026279,-4.798027,-3.570778,-1.739443,Drowsy,Drowsy/ZC1299.png
0.092848,0.060578,0.076713,0.018155,-1.210463,-2.393263,-2.583423,Drowsy,Drowsy/ZC1304.png
0.318791,0.333333,0.326062,0.008609,-3.95681,-4.472505,-1.86703,Drowsy,Drowsy/ZC1308.png
0.152735,0.15749,0.155113,0.017846,-0.550321,-3.314698,-2.772863,Drowsy,Drowsy/ZC1313.png
0.350809,0.358673,0.354741,0.0,-2.898443,-4.089587,-1.849195,Drowsy,Drowsy/ZC1317.png
0.338534,0.326703,0.332618,0.0,-4.154064,-3.893625,-1.814998,Drowsy,Drowsy/ZC1322.png
0.301679,0.309609,0.305644,0.0,-3.431594,-4.23565,-1.813647,Drowsy,Drowsy/ZC1326.png
0.29852,0.300371,0.299445,0.009253,-1.447222,-3.846387,-2.204228,Drowsy,Drowsy/ZC1331.png
0.291064,0.29348,0.292272,0.0,-5.864346,-3.559196,-1.114853,Drowsy,Drowsy/ZC1335.png
0.298374,0.276279,0.287327,0.0,-2.847122,-3.869594,-2.227693,Drowsy,Drowsy/ZC1340.png
0.356117,0.327763,0.34194,0.0,-3.881743,-4.693171,-2.148946,Drowsy,Drowsy/ZC1344.png
0.355563,0.347754,0.351658,0.013074,-1.311935,-4.219394,-2.620997,Drowsy,Drowsy/ZC1349.png
0.324021,0.299544,0.311782,0.008609,-3.917846,-4.687515,-2.294011,Drowsy,Drowsy/ZC1353.png
0.360156,0.364779,0.362468,0.0,-3.256894,-2.511883,3.638677,Drowsy,Drowsy/ZC1358.png
0.21392,0.201543,0.207731,0.009176,3.795594,-8.097273,-1.058546,Not Drowsy,Non Drowsy/a0002.png
0.215311,0.209739,0.212525,0.021426,3.030175,-0.428595,-0.21798,Not Drowsy,Non Drowsy/a0005.png
0.283279,0.305281,0.29428,0.017487,1.562896,-1.014864,-0.529309,Not Drowsy,Non Drowsy/a0010.png
0.239196,0.217819,0.228508,0.014273,2.684103,-6.445404,-1.847172,Not Drowsy,Non Drowsy/a0014.png
0.291783,0.296807,0.294295,0.006944,-0.532766,-5.33569,-0.696277,Not Drowsy,Non Drowsy/a0018.png
0.273992,0.274082,0.274037,0.0,0.428026,-8.104965,-1.175954,Not Drowsy,Non Drowsy/a0022.png
0.259802,0.231319,0.245561,0.006942,0.132358,-8.195498,-1.126156,Not Drowsy,Non Drowsy/a0029.png
0.21882,0.182382,0.200601,0.007142,0.10327,-8.124337,-0.668279,Not Drowsy,Non Drowsy/a0036.png
0.252984,0.21693,0.234957,0.023708,1.224989,-4.972132,-0.848497,Not Drowsy,Non Drowsy/a0040.png
0.23568,0.217899,0.226789,0.006844,1.668924,-7.312476,-1.740036,Not Drowsy,Non Drowsy/a0044.png
0.275221,0.260086,0.267654,0.0,0.898622,-6.616114,-1.316985,Not Drowsy,Non Drowsy/a0047.png
0.291745,0.284354,0.288049,0.013884,1.765842,-9.983132,-1.939517,Not Drowsy,Non Drowsy/a0051.png
0.274721,0.255495,0.265108,0.006847,2.001223,-7.396263,-1.135158,Not Drowsy,Non Drowsy/a0055.png
0.249104,0.226882,0.237993,0.024377,1.286756,-9.454607,-1.090576,Not Drowsy,Non Drowsy/a0059.png
0.210683,0.228328,0.219505,0.01428,2.04391,-8.595516,-1.206808,Not Drowsy,Non Drowsy/a0063.png
0.246489,0.242431,0.24446,0.006944,2.176386,-10.49073,-0.731006,Not Drowsy,Non Drowsy/a0067.png
0.249104,0.235709,0.242407,0.023708,2.121944,-11.344124,-0.902497,Not Drowsy,Non Drowsy/a0071.png
0.238852,0.2403,0.239576,0.0,1.579442,-11.055691,-0.965853,Not Drowsy,Non Drowsy/a0075.png
0.228709,0.210185,0.219447,0.020831,0.861895,-11.978151,-0.899751,Not Drowsy,Non Drowsy/a0079.png
0.21276,0.188954,0.200857,0.006661,1.150096,-13.360637,-1.085755,Not Drowsy,Non Drowsy/a0082.png
0.227338,0.214644,0.220991,0.0,-0.268973,-11.054894,-0.054798,Not Drowsy,Non Drowsy/a0086.png
0.217819,0.196459,0.207139,0.007463,-1.603278,-5.219126,-0.190664,Not Drowsy,Non Drowsy/a0090.png
0.236399,0.236024,0.236211,0.013514,-1.318561,-1.09528,0.198695,Not Drowsy,Non Drowsy/a0094.png
0.239825,0.246051,0.242938,0.0,-1.159428,-2.242916,0.540646,Not Drowsy,Non Drowsy/a0098.png
0.222789,0.229162,0.225976,0.0,-1.311911,-4.421219,-0.265884,Not Drowsy,Non Drowsy/a0102.png
0.230417,0.229813,0.230115,0.006757,-1.116047,-2.826004,0.348091,Not Drowsy,Non Drowsy/a0106.png
0.223626,0.227392,0.225509,0.006667,-0.609625,-5.453856,-0.434204,Not Drowsy,Non Drowsy/a0110.png
0.223846,0.240048,0.231947,0.013332,-1.34961,-4.034709,-0.096808,Not Drowsy,Non Drowsy/a0114.png
0.239825,0.249086,0.244456,0.006944,-2.594826,-4.573512,0.265723,Not Drowsy,Non Drowsy/a0117.png
0.242417,0.255406,0.248912,0.013157,-2.033192,-5.632839,0.054789,Not Drowsy,Non Drowsy/a0121.png
0.150102,0.137867,0.143985,0.013157,-0.615508,-8.757009,-0.240236,Not Drowsy,Non Drowsy/a0125.png
0.256707,0.246868,0.251788,0.013888,-1.806147,-11.305863,-0.382287,Not Drowsy,Non Drowsy/a0129.png
0.248943,0.242486,0.245715,0.006667,-3.904562,-9.028184,0.407142,Not Drowsy,Non Drowsy/a0133.png
0.268487,0.255495,0.261991,0.006494,-1.271579,-8.526243,0.050962,Not Drowsy,Non Drowsy/a0137.png
0.254871,0.24262,0.248745,0.021884,-1.737244,-8.747683,-0.0394,Not Drowsy,Non Drowsy/a0141.png
0.248862,0.2624,0.255631,0.0,-2.385682,-9.966575,0.124022,Not Drowsy,Non Drowsy/a0145.png
0.267146,0.242536,0.254841,0.006667,-2.565401,-9.625691,0.199819,Not Drowsy,Non Drowsy/a0149.png
0.213888,0.215753,0.214821,0.0,-2.157229,-14.847542,-0.593335,Not Drowsy,Non Drowsy/a0152.png
0.233538,0.231235,0.232387,0.006493,-3.104332,-15.26397,-0.61902,Not Drowsy,Non Drowsy/a0156.png
0.254339,0.279518,0.266929,0.00895,-1.139205,-11.992694,-0.906441,Not Drowsy,Non Drowsy/a0160.png
0.266123,0.259589,0.262856,0.0,-1.579666,-9.521387,-0.213034,Not Drowsy,Non Drowsy/a0164.png
0.248778,0.26447,0.256624,0.006491,-1.761863,-11.292937,-0.874852,Not Drowsy,Non Drowsy/a0168.png
0.264507,0.255406,0.259957,0.013158,-2.705904,-12.34024,0.430339,Not Drowsy,Non Drowsy/a0172.png
0.248617,0.249177,0.248897,0.012816,-1.593137,-11.465847,-0.356717,Not Drowsy,Non Drowsy/a0176.png
0.255406,0.24258,0.248993,0.013888,-2.043771,-11.444776,-0.306292,Not Drowsy,Non Drowsy/a0180.png
0.252287,0.258682,0.255485,0.0,-1.54295,-11.851085,-0.570925,Not Drowsy,Non Drowsy/a0184.png
0.242536,0.239636,0.241086,0.006944,-1.590482,-8.94279,0.035969,Not Drowsy,Non Drowsy/a0187.png
0.227518,0.227313,0.227416,0.012816,-2.226105,-14.157802,-0.877195,Not Drowsy,Non Drowsy/a0191.png
0.136771,0.087175,0.111973,0.009678,-2.792848,-18.840699,-1.58582,Not Drowsy,Non Drowsy/a0195.png
0.248437,0.206657,0.227547,0.006844,-0.86991,-8.844111,-0.889778,Not Drowsy,Non Drowsy/a0199.png
0.242536,0.248943,0.24574,0.013697,-1.206409,-9.216637,-0.672881,Not Drowsy,Non Drowsy/a0203.png
0.236519,0.261488,0.249003,0.013888,-1.945239,-9.811582,-0.844185,Not Drowsy,Non Drowsy/a0207.png
0.280536,0.266275,0.273405,0.01405,5.922454,-8.255405,-2.662346,Not Drowsy,Non Drowsy/a0211.png
0.236507,0.251298,0.243902,0.006844,0.071479,-10.060619,-1.826526,Not Drowsy,Non Drowsy/a0215.png
0.265211,0.234294,0.249753,0.023365,1.134333,-9.934044,-1.020672,Not Drowsy,Non Drowsy/a0219.png
0.223626,0.207329,0.215478,0.016522,0.77012,-11.37627,-1.299898,Not Drowsy,Non Drowsy/a0222.png
0.236088,0.240376,0.238232,0.016311,0.536998,-9.795186,-0.805736,Not Drowsy,Non Drowsy/a0226.png
0.233538,0.24262,0.238079,0.013687,0.421601,-8.892316,-1.001256,Not Drowsy,Non Drowsy/a0230.png
0.270965,0.257604,0.264284,0.012986,-3.151956,-15.206076,0.653462,Not Drowsy,Non Drowsy/a0234.png
0.248733,0.279163,0.263948,0.006578,-5.801153,-18.260288,-0.046049,Not Drowsy,Non Drowsy/a0238.png
0.237164,0.271618,0.254391,0.0,-6.338587,-18.378543,1.148763,Not Drowsy,Non Drowsy/a0242.png
0.214511,0.228873,0.221692,0.00714,-8.942404,-17.223949,1.933437,Not Drowsy,Non Drowsy/a0246.png
0.244859,0.258725,0.251792,0.0,-5.193519,-15.912518,1.127902,Not Drowsy,Non Drowsy/a0250.png
0.26642,0.26622,0.26632,0.006849,-6.15743,-18.127884,1.151,Not Drowsy,Non Drowsy/a0254.png
0.229142,0.271632,0.250387,0.006173,-4.770506,-14.705026,0.528787,Not Drowsy,Non Drowsy/a0257.png
0.228625,0.237745,0.233185,0.012342,-5.251894,-18.947431,-0.152104,Not Drowsy,Non Drowsy/a0261.png
0.248659,0.279069,0.263864,0.006172,-6.926595,-18.625465,0.637207,Not Drowsy,Non Drowsy/a0265.png
0.236321,0.264942,0.250632,0.0,-6.916415,-22.291104,1.152241,Not Drowsy,Non Drowsy/a0269.png
0.252455,0.251298,0.251876,0.018067,-4.465664,-16.084951,0.513574,Not Drowsy,Non Drowsy/a0273.png
0.276452,0.276817,0.276634,0.017437,-4.111156,-15.973561,0.143564,Not Drowsy,Non Drowsy/a0277.png
0.251687,0.292876,0.272282,0.012346,-4.99445,-15.827763,0.289516,Not Drowsy,Non Drowsy/a0281.png
0.240978,0.271618,0.256298,0.006097,-4.991478,-15.98171,-0.01355,Not Drowsy,Non Drowsy/a0285.png
0.248519,0.251038,0.249778,0.0,-6.586235,-18.994723,0.986788,Not Drowsy,Non Drowsy/a0289.png
0.231096,0.257803,0.24445,0.0,-5.677632,-17.61634,1.060116,Not Drowsy,Non Drowsy/a0292.png
0.235377,0.264379,0.249878,0.018072,-4.787102,-17.248904,0.313845,Not Drowsy,Non Drowsy/a0296.png
0.26838,0.277569,0.272975,0.006173,-4.073487,-15.164513,0.402489,Not Drowsy,Non Drowsy/a0300.png
0.254505,0.26642,0.260462,0.0,-5.404811,-19.408041,0.345716,Not Drowsy,Non Drowsy/a0304.png
0.240978,0.266052,0.253515,0.006024,-5.156736,-22.048884,0.930837,Not Drowsy,Non Drowsy/a0308.png
0.211586,0.23676,0.224173,0.020812,-4.48519,-17.510574,0.121096,Not Drowsy,Non Drowsy/a0312.png
0.254505,0.259589,0.257047,0.00625,-3.852206,-10.177588,0.602785,Not Drowsy,Non Drowsy/a0316.png
0.254505,0.268369,0.261437,0.00641,-4.176069,-10.405586,0.678209,Not Drowsy,Non Drowsy/a0320.png
0.24272,0.265249,0.253984,0.006664,-5.315512,-13.403393,1.254483,Not Drowsy,Non Drowsy/a0324.png
0.24281,0.255141,0.248976,0.024533,-5.234642,-13.912967,1.346914,Not Drowsy,Non Drowsy/a0327.png
0.249177,0.276942,0.26306,0.0,-5.260956,-12.704873,1.739408,Not Drowsy,Non Drowsy/a0331.png
0.253099,0.282843,0.267971,0.006754,-5.684036,-14.611921,1.574385,Not Drowsy,Non Drowsy/a0335.png
0.258179,0.277281,0.26773,0.007039,-5.346342,-13.166656,1.849088,Not Drowsy,Non Drowsy/a0339.png
0.211372,0.237653,0.224513,0.006756,-4.785031,-14.772268,0.795488,Not Drowsy,Non Drowsy/a0343.png
0.245416,0.264105,0.254761,0.018986,-5.303281,-16.275608,0.826317,Not Drowsy,Non Drowsy/a0347.png
0.251298,0.243644,0.247471,0.013697,-5.265519,-14.604876,1.402579,Not Drowsy,Non Drowsy/a0351.png
0.236321,0.242206,0.239264,0.01836,-5.388908,-17.108899,1.259914,Not Drowsy,Non Drowsy/a0355.png
0.242644,0.230982,0.236813,0.018849,-5.459049,-16.961233,1.279056,Not Drowsy,Non Drowsy/a0359.png
0.242644,0.239655,0.24115,0.022168,-6.916939,-16.915843,1.185395,Not Drowsy,Non Drowsy/a0362.png
0.246959,0.249104,0.248031,0.006849,-4.860769,-14.699652,1.353107,Not Drowsy,Non Drowsy/a0366.png
0.253247,0.268285,0.260766,0.0,-5.755418,-15.103113,1.593688,Not Drowsy,Non Drowsy/a0370.png
0.248943,0.260645,0.254794,0.00625,-5.003425,-19.347669,1.546416,Not Drowsy,Non Drowsy/a0374.png
0.242742,0.259802,0.251272,0.012345,-4.677468,-17.295113,1.386318,Not Drowsy,Non Drowsy/a0378.png
0.224867,0.260086,0.242477,0.005952,-4.976494,-15.30194,1.379063,Not Drowsy,Non Drowsy/a0382.png
0.229207,0.244618,0.236913,0.011627,-3.934363,-17.547928,1.277723,Not Drowsy,Non Drowsy/a0386.png
0.255081,0.277821,0.266451,0.011236,-3.399508,-14.430576,1.242716,Not Drowsy,Non Drowsy/a0390.png
0.242936,0.277734,0.260335,0.005618,-3.743,-16.261878,1.251981,Not Drowsy,Non Drowsy/a0394.png
0.219451,0.253247,0.236349,0.011764,-4.386865,-15.277607,0.970091,Not Drowsy,Non Drowsy/a0397.png
0.242936,0.261488,0.252212,0.011494,-3.946636,-15.000619,1.235934,Not Drowsy,Non Drowsy/a0401.png
0.248586,0.270097,0.259341,0.014035,-3.95788,-16.637513,1.405842,Not Drowsy,Non Drowsy/a0405.png
0.205913,0.214289,0.210101,0.014035,-3.89317,-19.417132,1.130734,Not Drowsy,Non Drowsy/a0409.png
0.235377,0.270363,0.25287,0.014201,-4.137488,-16.17653,1.249054,Not Drowsy,Non Drowsy/a0413.png
0.198884,0.239196,0.21904,0.017441,-6.164681,-19.050778,1.616369,Not Drowsy,Non Drowsy/a0417.png
0.246926,0.275221,0.261073,0.006022,-5.876183,-16.001966,1.520055,Not Drowsy,Non Drowsy/a0421.png
0.254505,0.261488,0.257996,0.006098,-3.361871,-12.989383,0.712899,Not Drowsy,Non Drowsy/a0425.png
0.276452,0.257689,0.26707,0.005882,-3.577199,-15.282229,0.807239,Not Drowsy,Non Drowsy/a0429.png
0.228059,0.262304,0.245181,0.006024,-5.844759,-14.573756,0.464073,Not Drowsy,Non Drowsy/a0432.png
0.262512,0.268277,0.265394,0.0,-4.832764,-8.915629,0.74689,Not Drowsy,Non Drowsy/a0436.png
0.224867,0.253428,0.239147,0.006847,-6.320758,-10.27712,1.020296,Not Drowsy,Non Drowsy/a0440.png
0.188637,0.186054,0.187346,0.00625,-0.14364,-12.482818,-0.701538,Not Drowsy,Non Drowsy/a0444.png
0.19899,0.226158,0.212574,0.0,-5.580785,-12.442224,1.399236,Not Drowsy,Non Drowsy/a0448.png
0.2248,0.233197,0.228999,0.014085,-3.790353,-7.333729,0.799769,Not Drowsy,Non Drowsy/a0452.png
0.206091,0.182411,0.194251,0.020546,-4.239748,-9.484492,0.764778,Not Drowsy,Non Drowsy/a0456.png
0.24272,0.23372,0.23822,0.006756,-4.476074,-9.140136,0.74793,Not Drowsy,Non Drowsy/a0460.png
0.264247,0.277473,0.27086,0.013889,-3.634336,-13.035628,-0.138687,Not Drowsy,Non Drowsy/a0464.png
0.245671,0.249086,0.247379,0.024044,-4.841866,-12.515998,0.904552,Not Drowsy,Non Drowsy/a0467.png
0.268834,0.268277,0.268556,0.009685,-4.418284,-11.826368,0.839695,Not Drowsy,Non Drowsy/a0471.png
0.230489,0.239932,0.235211,0.021737,-5.13367,-13.612039,1.220211,Not Drowsy,Non Drowsy/a0475.png
0.196118,0.212412,0.204265,0.008623,-3.498333,-14.097445,0.540397,Not Drowsy,Non Drowsy/a0479.png
0.230553,0.242486,0.23652,0.013332,-4.926634,-10.951382,0.099981,Not Drowsy,Non Drowsy/a0483.png
0.242536,0.246782,0.244659,0.006944,-6.642936,-13.060746,0.150478,Not Drowsy,Non Drowsy/a0487.png
0.219627,0.244383,0.232005,0.006666,-5.350504,-14.115754,-0.132133,Not Drowsy,Non Drowsy/a0491.png
0.251335,0.254871,0.253103,0.0125,-3.888283,-11.258097,0.612426,Not Drowsy,Non Drowsy/a0495.png
0.24281,0.253247,0.248029,0.0,-4.335867,-11.701382,0.791482,Not Drowsy,Non Drowsy/a0499.png
0.219451,0.216706,0.218078,0.021886,-3.596423,-13.075944,1.033682,Not Drowsy,Non Drowsy/a0502.png
0.204011,0.193105,0.198558,0.006849,-6.086685,-10.527282,0.575496,Not Drowsy,Non Drowsy/a0506.png
0.231648,0.244618,0.238133,0.021607,-4.076624,-10.427616,0.022888,Not Drowsy,Non Drowsy/a0510.png
0.225725,0.214511,0.220118,0.021074,-4.080247,-7.878763,0.448304,Not Drowsy,Non Drowsy/a0514.png
0.170654,0.180316,0.175485,0.02363,-4.40089,-12.014761,0.217725,Not Drowsy,Non Drowsy/a0518.png
0.248862,0.239932,0.244397,0.0,-4.275869,-13.281122,-0.039263,Not Drowsy,Non Drowsy/a0522.png
0.254871,0.251385,0.253128,0.012821,-3.734581,-11.752277,-0.004161,Not Drowsy,Non Drowsy/a0526.png
0.277848,0.257689,0.267769,0.021069,-2.817111,-11.395244,-0.039445,Not Drowsy,Non Drowsy/a0530.png
0.222443,0.251038,0.23674,0.02246,-4.961906,-14.202269,0.176233,Not Drowsy,Non Drowsy/a0534.png
0.26723,0.285071,0.27615,0.006494,-4.732163,-10.691742,0.160949,Not Drowsy,Non Drowsy/a0537.png
0.260712,0.273992,0.267352,0.021337,-2.472959,-11.003396,0.170992,Not Drowsy,Non Drowsy/a0541.png
0.268834,0.259503,0.264169,0.012658,-3.660054,-11.449931,1.049554,Not Drowsy,Non Drowsy/a0545.png
0.271393,0.279518,0.275456,0.012819,-4.293063,-13.953974,-0.228563,Not Drowsy,Non Drowsy/a0549.png
0.198648,0.182061,0.190354,0.021884,-4.400758,-18.598327,1.193123,Not Drowsy,Non Drowsy/a0553.png
0.223865,0.226507,0.225186,0.022386,-1.450119,1.477614,0.404059,Not Drowsy,Non Drowsy/a0557.png
0.261488,0.248862,0.255175,0.014085,1.559503,1.3107,0.474692,Not Drowsy,Non Drowsy/a0561.png
0.281294,0.283279,0.282287,0.007246,-0.930704,-2.661911,0.845656,Not Drowsy,Non Drowsy/a0565.png
0.265915,0.269689,0.267802,0.007352,-1.986451,-3.462023,0.340329,Not Drowsy,Non Drowsy/a0569.png
0.202147,0.204933,0.20354,0.022056,-1.161266,-3.172601,0.578215,Not Drowsy,Non Drowsy/a0572.png
0.229733,0.242486,0.23611,0.0,-1.253808,-3.974878,0.727377,Not Drowsy,Non Drowsy/a0576.png
0.279421,0.267999,0.27371,0.006849,0.006637,-2.761765,0.27076,Not Drowsy,Non Drowsy/a0580.png
0.282276,0.281197,0.281737,0.006849,-0.395698,-2.948506,0.747267,Not Drowsy,Non Drowsy/a0584.png
0.260634,0.282276,0.271455,0.023385,1.354167,-3.860945,0.731079,Not Drowsy,Non Drowsy/a0588.png
0.261488,0.248862,0.255175,0.013889,0.255484,-3.836197,0.736549,Not Drowsy,Non Drowsy/a0592.png
0.2368,0.24272,0.23976,0.006757,-0.386201,-4.713836,0.879249,Not Drowsy,Non Drowsy/a0596.png
0.248779,0.239825,0.244302,0.013158,-0.5206,-2.094742,0.928984,Not Drowsy,Non Drowsy/a0600.png
0.272691,0.255406,0.264049,0.006756,-1.167533,-5.560998,0.91918,Not Drowsy,Non Drowsy/a0604.png
0.257979,0.253545,0.255762,0.020268,-0.695491,-4.923344,0.438504,Not Drowsy,Non Drowsy/a0607.png
0.267146,0.261488,0.264317,0.016311,-0.30917,-4.976649,0.809145,Not Drowsy,Non Drowsy/a0611.png
0.261488,0.265674,0.263581,0.014085,-1.859909,-5.211037,0.994748,Not Drowsy,Non Drowsy/a0615.png
0.15105,0.135611,0.143331,0.006849,-1.774346,-9.207107,1.053844,Not Drowsy,Non Drowsy/a0619.png
0.230417,0.248943,0.23968,0.013514,-1.238099,-6.444421,0.396624,Not Drowsy,Non Drowsy/a0623.png
0.246839,0.21693,0.231885,0.0,-0.527846,-6.033728,1.297633,Not Drowsy,Non Drowsy/a0627.png
0.254951,0.255406,0.255179,0.013332,-1.03687,-8.272679,1.323927,Not Drowsy,Non Drowsy/a0631.png
0.236729,0.229495,0.233112,0.006578,-0.720147,-6.190562,1.183488,Not Drowsy,Non Drowsy/a0635.png
0.259503,0.227313,0.243408,0.006944,-1.360247,-7.171524,1.287005,Not Drowsy,Non Drowsy/a0639.png
0.248659,0.221489,0.235074,0.019481,-0.974856,-8.032141,0.814956,Not Drowsy,Non Drowsy/a0643.png
0.254951,0.242284,0.248618,0.013889,-1.187096,-6.359832,1.377422,Not Drowsy,Non Drowsy/a0646.png
0.24262,0.228973,0.235796,0.0,-2.427898,-8.395431,1.36025,Not Drowsy,Non Drowsy/a0650.png
0.254871,0.248862,0.251866,0.013329,-0.637207,-4.96117,1.381023,Not Drowsy,Non Drowsy/a0654.png
0.202147,0.190201,0.196174,0.0,-3.547909,-10.24576,1.936155,Not Drowsy,Non Drowsy/a0658.png
0.21693,0.215643,0.216287,0.006757,-2.074583,-8.860801,1.023502,Not Drowsy,Non Drowsy/a0662.png
0.205898,0.201473,0.203686,0.012987,-1.071363,-8.788062,0.930074,Not Drowsy,Non Drowsy/a0666.png
0.236729,0.227313,0.232021,0.006757,-1.734719,-7.938135,1.068829,Not Drowsy,Non Drowsy/a0670.png
0.248659,0.229733,0.239196,0.020546,-1.193123,-6.50111,1.196151,Not Drowsy,Non Drowsy/a0674.png
0.239988,0.223846,0.231917,0.022462,-1.721073,-6.911142,1.211437,Not Drowsy,Non Drowsy/a0678.png
0.20443,0.194273,0.199351,0.014924,-2.632238,-8.135836,1.051475,Not Drowsy,Non Drowsy/a0681.png
0.24272,0.245796,0.244258,0.016995,-1.754592,-5.389993,1.303131,Not Drowsy,Non Drowsy/a0685.png
0.24272,0.249086,0.245903,0.007042,-3.029941,-6.251832,1.061323,Not Drowsy,Non Drowsy/a0689.png
0.251612,0.264507,0.25806,0.016764,-1.122605,-5.898225,0.992956,Not Drowsy,Non Drowsy/a0693.png
0.191516,0.175412,0.183464,0.009555,-2.023099,-9.984019,1.683201,Not Drowsy,Non Drowsy/a0697.png
0.248659,0.236321,0.24249,0.020546,-1.142299,-7.3349,1.151373,Not Drowsy,Non Drowsy/a0701.png
0.254871,0.262304,0.258588,0.006849,-2.425958,-9.508958,1.243794,Not Drowsy,Non Drowsy/a0705.png
0.242742,0.242536,0.242639,0.013514,-1.957516,-8.078513,1.031096,Not Drowsy,Non Drowsy/a0709.png
0.259951,0.261402,0.260677,0.016095,-0.976957,-5.503852,0.847772,Not Drowsy,Non Drowsy/a0713.png
0.218254,0.229733,0.223993,0.013697,-0.948757,-6.955348,1.080377,Not Drowsy,Non Drowsy/a0716.png
0.222799,0.227078,0.224938,0.009427,-0.915754,-9.365805,1.420299,Not Drowsy,Non Drowsy/a0720.png
0.242787,0.236088,0.239438,0.012819,-0.710448,-12.229969,1.212499,Not Drowsy,Non Drowsy/a0724.png
0.240738,0.249511,0.245124,0.013329,-2.805508,-9.91898,1.516142,Not Drowsy,Non Drowsy/a0728.png
0.247044,0.262304,0.254674,0.013153,-2.130192,-8.656635,0.999115,Not Drowsy,Non Drowsy/a0732.png
0.155917,0.158416,0.157167,0.022759,-0.922438,-9.284189,1.676288,Not Drowsy,Non Drowsy/a0736.png
0.254566,0.242688,0.248627,0.017852,-3.257387,-12.499371,0.039958,Not Drowsy,Non Drowsy/a0740.png
0.150102,0.167213,0.158658,0.01973,-2.599154,-9.4146,-0.631075,Not Drowsy,Non Drowsy/a0744.png
0.218955,0.213904,0.216429,0.0,-2.163521,-10.278912,-0.864311,Not Drowsy,Non Drowsy/a0748.png
0.207397,0.203792,0.205595,0.021069,-1.605695,-10.851279,-0.308317,Not Drowsy,Non Drowsy/a0751.png
0.214176,0.216202,0.215189,0.005951,-1.886096,-11.17162,-0.525282,Not Drowsy,Non Drowsy/a0755.png
0.2309,0.206453,0.218677,0.018129,-2.754949,-13.386018,-0.086589,Not Drowsy,Non Drowsy/a0759.png
0.230574,0.220474,0.225524,0.018744,-1.235294,-13.006574,-0.380056,Not Drowsy,Non Drowsy/a0763.png
0.230201,0.247154,0.238678,0.0,-4.121644,-12.281548,-0.409021,Not Drowsy,Non Drowsy/a0767.png
0.20929,0.20443,0.20686,0.018986,-4.32183,-17.295211,-0.807534,Not Drowsy,Non Drowsy/a0771.png
0.217006,0.215955,0.21648,0.020812,-1.989717,-14.779712,-0.598303,Not Drowsy,Non Drowsy/a0775.png
0.210819,0.204206,0.207512,0.006248,-3.990261,-18.053134,-0.9894,Not Drowsy,Non Drowsy/a0779.png
0.185082,0.171729,0.178405,0.006844,-4.054358,-9.178109,2.287349,Not Drowsy,Non Drowsy/a0783.png
0.177175,0.190587,0.183881,0.0,-3.864809,-5.254966,2.140049,Not Drowsy,Non Drowsy/a0786.png
0.204294,0.206807,0.205551,0.020548,-1.861138,-6.369139,1.134917,Not Drowsy,Non Drowsy/a0790.png
0.229061,0.235613,0.232337,0.006944,-3.67203,-7.088228,1.061948,Not Drowsy,Non Drowsy/a0794.png
0.233757,0.253545,0.243651,0.013157,-2.255989,-5.311507,0.309249,Not Drowsy,Non Drowsy/a0798.png
0.254633,0.236399,0.245516,0.021607,0.08612,-9.805274,0.341189,Not Drowsy,Non Drowsy/a0802.png
0.2309,0.221271,0.226085,0.024229,-1.292674,-8.557523,0.728043,Not Drowsy,Non Drowsy/a0806.png
0.234923,0.215955,0.225439,0.006172,-0.971303,-9.210754,0.875838,Not Drowsy,Non Drowsy/a0810.png
0.231096,0.248617,0.239856,0.00641,-2.129137,-8.939848,0.870703,Not Drowsy,Non Drowsy/a0814.png
0.225725,0.21805,0.221887,0.012658,-1.913006,-8.404329,1.414878,Not Drowsy,Non Drowsy/a0818.png
0.248317,0.234714,0.241516,0.0,-0.96498,-10.116206,1.414232,Not Drowsy,Non Drowsy/a0821.png
0.245625,0.223846,0.234736,0.00625,-1.602481,-13.283941,0.948286,Not Drowsy,Non Drowsy/a0825.png
0.212744,0.217845,0.215295,0.013158,-1.954708,-10.979993,0.734173,Not Drowsy,Non Drowsy/a0829.png
0.224267,0.225154,0.224711,0.017454,-1.18384,-11.28818,0.261455,Not Drowsy,Non Drowsy/a0833.png
0.210933,0.219385,0.215159,0.022168,-2.75518,-12.863712,-0.127253,Not Drowsy,Non Drowsy/a0837.png
0.242933,0.238235,0.240584,0.0,-1.440216,-14.10341,0.438013,Not Drowsy,Non Drowsy/a0841.png
0.146592,0.177175,0.161883,0.022168,-2.973767,-14.421784,0.107694,Not Drowsy,Non Drowsy/a0845.png
0.230417,0.23993,0.235173,0.012983,-6.771967,-18.652019,1.484124,Not Drowsy,Non Drowsy/a0849.png
0.231096,0.258085,0.244591,0.012345,-4.444741,-16.607133,0.441768,Not Drowsy,Non Drowsy/a0853.png
0.225542,0.237571,0.231556,0.017852,-3.287783,-12.461015,0.464725,Not Drowsy,Non Drowsy/a0856.png
0.225542,0.251168,0.238355,0.01472,-3.167477,-15.586639,1.341465,Not Drowsy,Non Drowsy/a0860.png
0.218524,0.224103,0.221313,0.023926,-1.611533,-21.490671,0.222638,Not Drowsy,Non Drowsy/a0864.png
0.218955,0.218853,0.218904,0.012657,-3.827473,-21.354414,0.459008,Not Drowsy,Non Drowsy/a0868.png
0.201803,0.221443,0.211623,0.0,-2.705568,-16.928337,0.741548,Not Drowsy,Non Drowsy/a0872.png
0.242417,0.233465,0.237941,0.012986,-3.743514,-16.806802,0.831955,Not Drowsy,Non Drowsy/a0876.png
0.248519,0.242536,0.245527,0.015279,-3.214794,-16.161795,1.264797,Not Drowsy,Non Drowsy/a0880.png
0.222799,0.229495,0.226147,0.012654,-3.222441,-19.463003,1.646755,Not Drowsy,Non Drowsy/a0884.png
0.223821,0.198794,0.211308,0.014721,-2.224996,-11.621258,0.949834,Not Drowsy,Non Drowsy/a0888.png
0.234078,0.231885,0.232982,0.0,-3.348343,-11.969291,0.629405,Not Drowsy,Non Drowsy/a0891.png
0.242873,0.2248,0.233837,0.011764,-1.861067,-11.205261,0.851095,Not Drowsy,Non Drowsy/a0895.png
0.217281,0.21771,0.217496,0.005952,-2.9092,-13.301869,1.003094,Not Drowsy,Non Drowsy/a0899.png
0.231535,0.228365,0.22995,0.006024,-1.640313,-12.174302,0.96216,Not Drowsy,Non Drowsy/a0903.png
0.2309,0.233986,0.232443,0.006329,-3.062185,-13.924465,0.488886,Not Drowsy,Non Drowsy/a0907.png
0.236519,0.240376,0.238447,0.024858,-2.605149,-12.490388,0.684194,Not Drowsy,Non Drowsy/a0911.png
0.236729,0.24262,0.239674,0.006578,-4.053863,-6.895835,0.187038,Not Drowsy,Non Drowsy/a0915.png
0.263588,0.261488,0.262538,0.006493,-2.894769,-4.69992,-0.296811,Not Drowsy,Non Drowsy/a0919.png
0.226677,0.207027,0.216852,0.00641,-2.351876,-10.531842,-0.364081,Not Drowsy,Non Drowsy/a0923.png
0.198794,0.19676,0.197777,0.0,-1.89353,-7.405995,-0.542565,Not Drowsy,Non Drowsy/a0926.png
0.2246,0.21693,0.220765,0.012986,-2.345562,-6.9802,-0.372753,Not Drowsy,Non Drowsy/a0930.png
0.242417,0.249086,0.245751,0.013158,-3.858803,-8.693876,-0.40907,Not Drowsy,Non Drowsy/a0934.png
0.218254,0.214585,0.216419,0.012496,-1.617035,-9.215628,-0.400058,Not Drowsy,Non Drowsy/a0938.png
0.20929,0.188279,0.198784,0.012986,-2.620103,-12.39162,-0.403107,Not Drowsy,Non Drowsy/a0942.png
0.23365,0.204294,0.218972,0.006578,-2.23829,-7.668474,-0.624045,Not Drowsy,Non Drowsy/a0946.png
0.220386,0.230489,0.225437,0.012191,-1.298366,-9.718574,-0.236149,Not Drowsy,Non Drowsy/a0950.png
0.19093,0.206915,0.198922,0.015269,-1.910192,-8.27005,-0.24139,Not Drowsy,Non Drowsy/a0954.png
0.193446,0.185524,0.189485,0.012496,-2.735287,-11.851569,-0.210394,Not Drowsy,Non Drowsy/a0958.png
0.188663,0.19082,0.189742,0.0,-2.446041,-4.774769,0.055181,Not Drowsy,Non Drowsy/a0961.png
0.242486,0.235606,0.239046,0.015623,-2.135205,6.226302,0.539693,Not Drowsy,Non Drowsy/a0965.png
0.259711,0.256738,0.258224,0.025865,-1.322787,5.081006,0.102515,Not Drowsy,Non Drowsy/a0969.png
0.288792,0.289138,0.288965,0.006754,-2.028837,-1.153063,-0.353622,Not Drowsy,Non Drowsy/a0973.png
0.28679,0.291373,0.289081,0.0,-0.902944,-1.496188,0.343788,Not Drowsy,Non Drowsy/a0977.png
0.236024,0.228973,0.232498,0.007042,-1.091993,-2.819294,0.36126,Not Drowsy,Non Drowsy/a0981.png
0.273992,0.262304,0.268148,0.006849,-2.515753,-0.806257,-0.027123,Not Drowsy,Non Drowsy/a0985.png
0.261402,0.253247,0.257325,0.013697,-1.520082,-2.877287,0.182278,Not Drowsy,Non Drowsy/a0989.png
0.261488,0.246959,0.254223,0.006849,-2.062823,-1.692233,0.04949,Not Drowsy,Non Drowsy/a0993.png
0.256098,0.272821,0.26446,0.0,-2.141627,-2.821417,-0.132104,Not Drowsy,Non Drowsy/a0996.png
0.268369,0.27362,0.270995,0.014085,-0.827409,-1.829281,0.045003,Not Drowsy,Non Drowsy/a1000.png
0.268277,0.281113,0.274695,0.007042,-1.314619,-3.040962,-0.044579,Not Drowsy,Non Drowsy/a1004.png
0.288897,0.291373,0.290135,0.021429,-2.609435,-2.808359,-0.090246,Not Drowsy,Non Drowsy/a1008.png
0.281294,0.281197,0.281246,0.0,-0.775805,-3.459287,0.428076,Not Drowsy,Non Drowsy/a1012.png
0.249177,0.24258,0.245878,0.006849,-1.901901,-4.815474,0.508579,Not Drowsy,Non Drowsy/a1016.png
0.275623,0.256098,0.265861,0.006944,-1.744815,-4.823462,0.404916,Not Drowsy,Non Drowsy/a1020.png
0.236399,0.222871,0.229635,0.006757,-2.063945,-4.28468,0.655726,Not Drowsy,Non Drowsy/a1024.png
0.271557,0.24258,0.257069,0.007143,-3.125684,-7.873035,0.619121,Not Drowsy,Non Drowsy/a1028.png
0.223846,0.196688,0.210267,0.013699,-1.7787,-8.60519,0.794261,Not Drowsy,Non Drowsy/a1031.png
0.239988,0.248943,0.244466,0.022168,-1.515407,-7.172974,0.20361,Not Drowsy,Non Drowsy/a1035.png
0.245695,0.239825,0.24276,0.019479,-2.248551,-7.680672,0.60168,Not Drowsy,Non Drowsy/a1039.png
0.254642,0.248943,0.251793,0.025185,-2.114849,-8.46923,0.451665,Not Drowsy,Non Drowsy/a1043.png
0.255495,0.253721,0.254608,0.006849,-6.118913,-11.658997,1.450884,Not Drowsy,Non Drowsy/a1047.png
0.259589,0.226419,0.243004,0.006944,-4.825083,-11.549868,1.123591,Not Drowsy,Non Drowsy/a1051.png
0.222789,0.227934,0.225362,0.014491,-6.467241,-12.577741,1.369693,Not Drowsy,Non Drowsy/a1055.png
0.236024,0.196174,0.216099,0.007039,-5.905777,-13.418269,1.913087,Not Drowsy,Non Drowsy/a1059.png
0.240376,0.235222,0.237799,0.014284,-5.275792,-12.973682,1.518027,Not Drowsy,Non Drowsy/a1063.png
0.234294,0.24258,0.238437,0.007246,-5.0765,-11.244275,1.072818,Not Drowsy,Non Drowsy/a1066.png
0.255495,0.240207,0.247851,0.014493,-5.127011,-11.942322,1.24208,Not Drowsy,Non Drowsy/a1070.png
0.232113,0.23551,0.233812,0.013889,-5.543839,-13.363696,1.114473,Not Drowsy,Non Drowsy/a1074.png
0.246963,0.253721,0.250342,0.014083,-5.484548,-12.479553,1.778116,Not Drowsy,Non Drowsy/a1078.png
0.234217,0.239655,0.236936,0.014284,-6.156786,-12.518534,1.584561,Not Drowsy,Non Drowsy/a1082.png
0.230417,0.223865,0.227141,0.006849,-5.416108,-12.035286,0.929837,Not Drowsy,Non Drowsy/a1086.png
0.242644,0.233453,0.238048,0.007042,-4.894556,-12.712859,1.052649,Not Drowsy,Non Drowsy/a1090.png
0.231111,0.240376,0.235744,0.025187,-3.539759,-11.255797,0.244993,Not Drowsy,Non Drowsy/a1094.png
0.211164,0.21276,0.211962,0.006757,-5.207908,-11.045349,0.445247,Not Drowsy,Non Drowsy/a1098.png
0.218254,0.240025,0.229139,0.023067,-3.74506,-8.482505,0.70563,Not Drowsy,Non Drowsy/a1101.png
0.2248,0.214054,0.219427,0.021607,-2.76914,-9.606479,0.434393,Not Drowsy,Non Drowsy/a1105.png
0.224867,0.233453,0.22916,0.024229,-3.21542,-7.750371,0.660887,Not Drowsy,Non Drowsy/a1109.png
0.242725,0.246599,0.244662,0.0,-3.757955,-8.079729,0.485419,Not Drowsy,Non Drowsy/a1113.png
0.183929,0.184954,0.184442,0.02054,-5.192895,-8.659416,1.526497,Not Drowsy,Non Drowsy/a1117.png
0.242725,0.233453,0.238089,0.019735,-2.718953,-6.839039,0.172466,Not Drowsy,Non Drowsy/a1121.png
0.255392,0.260398,0.257895,0.007042,-0.640832,-5.807436,-0.012967,Not Drowsy,Non Drowsy/a1125.png
0.236875,0.247044,0.241959,0.013332,0.070235,-5.374785,-0.217467,Not Drowsy,Non Drowsy/a1129.png
0.255141,0.286968,0.271055,0.006944,-0.808699,-7.614834,-0.652541,Not Drowsy,Non Drowsy/a1133.png
0.252697,0.246883,0.24979,0.007042,-2.619459,-6.22844,0.367919,Not Drowsy,Non Drowsy/a1136.png
0.243172,0.236024,0.239598,0.0,-0.993606,-6.764868,0.06985,Not Drowsy,Non Drowsy/a1140.png
0.227272,0.204294,0.215783,0.025187,-1.197309,-5.720039,0.354593,Not Drowsy,Non Drowsy/a1144.png
0.23568,0.223892,0.229786,0.007142,-0.414901,-2.659486,-0.548112,Not Drowsy,Non Drowsy/a1148.png
0.209739,0.185595,0.197667,0.006578,0.056244,-5.971608,-0.148041,Not Drowsy,Non Drowsy/a1152.png
0.223846,0.24258,0.233213,0.020268,-1.335764,-5.141336,-0.092123,Not Drowsy,Non Drowsy/a1156.png
0.242933,0.238217,0.240575,0.022454,-0.038171,-7.578298,-0.379803,Not Drowsy,Non Drowsy/a1160.png
0.245984,0.236399,0.241191,0.006493,-1.187545,-5.068961,0.31678,Not Drowsy,Non Drowsy/a1164.png
0.223846,0.222871,0.223358,0.013158,-1.160692,-8.057165,0.626047,Not Drowsy,Non Drowsy/a1168.png
0.233757,0.255495,0.244626,0.009065,-1.348668,-6.971832,0.537303,Not Drowsy,Non Drowsy/a1171.png
0.230201,0.227574,0.228887,0.022168,-1.252346,-7.548826,-0.096541,Not Drowsy,Non Drowsy/a1175.png
0.211372,0.222789,0.217081,0.013332,-1.294726,-8.857653,-0.050908,Not Drowsy,Non Drowsy/a1179.png
0.13761,0.119195,0.128403,0.019224,-1.121158,-10.251277,0.114121,Not Drowsy,Non Drowsy/a1183.png
0.222789,0.249511,0.23615,0.0,-1.924528,-8.704563,-0.040041,Not Drowsy,Non Drowsy/a1187.png
0.242644,0.24262,0.242632,0.006493,-0.98926,-5.865575,0.482905,Not Drowsy,Non Drowsy/a1191.png
0.229733,0.209815,0.219774,0.022761,-1.664741,-8.079206,-0.103024,Not Drowsy,Non Drowsy/a1195.png
0.236321,0.236024,0.236172,0.006406,-0.64458,-8.12868,-0.119753,Not Drowsy,Non Drowsy/a1199.png
0.240376,0.235938,0.238157,0.013332,-1.744693,-10.992629,0.291679,Not Drowsy,Non Drowsy/a1203.png
0.236387,0.242536,0.239461,0.006666,-1.521257,-8.904013,0.472342,Not Drowsy,Non Drowsy/a1206.png
0.222789,0.207918,0.215354,0.016095,-2.389779,-10.390523,0.648554,Not Drowsy,Non Drowsy/a1210.png
0.234294,0.236024,0.235159,0.012986,-1.176911,-8.291873,0.717076,Not Drowsy,Non Drowsy/a1214.png
0.229813,0.228973,0.229393,0.013699,-2.65865,-9.191184,0.820282,Not Drowsy,Non Drowsy/a1218.png
0.223846,0.252789,0.238318,0.015882,-0.846772,-9.647276,0.257855,Not Drowsy,Non Drowsy/a1222.png
0.206091,0.188663,0.197377,0.021607,-4.163661,-10.121592,1.33014,Not Drowsy,Non Drowsy/a1226.png
0.246061,0.249177,0.247619,0.024541,-3.966692,-11.006268,0.784968,Not Drowsy,Non Drowsy/a1230.png
0.234466,0.224867,0.229667,0.005952,-1.893481,-11.939828,1.050822,Not Drowsy,Non Drowsy/a1234.png
0.219513,0.211164,0.215338,0.012194,-2.854449,-12.91039,1.732889,Not Drowsy,Non Drowsy/a1238.png
0.222695,0.234217,0.228456,0.017459,-2.224461,-11.563216,0.891709,Not Drowsy,Non Drowsy/a1241.png
0.239916,0.261488,0.250702,0.012047,-1.825584,-11.18398,0.864063,Not Drowsy,Non Drowsy/a1245.png
0.196369,0.207924,0.202147,0.008417,-2.601113,-13.872162,0.960598,Not Drowsy,Non Drowsy/a1249.png
0.259011,0.256098,0.257555,0.0,-3.677008,-6.75183,1.066073,Not Drowsy,Non Drowsy/a1253.png
0.254871,0.24262,0.248745,0.012819,-3.431829,-5.355159,0.329642,Not Drowsy,Non Drowsy/a1257.png
0.217312,0.20989,0.213601,0.0,3.636006,-6.452748,-0.47464,Not Drowsy,Non Drowsy/b0001.png
0.280245,0.258607,0.269426,0.021879,11.843353,-11.627714,-0.319591,Not Drowsy,Non Drowsy/b0005.png
0.271964,0.256548,0.264256,0.106498,10.053663,-9.81086,-3.685078,Not Drowsy,Non Drowsy/b0009.png
0.315323,0.276418,0.295871,0.0,10.377372,-7.453384,-2.179512,Not Drowsy,Non Drowsy/b0013.png
0.307,0.26079,0.283895,0.005881,12.014829,-8.915493,-1.825168,Not Drowsy,Non Drowsy/b0017.png
0.278121,0.259949,0.269035,0.198022,14.707905,-12.720589,-4.571423,Not Drowsy,Non Drowsy/b0020.png
0.269764,0.261128,0.265446,0.011191,14.27984,-10.57526,-5.417625,Not Drowsy,Non Drowsy/b0024.png
0.192442,0.185667,0.189054,0.021913,13.384708,-12.053925,-5.584032,Not Drowsy,Non Drowsy/b0028.png
0.269764,0.2438,0.256782,0.019467,12.219958,-11.304028,-6.368389,Not Drowsy,Non Drowsy/b0032.png
0.284106,0.23368,0.258893,0.159147,14.474396,-11.738873,-3.930786,Not Drowsy,Non Drowsy/b0036.png
0.271403,0.236516,0.253959,0.028363,14.231867,-13.175581,-3.428882,Not Drowsy,Non Drowsy/b0040.png
0.290375,0.244547,0.267461,0.016827,14.506072,-12.494584,-3.03218,Not Drowsy,Non Drowsy/b0044.png
0.266481,0.250378,0.25843,0.019838,14.454914,-12.18583,-2.744021,Not Drowsy,Non Drowsy/b0048.png
0.270686,0.260697,0.265691,0.00555,14.751584,-14.456963,-3.372576,Not Drowsy,Non Drowsy/b0052.png
0.278121,0.25,0.264061,0.017018,14.779684,-12.62249,-3.866475,Not Drowsy,Non Drowsy/b0055.png
0.276044,0.234161,0.255102,0.210735,16.446526,-10.957126,-4.183056,Not Drowsy,Non Drowsy/b0059.png
0.285179,0.250378,0.267779,0.017213,15.001281,-11.027734,-3.199747,Not Drowsy,Non Drowsy/b0063.png
0.290375,0.244666,0.26752,0.023259,15.154771,-10.764732,-5.447427,Not Drowsy,Non Drowsy/b0067.png
0.305799,0.254596,0.280197,0.011962,15.39913,-9.292342,-5.651237,Not Drowsy,Non Drowsy/b0071.png
0.071734,0.045065,0.058399,0.024345,14.902856,-16.125265,-4.095346,Not Drowsy,Non Drowsy/b0075.png
0.282305,0.251666,0.266986,0.013867,13.306389,-12.946052,-1.785011,Not Drowsy,Non Drowsy/b0079.png
0.2618,0.227491,0.244646,0.005744,14.293219,-16.524603,-1.998846,Not Drowsy,Non Drowsy/b0083.png
0.269764,0.2506,0.260182,0.017044,14.350687,-15.62025,-1.330204,Not Drowsy,Non Drowsy/b0087.png
0.251602,0.246671,0.249137,0.016663,15.64749,-15.098747,-1.700046,Not Drowsy,Non Drowsy/b0090.png
0.278726,0.246145,0.262435,0.010638,17.745705,-13.047246,-1.013053,Not Drowsy,Non Drowsy/b0094.png
0.267418,0.255433,0.261426,0.010403,16.284485,-16.58759,-3.659868,Not Drowsy,Non Drowsy/b0098.png
0.294557,0.262705,0.278631,0.022427,18.644956,-11.713854,-4.483198,Not Drowsy,Non Drowsy/b0102.png
0.314176,0.263443,0.288809,0.016459,20.460657,-13.282606,-4.633732,Not Drowsy,Non Drowsy/b0106.png
0.296794,0.269042,0.282918,0.005615,18.874611,-13.10041,-3.559476,Not Drowsy,Non Drowsy/b0110.png
0.293814,0.269777,0.281796,0.177635,18.952615,-9.640298,-3.981315,Not Drowsy,Non Drowsy/b0114.png
0.280978,0.23498,0.257979,0.005882,19.161741,-11.722005,-2.288716,Not Drowsy,Non Drowsy/b0118.png
0.296699,0.259587,0.278143,0.0,17.935401,-13.116941,-3.049653,Not Drowsy,Non Drowsy/b0122.png
0.27781,0.249173,0.263492,0.010737,18.359372,-14.337067,-3.905023,Not Drowsy,Non Drowsy/b0125.png
0.263328,0.250437,0.256882,0.010512,17.648927,-14.897723,-3.76544,Not Drowsy,Non Drowsy/b0129.png
0.258234,0.239564,0.248899,0.010617,18.878462,-14.109448,-3.798692,Not Drowsy,Non Drowsy/b0133.png
0.288132,0.253952,0.271042,0.010512,19.327887,-12.938027,-3.698254,Not Drowsy,Non Drowsy/b0137.png
0.269052,0.267204,0.268128,0.012171,18.27025,-11.023824,-3.277868,Not Drowsy,Non Drowsy/b0141.png
0.286358,0.263667,0.275013,0.012049,20.04109,-10.609738,-3.154737,Not Drowsy,Non Drowsy/b0145.png
0.281722,0.263178,0.27245,0.012066,20.398828,-9.270721,-3.430683,Not Drowsy,Non Drowsy/b0149.png
0.257001,0.245831,0.251416,0.011386,18.014538,-10.662696,-1.395498,Not Drowsy,Non Drowsy/b0153.png
0.255854,0.254327,0.25509,0.011764,19.887338,-14.33419,-2.700874,Not Drowsy,Non Drowsy/b0157.png
0.299297,0.262002,0.28065,0.004715,16.934557,-6.733948,-3.105515,Not Drowsy,Non Drowsy/b0160.png
0.309434,0.268141,0.288787,0.005304,19.635437,-9.963145,-4.164541,Not Drowsy,Non Drowsy/b0164.png
0.308728,0.264117,0.286423,0.013461,18.981626,-11.271393,-6.364,Not Drowsy,Non Drowsy/b0168.png
0.329544,0.278306,0.303925,0.271669,19.032471,-11.440842,-6.066172,Not Drowsy,Non Drowsy/b0172.png
0.301742,0.264382,0.283062,0.017222,18.994097,-11.220407,-3.396966,Not Drowsy,Non Drowsy/b0176.png
0.150699,0.10965,0.130174,0.005249,19.406247,-13.830781,-4.715303,Not Drowsy,Non Drowsy/b0180.png
0.302796,0.26262,0.282708,0.0106,20.425817,-13.115077,-5.0487,Not Drowsy,Non Drowsy/b0184.png
0.30449,0.26734,0.285915,0.007826,21.842501,-16.385734,-6.43854,Not Drowsy,Non Drowsy/b0188.png
0.310217,0.272457,0.291337,0.009889,23.064051,-9.937512,-4.068778,Not Drowsy,Non Drowsy/b0192.png
0.298162,0.266924,0.282543,0.0193,21.53663,-15.273896,-5.204313,Not Drowsy,Non Drowsy/b0195.png
0.317549,0.274574,0.296061,0.014383,24.353626,-13.868567,-5.519923,Not Drowsy,Non Drowsy/b0199.png
0.315996,0.248701,0.282349,0.0,23.145523,-11.214626,-5.024539,Not Drowsy,Non Drowsy/b0203.png
0.340184,0.304411,0.322297,0.017018,22.834671,-7.107307,-5.666598,Not Drowsy,Non Drowsy/b0207.png
0.281057,0.238142,0.259599,0.012402,21.510899,-12.312165,-4.677685,Not Drowsy,Non Drowsy/b0211.png
0.303604,0.256757,0.280181,0.015758,22.264319,-10.985854,-3.200196,Not Drowsy,Non Drowsy/b0215.png
0.300309,0.264426,0.282367,0.007062,23.870882,-8.86735,-2.00818,Not Drowsy,Non Drowsy/b0219.png
0.317313,0.265002,0.291157,0.004991,22.686909,-10.565561,-2.975324,Not Drowsy,Non Drowsy/b0223.png
0.274748,0.253279,0.264013,0.012421,21.994802,-12.066856,-3.244959,Not Drowsy,Non Drowsy/b0227.png
0.299241,0.261486,0.280363,0.010083,22.887596,-12.155828,-3.50896,Not Drowsy,Non Drowsy/b0230.png
0.305723,0.25283,0.279277,0.0,24.012635,-10.120634,-4.280135,Not Drowsy,Non Drowsy/b0234.png
0.160435,0.188314,0.174374,0.019108,21.363326,-15.564692,-5.213296,Not Drowsy,Non Drowsy/b0238.png
0.28711,0.248719,0.267915,0.00518,20.002463,-17.642728,-6.006588,Not Drowsy,Non Drowsy/b0242.png
0.274605,0.243726,0.259166,0.0,21.033309,-14.225758,-5.148984,Not Drowsy,Non Drowsy/b0246.png
0.283708,0.24323,0.263469,0.014649,22.725065,-9.884282,-3.887648,Not Drowsy,Non Drowsy/b0250.png
0.290806,0.23921,0.265008,0.004984,21.451884,-12.569378,-4.762509,Not Drowsy,Non Drowsy/b0254.png
0.297195,0.26033,0.278762,0.018039,22.581972,-9.579556,-3.489565,Not Drowsy,Non Drowsy/b0258.png
0.260068,0.255799,0.257934,0.020929,23.613852,-7.786319,2.372809,Not Drowsy,Non Drowsy/b0262.png
0.321328,0.276391,0.298859,0.06002,21.168678,-3.538567,1.375755,Not Drowsy,Non Drowsy/b0265.png
0.315668,0.267204,0.291436,0.017665,-18.978035,19.128386,0.071099,Not Drowsy,Non Drowsy/b0269.png
0.319776,0.258002,0.288889,0.024689,26.507784,-12.30375,-3.761168,Not Drowsy,Non Drowsy/b0273.png
0.286921,0.241541,0.264231,0.014703,23.697502,-8.186485,-0.854784,Not Drowsy,Non Drowsy/b0277.png
0.285271,0.230822,0.258046,0.00987,22.704608,-13.447012,-5.184768,Not Drowsy,Non Drowsy/b0281.png
0.271839,0.249086,0.260463,0.010498,20.791167,-17.448076,-6.237295,Not Drowsy,Non Drowsy/b0285.png
0.301939,0.248577,0.275258,0.010283,22.29511,-13.039165,-5.044142,Not Drowsy,Non Drowsy/b0289.png
0.282427,0.247487,0.264957,0.004926,21.340082,-9.288908,-5.182094,Not Drowsy,Non Drowsy/b0293.png
0.300529,0.252212,0.27637,0.0,21.407671,-9.228491,-5.528076,Not Drowsy,Non Drowsy/b0297.png
0.307408,0.229248,0.268328,0.0,21.155554,-16.953192,-6.059087,Not Drowsy,Non Drowsy/b0300.png
0.298211,0.248701,0.273456,0.016129,22.998949,-15.279523,-5.381392,Not Drowsy,Non Drowsy/b0304.png
0.283848,0.235076,0.259462,0.009968,21.365282,-16.138156,-5.393357,Not Drowsy,Non Drowsy/b0308.png
0.300556,0.258245,0.279401,0.005141,20.308205,-16.897326,-5.889368,Not Drowsy,Non Drowsy/b0312.png
0.29481,0.233682,0.264246,0.0,21.006317,-21.724941,-7.31414,Not Drowsy,Non Drowsy/b0316.png
0.264825,0.234352,0.249588,0.005076,20.558258,-20.881806,-6.637853,Not Drowsy,Non Drowsy/b0320.png
0.26966,0.244331,0.256995,0.014391,21.149837,-12.669765,-3.669855,Not Drowsy,Non Drowsy/b0324.png
0.270216,0.235635,0.252926,0.018978,21.25937,-13.450194,-4.130481,Not Drowsy,Non Drowsy/b0328.png
0.270883,0.244631,0.257757,0.004802,22.019202,-12.304286,-4.482759,Not Drowsy,Non Drowsy/b0332.png
0.266013,0.22395,0.244981,0.004496,22.544354,-11.093961,-3.264873,Not Drowsy,Non Drowsy/b0335.png
0.313012,0.25163,0.282321,0.015442,22.162161,-11.726463,-4.903806,Not Drowsy,Non Drowsy/b0339.png
0.285271,0.252227,0.268749,0.00987,22.310328,-12.623274,-4.655907,Not Drowsy,Non Drowsy/b0343.png
0.178458,0.198626,0.188542,0.010088,12.358017,-26.522847,-4.70877,Not Drowsy,Non Drowsy/b0347.png
0.257682,0.255281,0.256481,0.005804,13.571104,-11.686878,-2.416373,Not Drowsy,Non Drowsy/b0453.png
0.23699,0.201032,0.219011,0.011752,13.031677,-14.40915,-2.409869,Not Drowsy,Non Drowsy/b0457.png
0.254237,0.245107,0.249672,0.005876,13.118668,-12.35665,-1.953304,Not Drowsy,Non Drowsy/b0461.png
0.271964,0.235141,0.253553,0.201556,12.702564,-13.171435,-4.119136,Not Drowsy,Non Drowsy/b0465.png
0.217605,0.19667,0.207138,0.011087,11.407559,-15.834328,-3.985362,Not Drowsy,Non Drowsy/b0469.png
0.204852,0.189458,0.197155,0.0,10.751498,-11.529598,-1.978202,Not Drowsy,Non Drowsy/b0472.png
0.220274,0.211457,0.215865,0.018506,9.458523,-11.704647,-2.354834,Not Drowsy,Non Drowsy/b0476.png
0.265047,0.244406,0.254726,0.012811,10.738491,-10.374794,-1.84291,Not Drowsy,Non Drowsy/b0480.png
0.248437,0.22881,0.238624,0.006489,10.583902,-9.590262,-1.86126,Not Drowsy,Non Drowsy/b0484.png
0.257257,0.249957,0.253607,0.0,5.167446,-9.151119,-3.328913,Not Drowsy,Non Drowsy/b0488.png
0.266199,0.262802,0.2645,0.006494,7.351882,-3.155346,-0.984775,Not Drowsy,Non Drowsy/b0492.png
0.271393,0.256548,0.263971,0.0,8.47853,-1.953781,-1.635905,Not Drowsy,Non Drowsy/b0496.png
0.289891,0.266609,0.27825,0.014901,9.989292,3.299978,-1.669136,Not Drowsy,Non Drowsy/b0500.png
0.266367,0.259946,0.263156,0.006327,10.485788,1.794506,-2.138852,Not Drowsy,Non Drowsy/b0504.png
0.273699,0.260674,0.267186,0.006577,11.510347,1.783537,-1.800622,Not Drowsy,Non Drowsy/b0507.png
0.232991,0.232714,0.232853,0.013332,2.708886,-3.908374,0.41633,Not Drowsy,Non Drowsy/b0511.png
0.320158,0.320158,0.320158,0.0,9.491339,-6.878124,-1.577887,Not Drowsy,Non Drowsy/c0005.png
0.362038,0.355133,0.358586,0.0,12.592296,-7.37829,-2.568426,Not Drowsy,Non Drowsy/c0009.png
0.344046,0.338425,0.341235,0.017854,15.84305,-7.83322,-1.296822,Not Drowsy,Non Drowsy/c0013.png
0.271318,0.274829,0.273073,0.007568,5.665013,-10.51908,2.162885,Not Drowsy,Non Drowsy/c0018.png
0.398015,0.404686,0.40135,0.015595,-0.193367,-7.801608,3.830466,Not Drowsy,Non Drowsy/c0023.png
0.341044,0.342017,0.34153,0.008315,-2.864036,-7.307019,3.091571,Not Drowsy,Non Drowsy/c0027.png
0.404493,0.397981,0.401237,0.016657,0.496016,-8.490243,2.189373,Not Drowsy,Non Drowsy/c0031.png
0.278547,0.306186,0.292366,0.015136,6.086066,-13.435666,-3.466418,Not Drowsy,Non Drowsy/c0038.png
0.389351,0.388382,0.388866,0.007352,6.902413,-9.149834,-0.652414,Not Drowsy,Non Drowsy/c0042.png
0.331392,0.333224,0.332308,0.015377,6.413414,-10.855682,-1.614676,Not Drowsy,Non Drowsy/c0046.png
0.396784,0.400208,0.398496,0.02857,7.114246,-9.361822,-0.871269,Not Drowsy,Non Drowsy/c0050.png
0.38789,0.401445,0.394668,0.0,4.616292,-9.239618,-0.512105,Not Drowsy,Non Drowsy/c0054.png
0.383908,0.389295,0.386601,0.03326,-11.326713,-9.809133,4.091485,Not Drowsy,Non Drowsy/c0058.png
0.338357,0.374162,0.356259,0.016391,-5.627338,-8.955406,1.982786,Not Drowsy,Non Drowsy/c0062.png
0.334208,0.343116,0.338662,0.021739,1.679407,-9.464899,0.502028,Not Drowsy,Non Drowsy/c0066.png
0.351357,0.368294,0.359825,0.028147,7.635141,-14.031156,-1.243751,Not Drowsy,Non Drowsy/c0071.png
0.395209,0.40358,0.399394,0.02626,7.289767,-20.84274,-1.755536,Not Drowsy,Non Drowsy/c0080.png
0.371371,0.39268,0.382026,0.017752,9.034631,-18.375584,-1.142081,Not Drowsy,Non Drowsy/c0086.png
0.368053,0.364797,0.366425,0.015623,8.996813,-17.187789,0.475381,Not Drowsy,Non Drowsy/c0090.png
0.338902,0.370889,0.354896,0.008329,3.903232,-14.683212,1.664117,Not Drowsy,Non Drowsy/c0094.png
0.324489,0.333333,0.328911,0.030737,-5.068122,-11.869989,3.060145,Not Drowsy,Non Drowsy/c0098.png
0.370775,0.307624,0.339199,0.0,20.784179,-13.136238,1.531588,Not Drowsy,Non Drowsy/c0102.png
0.333445,0.27735,0.305398,0.019241,29.680701,-7.231753,5.464558,Not Drowsy,Non Drowsy/c0109.png
0.321116,0.324974,0.323045,0.031216,-4.249122,-9.933372,2.780232,Not Drowsy,Non Drowsy/c0125.png
0.347622,0.342729,0.345175,0.025409,-9.028484,-12.633133,3.152876,Not Drowsy,Non Drowsy/c0129.png
0.330903,0.370248,0.350576,0.029837,-8.342263,-9.107074,2.007933,Not Drowsy,Non Drowsy/c0132.png
0.368294,0.382486,0.37539,0.042761,4.343179,-15.240232,0.80919,Not Drowsy,Non Drowsy/c0136.png
0.353988,0.401947,0.377967,0.032244,-0.337123,-11.125426,1.059574,Not Drowsy,Non Drowsy/c0140.png
0.378614,0.396839,0.387726,0.047161,1.038979,-13.300224,0.803629,Not Drowsy,Non Drowsy/c0144.png
0.379116,0.414226,0.396671,0.051006,-0.884913,-8.501724,2.037897,Not Drowsy,Non Drowsy/c0148.png
0.387769,0.400602,0.394186,0.069157,-2.121628,-11.986726,2.172331,Not Drowsy,Non Drowsy/c0152.png
0.395462,0.393315,0.394388,0.018179,3.308264,-5.110584,-1.02157,Not Drowsy,Non Drowsy/c0156.png
0.372374,0.386143,0.379258,0.031018,2.45366,-8.238043,-1.047392,Not Drowsy,Non Drowsy/c0160.png
0.318312,0.324196,0.321254,0.035016,4.958885,-18.729469,-2.524082,Not Drowsy,Non Drowsy/c0164.png
0.395103,0.381735,0.388419,0.0,1.188203,-13.730281,0.030914,Not Drowsy,Non Drowsy/c0167.png
0.226482,0.226482,0.226482,0.032999,0.649223,-14.674885,-0.035163,Not Drowsy,Non Drowsy/c0171.png
0.326285,0.334708,0.330496,0.018179,0.985216,-10.29658,-0.206689,Not Drowsy,Non Drowsy/c0175.png
0.381052,0.394168,0.38761,0.034469,-0.397118,-10.495811,1.929673,Not Drowsy,Non Drowsy/c0179.png
0.306343,0.28967,0.298006,0.038462,9.237439,-13.850432,0.247313,Not Drowsy,Non Drowsy/c0183.png
0.364732,0.324014,0.344373,0.049984,19.811403,-7.339748,0.518646,Not Drowsy,Non Drowsy/c0187.png
0.415102,0.407055,0.411078,0.008333,13.187643,-10.271719,-0.69422,Not Drowsy,Non Drowsy/c0195.png
0.351611,0.298782,0.325196,0.019104,28.169763,-10.679713,1.888086,Not Drowsy,Non Drowsy/c0200.png
0.307345,0.260018,0.283681,0.0,25.398414,-10.068131,1.618383,Not Drowsy,Non Drowsy/c0204.png
0.351392,0.308215,0.329804,0.017786,27.160157,-9.080715,1.682984,Not Drowsy,Non Drowsy/c0207.png
0.321429,0.291254,0.306341,0.017756,29.342617,-11.058306,0.791967,Not Drowsy,Non Drowsy/c0214.png
0.133932,0.122577,0.128254,0.032448,23.889087,-8.988274,1.409308,Not Drowsy,Non Drowsy/c0218.png
0.342729,0.332443,0.337586,0.009245,12.809418,-7.325154,-4.673678,Not Drowsy,Non Drowsy/c0227.png
0.353421,0.34601,0.349716,0.016667,5.605047,-6.645532,0.000543,Not Drowsy,Non Drowsy/c0231.png
0.303289,0.314388,0.308838,0.037387,7.177268,-6.571247,-0.738274,Not Drowsy,Non Drowsy/c0235.png
0.340342,0.318405,0.329373,0.014919,6.26557,-7.242268,0.536892,Not Drowsy,Non Drowsy/c0239.png
0.355745,0.34601,0.350878,0.016664,7.518115,-6.356972,0.263544,Not Drowsy,Non Drowsy/c0243.png
0.249086,0.220847,0.234967,0.022725,8.422278,-7.382215,-0.979209,Not Drowsy,Non Drowsy/c0247.png
0.243863,0.246645,0.245254,0.025,6.693267,-7.884643,-0.289056,Not Drowsy,Non Drowsy/c0250.png
0.432182,0.484673,0.458428,0.0,-22.211012,-8.883234,1.113735,Not Drowsy,Non Drowsy/c0254.png
0.370248,0.381663,0.375955,0.038715,0.798733,-6.435174,-0.106927,Not Drowsy,Non Drowsy/c0258.png
0.328976,0.328678,0.328827,0.016949,0.292864,-5.902267,0.701113,Not Drowsy,Non Drowsy/c0262.png
0.356977,0.34992,0.353448,0.021501,8.065303,-6.569696,1.944549,Not Drowsy,Non Drowsy/c0266.png
0.33725,0.328798,0.333024,0.026769,6.339243,-6.365822,1.638364,Not Drowsy,Non Drowsy/c0270.png
0.351882,0.348493,0.350187,0.023392,9.252623,-6.099755,1.070571,Not Drowsy,Non Drowsy/c0274.png
0.347797,0.340467,0.344132,0.016927,11.266065,-5.815143,1.380582,Not Drowsy,Non Drowsy/c0278.png
0.365732,0.36078,0.363256,0.016657,15.775579,-5.715351,0.242606,Not Drowsy,Non Drowsy/c0282.png
0.338233,0.32729,0.332761,0.020107,16.638228,-5.2345,0.251339,Not Drowsy,Non Drowsy/c0286.png
0.379204,0.386617,0.38291,0.020107,14.857407,-6.736705,0.079166,Not Drowsy,Non Drowsy/c0289.png
0.420438,0.394693,0.407566,0.016939,18.445444,-4.554845,0.218694,Not Drowsy,Non Drowsy/c0293.png
0.37217,0.369779,0.370974,0.0,20.364023,-6.291746,-1.82673,Not Drowsy,Non Drowsy/c0297.png
0.333867,0.376116,0.354992,0.007684,0.746598,-12.333196,-0.775139,Not Drowsy,Non Drowsy/c0301.png
0.314934,0.308428,0.311681,0.02419,10.582164,-8.653165,-1.075374,Not Drowsy,Non Drowsy/c0305.png
0.338756,0.311531,0.325143,0.02459,16.785234,-9.421042,-2.218718,Not Drowsy,Non Drowsy/c0309.png
0.291909,0.328266,0.310088,0.024945,-3.437784,-8.023034,3.881471,Not Drowsy,Non Drowsy/c0313.png
0.360395,0.374944,0.367669,0.016374,-6.2147,-10.357135,3.817824,Not Drowsy,Non Drowsy/c0317.png
0.273635,0.28926,0.281448,0.040604,-4.928484,-11.500834,7.660822,Not Drowsy,Non Drowsy/c0321.png
0.337079,0.392878,0.364979,0.049488,-5.768886,-16.303449,2.925999,Not Drowsy,Non Drowsy/c0324.png
0.358373,0.380951,0.369662,0.029837,-8.821915,-10.085764,3.493857,Not Drowsy,Non Drowsy/c0328.png
0.403114,0.406571,0.404842,0.016385,-3.74448,-9.108294,2.604166,Not Drowsy,Non Drowsy/c0332.png
0.37219,0.368852,0.370521,0.018852,-2.793304,-8.780124,1.946658,Not Drowsy,Non Drowsy/c0336.png
0.288502,0.295457,0.291979,0.017239,4.327885,-13.150246,0.086949,Not Drowsy,Non Drowsy/c0340.png
0.177,0.173953,0.175476,0.026661,1.872055,-11.315015,1.042469,Not Drowsy,Non Drowsy/c0344.png
0.337524,0.326586,0.332055,0.035682,-0.270416,-9.065239,2.693559,Not Drowsy,Non Drowsy/c0348.png
0.318953,0.327561,0.323257,0.025391,-5.770379,-11.759352,3.677815,Not Drowsy,Non Drowsy/c0352.png
0.355277,0.370685,0.362981,0.018551,-4.059911,-9.757841,3.274635,Not Drowsy,Non Drowsy/c0356.png
0.356026,0.371091,0.363558,0.027502,-3.232526,-9.239076,2.96843,Not Drowsy,Non Drowsy/c0359.png
0.350839,0.367839,0.359339,0.016077,-4.141496,-11.229017,3.180817,Not Drowsy,Non Drowsy/c0363.png
0.367746,0.360586,0.364166,0.024945,-5.001614,-9.823491,3.770477,Not Drowsy,Non Drowsy/c0372.png
0.3619,0.373825,0.367862,0.028545,-4.841868,-8.032681,3.461638,Not Drowsy,Non Drowsy/c0376.png
0.342299,0.331517,0.336908,0.008455,-4.601179,-11.006375,4.1467,Not Drowsy,Non Drowsy/c0380.png
0.349464,0.362143,0.355804,0.053471,-4.927569,-8.652869,4.091176,Not Drowsy,Non Drowsy/c0384.png
0.349316,0.375165,0.362241,0.024945,-4.582157,-10.836132,4.468566,Not Drowsy,Non Drowsy/c0388.png
0.354161,0.36006,0.357111,0.025409,-3.234937,-11.84941,4.30537,Not Drowsy,Non Drowsy/c0392.png
0.2131,0.204975,0.209037,0.031155,-4.416909,-14.30895,5.085231,Not Drowsy,Non Drowsy/c0396.png
0.360395,0.379798,0.370097,0.024508,-4.011346,-11.080268,5.271892,Not Drowsy,Non Drowsy/c0399.png
0.333333,0.330467,0.3319,0.015108,-3.771955,-10.010777,4.696538,Not Drowsy,Non Drowsy/c0403.png
0.349316,0.349217,0.349267,0.008292,-4.285409,-11.490362,5.750494,Not Drowsy,Non Drowsy/c0408.png
0.367746,0.399698,0.383722,0.025759,-3.020668,-10.694314,4.949115,Not Drowsy,Non Drowsy/c0412.png
0.313774,0.330804,0.322289,0.008315,-1.845021,-11.585648,4.662357,Not Drowsy,Non Drowsy/c0416.png
0.291977,0.310889,0.301433,0.008169,-3.047339,-10.989151,4.799389,Not Drowsy,Non Drowsy/c0420.png
0.322942,0.341526,0.332234,0.0086,-2.437582,-11.995295,4.848884,Not Drowsy,Non Drowsy/c0424.png
0.345099,0.356824,0.350961,0.024914,-2.434052,-11.325127,4.996203,Not Drowsy,Non Drowsy/c0428.png
0.327371,0.310889,0.31913,0.027892,-1.472382,-11.998701,4.94768,Not Drowsy,Non Drowsy/c0432.png
0.294342,0.297888,0.296115,0.016339,-2.220442,-12.133966,4.846988,Not Drowsy,Non Drowsy/c0435.png
0.354629,0.357513,0.356071,0.015823,-2.505443,-10.89445,3.953096,Not Drowsy,Non Drowsy/c0440.png
0.33781,0.331069,0.334439,0.023392,-1.822749,-9.939827,3.402355,Not Drowsy,Non Drowsy/c0444.png
0.274937,0.271046,0.272991,0.016121,1.589545,-11.365833,1.042695,Not Drowsy,Non Drowsy/c0448.png
0.27893,0.257934,0.268432,0.008065,8.431008,-9.043687,-1.207959,Not Drowsy,Non Drowsy/d0001.png
0.296441,0.291426,0.293933,0.0,4.51862,-6.594005,4.277607,Not Drowsy,Non Drowsy/d0005.png
0.297938,0.30323,0.300584,0.0,2.561928,-9.775189,-4.183567,Not Drowsy,Non Drowsy/d0009.png
0.294276,0.285598,0.289937,0.015871,4.832474,-9.684409,-2.090046,Not Drowsy,Non Drowsy/d0013.png
0.280024,0.30869,0.294357,0.015623,5.011593,-8.355011,-1.791851,Not Drowsy,Non Drowsy/d0017.png
0.302475,0.30869,0.305583,0.0,7.640548,-8.846841,-2.447377,Not Drowsy,Non Drowsy/d0020.png
0.312669,0.298904,0.305787,0.015865,11.958191,-7.106208,-3.014492,Not Drowsy,Non Drowsy/d0024.png
0.327965,0.309023,0.318494,0.008187,11.997671,-7.617823,-3.422568,Not Drowsy,Non Drowsy/d0028.png
0.273625,0.264591,0.269108,0.0,9.948647,-8.902498,-3.621359,Not Drowsy,Non Drowsy/d0032.png
0.289862,0.257514,0.273688,0.007921,14.619171,-9.863444,-4.570065,Not Drowsy,Non Drowsy/d0036.png
0.319478,0.299878,0.309678,0.015623,11.258178,-8.88326,-1.857766,Not Drowsy,Non Drowsy/d0041.png
0.318791,0.291909,0.30535,0.007689,12.21093,-8.045937,-2.399891,Not Drowsy,Non Drowsy/d0047.png
0.307096,0.27833,0.292713,0.008192,15.941623,-6.218384,-3.218451,Not Drowsy,Non Drowsy/d0051.png
0.299833,0.273065,0.286449,0.00847,14.224126,-5.770549,-2.628998,Not Drowsy,Non Drowsy/d0057.png
0.322413,0.27833,0.300372,0.008192,14.974283,-4.222777,-2.871937,Not Drowsy,Non Drowsy/d0060.png
0.328834,0.300158,0.314496,0.0,13.096827,-5.531453,-1.086727,Not Drowsy,Non Drowsy/d0064.png
0.267463,0.258725,0.263094,0.016947,8.721517,-6.638099,0.405641,Not Drowsy,Non Drowsy/d0068.png
0.281113,0.25,0.265556,0.016391,8.994437,-6.746167,-0.416791,Not Drowsy,Non Drowsy/d0072.png
0.318036,0.29361,0.305823,0.0,10.104822,-7.367245,-1.868709,Not Drowsy,Non Drowsy/d0076.png
0.318036,0.290659,0.304348,0.0,13.578966,-6.169894,-2.549925,Not Drowsy,Non Drowsy/d0082.png
0.282706,0.271607,0.277157,0.0,14.58618,-4.935776,-4.462024,Not Drowsy,Non Drowsy/d0086.png
0.280702,0.264249,0.272476,0.0,14.030068,-6.70889,-3.988344,Not Drowsy,Non Drowsy/d0090.png
0.296297,0.243549,0.269923,0.008192,13.494693,-8.834311,-3.182755,Not Drowsy,Non Drowsy/d0094.png
0.297161,0.249903,0.273532,0.016374,13.712502,-7.630754,-3.762641,Not Drowsy,Non Drowsy/d0097.png
0.259533,0.265495,0.262514,0.008192,11.162027,-8.951009,-3.366954,Not Drowsy,Non Drowsy/d0101.png
0.265108,0.23602,0.250564,0.0,13.675007,-7.246469,-2.512672,Not Drowsy,Non Drowsy/d0105.png
0.281673,0.242462,0.262067,0.008192,13.679059,-7.605464,-2.99305,Not Drowsy,Non Drowsy/d0109.png
0.265108,0.242462,0.253785,0.00806,13.209045,-6.547302,-2.835996,Not Drowsy,Non Drowsy/d0113.png
0.287352,0.229395,0.258373,0.015865,14.145071,-7.524034,-3.266512,Not Drowsy,Non Drowsy/d0117.png
0.281978,0.242758,0.262368,0.008063,11.640566,-8.917834,-2.100272,Not Drowsy,Non Drowsy/d0121.png
0.281978,0.228199,0.255088,0.008192,12.131785,-6.376477,-1.939059,Not Drowsy,Non Drowsy/d0125.png
0.265971,0.242758,0.254365,0.016121,11.98079,-6.152818,-2.036592,Not Drowsy,Non Drowsy/d0129.png
0.281978,0.242462,0.26222,0.008192,12.908362,-6.97042,-2.452292,Not Drowsy,Non Drowsy/d0132.png
0.313921,0.27893,0.296425,0.016393,9.384477,-6.12054,-0.853003,Not Drowsy,Non Drowsy/d0136.png
0.348485,0.320158,0.334322,0.007937,9.58199,-5.719791,-0.954988,Not Drowsy,Non Drowsy/d0140.png
0.281113,0.271429,0.276271,0.0,9.492431,-7.394014,-0.9636,Not Drowsy,Non Drowsy/d0144.png
0.272228,0.26552,0.268874,0.0,9.221636,-7.075744,-1.841353,Not Drowsy,Non Drowsy/d0148.png
0.265495,0.236108,0.250801,0.0,9.59526,-7.415849,-1.84621,Not Drowsy,Non Drowsy/d0152.png
0.265108,0.256724,0.260916,0.00806,10.406983,-9.467635,-3.111218,Not Drowsy,Non Drowsy/d0156.png
0.281927,0.241429,0.261678,0.008323,14.589039,-5.122827,-4.552027,Not Drowsy,Non Drowsy/d0160.png
0.271939,0.243644,0.257792,0.025366,15.282887,-8.783872,-6.120979,Not Drowsy,Non Drowsy/d0164.png
0.265108,0.256203,0.260656,0.0,15.004156,-6.657837,-4.02253,Not Drowsy,Non Drowsy/d0167.png
0.280796,0.242956,0.261876,0.0,13.694086,-7.846217,-6.39712,Not Drowsy,Non Drowsy/d0171.png
0.255943,0.242758,0.24935,0.008315,14.717014,-7.987495,-5.615965,Not Drowsy,Non Drowsy/d0175.png
0.280848,0.228623,0.254735,0.008305,15.069406,-8.827427,-6.267823,Not Drowsy,Non Drowsy/d0179.png
0.264465,0.256992,0.260729,0.020093,15.323005,-7.620963,-4.852197,Not Drowsy,Non Drowsy/d0183.png
0.306619,0.306708,0.306663,0.008323,15.211447,-5.25049,-4.418961,Not Drowsy,Non Drowsy/d0187.png
0.28972,0.276439,0.283079,0.0,15.273202,-6.274051,-5.189711,Not Drowsy,Non Drowsy/d0191.png
0.33881,0.282843,0.310826,0.008179,15.764896,-5.947453,-5.267883,Not Drowsy,Non Drowsy/d0195.png
0.350054,0.306197,0.328126,0.01691,16.345955,-5.813911,-5.203919,Not Drowsy,Non Drowsy/d0199.png
0.338007,0.270381,0.304194,0.008179,15.619571,-6.416325,-4.797779,Not Drowsy,Non Drowsy/d0202.png
0.337935,0.307371,0.322653,0.008179,15.100236,-7.890311,-5.634426,Not Drowsy,Non Drowsy/d0206.png
0.264465,0.256266,0.260366,0.0,13.579813,-9.79799,-5.870318,Not Drowsy,Non Drowsy/d0210.png
0.281566,0.248385,0.264975,0.019406,17.295813,-3.888806,-6.340447,Not Drowsy,Non Drowsy/d0214.png
0.290751,0.263039,0.276895,0.0,15.850601,-4.551569,-5.715855,Not Drowsy,Non Drowsy/d0218.png
0.283878,0.24217,0.263024,0.0,16.896251,-5.260527,-5.244271,Not Drowsy,Non Drowsy/d0222.png
0.273808,0.235526,0.254667,0.016358,16.096343,-5.005207,-5.010508,Not Drowsy,Non Drowsy/d0226.png
0.315965,0.279035,0.2975,0.01663,15.935522,-4.14002,-5.008582,Not Drowsy,Non Drowsy/d0230.png
0.316886,0.262893,0.28989,0.0,16.757995,-4.475152,-4.984901,Not Drowsy,Non Drowsy/d0234.png
0.28972,0.270459,0.28009,0.016646,16.30425,-4.428776,-4.434386,Not Drowsy,Non Drowsy/d0237.png
0.291064,0.24197,0.266517,0.0,15.22242,-3.993208,-3.899565,Not Drowsy,Non Drowsy/d0241.png
0.273625,0.249032,0.261329,0.027952,16.225369,-4.213155,-4.310305,Not Drowsy,Non Drowsy/d0245.png
0.360734,0.342498,0.351616,0.0,15.91637,-3.682691,-4.449812,Not Drowsy,Non Drowsy/d0249.png
0.235027,0.227736,0.231382,0.019765,16.166951,-5.484738,-4.532442,Not Drowsy,Non Drowsy/d0253.png
0.297161,0.269673,0.283417,0.008315,15.4918,-4.265098,-4.697198,Not Drowsy,Non Drowsy/d0257.png
0.290612,0.262893,0.276752,0.020074,15.651018,-5.480368,-4.811333,Not Drowsy,Non Drowsy/d0261.png
0.274516,0.249032,0.261774,0.0,15.383875,-5.591114,-4.630693,Not Drowsy,Non Drowsy/d0265.png
0.312669,0.262963,0.287816,0.016096,16.158762,-4.385183,-4.574179,Not Drowsy,Non Drowsy/d0269.png
0.305816,0.269673,0.287744,0.0,16.095139,-4.04758,-4.493537,Not Drowsy,Non Drowsy/d0272.png
0.280702,0.242578,0.26164,0.011392,16.384335,-5.615228,-4.843691,Not Drowsy,Non Drowsy/d0276.png
0.273808,0.250756,0.262282,0.008589,15.282883,-6.153301,-5.441437,Not Drowsy,Non Drowsy/d0280.png
0.306707,0.275137,0.290922,0.016096,16.960613,-5.916715,-5.065915,Not Drowsy,Non Drowsy/d0284.png
0.305816,0.29806,0.301938,0.0,15.696825,-6.400736,-4.49342,Not Drowsy,Non Drowsy/d0288.png
0.312669,0.276818,0.294744,0.008187,15.554774,-6.934196,-4.193779,Not Drowsy,Non Drowsy/d0292.png
0.328193,0.289883,0.309038,0.0,14.966108,-7.458448,-4.576244,Not Drowsy,Non Drowsy/d0296.png
0.337652,0.3045,0.321076,0.0,13.142454,-8.614826,-3.170214,Not Drowsy,Non Drowsy/d0300.png
0.327965,0.28467,0.306318,0.00806,12.946713,-8.024332,-3.105587,Not Drowsy,Non Drowsy/d0304.png
0.296297,0.28467,0.290484,0.0,13.100977,-8.270952,-3.398667,Not Drowsy,Non Drowsy/d0307.png
0.317599,0.270058,0.293829,0.008048,14.868249,-6.044099,-3.677768,Not Drowsy,Non Drowsy/d0311.png
0.312755,0.270437,0.291596,0.016374,13.118956,-6.960006,-3.651833,Not Drowsy,Non Drowsy/d0315.png
0.306292,0.287747,0.297019,0.0,11.111952,-9.436152,-2.18887,Not Drowsy,Non Drowsy/d0319.png
0.287747,0.280024,0.283885,0.008197,9.360223,-8.530635,-1.604109,Not Drowsy,Non Drowsy/d0323.png
0.29673,0.264591,0.280661,0.008475,10.568596,-7.531071,-1.628373,Not Drowsy,Non Drowsy/d0327.png
0.29673,0.271776,0.284253,0.0,11.991024,-7.08192,-2.045093,Not Drowsy,Non Drowsy/d0331.png
0.265495,0.242758,0.254127,0.016947,9.856116,-9.956298,-1.949204,Not Drowsy,Non Drowsy/d0335.png
0.29361,0.263483,0.278546,0.015855,11.055387,-9.704146,-3.127291,Not Drowsy,Non Drowsy/d0339.png
0.302475,0.263787,0.283131,0.008063,11.10678,-9.057831,-2.50702,Not Drowsy,Non Drowsy/d0342.png
0.312348,0.299511,0.305929,0.024997,11.983687,-7.153568,-2.587759,Not Drowsy,Non Drowsy/d0346.png
0.280702,0.264249,0.272476,0.008332,10.637232,-9.410981,-2.90741,Not Drowsy,Non Drowsy/d0350.png
0.305816,0.271318,0.288567,0.008332,11.480834,-9.457202,-2.489325,Not Drowsy,Non Drowsy/d0354.png
0.317599,0.291218,0.304408,0.01611,11.521104,-10.001901,-3.393728,Not Drowsy,Non Drowsy/d0358.png
0.311891,0.28596,0.298926,0.02797,11.46218,-10.23167,-3.247174,Not Drowsy,Non Drowsy/d0362.png
0.321911,0.285249,0.30358,0.008473,12.436622,-9.215507,-3.25791,Not Drowsy,Non Drowsy/d0366.png
0.273625,0.251621,0.262623,0.008332,10.702631,-10.483953,-3.115764,Not Drowsy,Non Drowsy/d0370.png
0.296297,0.279743,0.28802,0.008192,11.58026,-8.817262,-2.882824,Not Drowsy,Non Drowsy/d0374.png
0.287352,0.263483,0.275417,0.0,10.85888,-8.304592,-2.659872,Not Drowsy,Non Drowsy/d0377.png
0.265875,0.24335,0.254612,0.018852,9.627365,-8.762254,-2.775825,Not Drowsy,Non Drowsy/d0381.png
0.296297,0.285249,0.290773,0.015871,12.863926,-7.650497,-2.507119,Not Drowsy,Non Drowsy/d0385.png
0.312348,0.271776,0.292062,0.0,11.468455,-7.6784,-2.452809,Not Drowsy,Non Drowsy/d0389.png
0.272228,0.242758,0.257493,0.024587,10.199871,-10.79205,-2.44257,Not Drowsy,Non Drowsy/d0393.png
0.273065,0.223087,0.248076,0.027982,11.945199,-10.617764,-2.511283,Not Drowsy,Non Drowsy/d0397.png
0.249513,0.242758,0.246136,0.016664,11.976171,-9.699252,-2.660813,Not Drowsy,Non Drowsy/d0401.png
0.303313,0.270058,0.286685,0.016121,13.571045,-7.755015,-3.535002,Not Drowsy,Non Drowsy/d0405.png
0.287352,0.272109,0.27973,0.028436,13.643325,-8.705401,-2.698252,Not Drowsy,Non Drowsy/d0409.png
0.305027,0.262275,0.283651,0.008315,15.774797,-7.543169,-6.058157,Not Drowsy,Non Drowsy/d0412.png
0.294582,0.263039,0.278811,0.024945,13.623633,-8.751718,-6.754868,Not Drowsy,Non Drowsy/d0416.png
0.306707,0.279142,0.292925,0.008055,11.420357,-8.261271,-4.396457,Not Drowsy,Non Drowsy/d0420.png
0.327468,0.29806,0.312764,0.024969,12.955316,-9.913313,-5.307357,Not Drowsy,Non Drowsy/d0424.png
0.280991,0.269673,0.275332,0.0086,13.4614,-9.072844,-6.201559,Not Drowsy,Non Drowsy/d0428.png
0.265343,0.227931,0.246637,0.038003,12.305712,-11.891508,-5.499027,Not Drowsy,Non Drowsy/d0432.png
0.272919,0.234888,0.253903,0.025847,12.704911,-10.949235,-4.157537,Not Drowsy,Non Drowsy/d0436.png
0.295579,0.256203,0.275891,0.024986,13.286989,-10.18144,-4.518223,Not Drowsy,Non Drowsy/d0440.png
0.233352,0.228199,0.230775,0.029415,13.233395,-9.259907,-4.164655,Not Drowsy,Non Drowsy/d0444.png
0.272228,0.271776,0.272002,0.02456,12.399722,-9.556394,-4.008357,Not Drowsy,Non Drowsy/d0447.png
0.273625,0.228478,0.251051,0.0263,13.141743,-10.622249,-4.001317,Not Drowsy,Non Drowsy/d0451.png
0.272919,0.251296,0.262107,0.025409,12.053779,-10.855874,-4.356101,Not Drowsy,Non Drowsy/d0455.png
0.280702,0.236884,0.258793,0.024577,11.622315,-9.67861,-2.602486,Not Drowsy,Non Drowsy/d0459.png
0.287352,0.270987,0.279169,0.016385,12.160029,-9.441388,-3.158313,Not Drowsy,Non Drowsy/d0463.png
0.287352,0.285249,0.2863,0.016657,12.86179,-8.179101,-3.632028,Not Drowsy,Non Drowsy/d0467.png
0.296297,0.263483,0.27989,0.019778,13.870486,-8.833639,-3.57086,Not Drowsy,Non Drowsy/d0471.png
0.312348,0.292297,0.302322,0.007692,12.744888,-10.254559,-0.686718,Not Drowsy,Non Drowsy/d0475.png
0.306619,0.271607,0.289113,0.016927,12.581837,-6.745247,-4.270003,Not Drowsy,Non Drowsy/d0479.png
0.273821,0.240621,0.257221,0.0,10.560028,-7.459208,-7.546837,Not Drowsy,Non Drowsy/d0483.png
0.266942,0.256641,0.261791,0.008444,8.854139,-5.729449,-5.688665,Not Drowsy,Non Drowsy/d0486.png
0.306619,0.286207,0.296413,0.0,14.468617,-5.827356,-5.79005,Not Drowsy,Non Drowsy/d0490.png
0.333333,0.300828,0.317081,0.0,15.570595,-6.315687,-6.107608,Not Drowsy,Non Drowsy/d0494.png
0.338007,0.306708,0.322358,0.0,14.283975,-5.586654,-4.691529,Not Drowsy,Non Drowsy/d0498.png
0.296297,0.271607,0.283952,0.008609,10.725745,-8.104782,-4.374003,Not Drowsy,Non Drowsy/d0502.png
0.29673,0.270987,0.283858,0.025409,9.575777,-8.650515,-2.745924,Not Drowsy,Non Drowsy/d0506.png
0.29673,0.279291,0.288011,0.029949,9.822786,-7.382472,-1.922143,Not Drowsy,Non Drowsy/d0510.png
0.112669,0.077001,0.094835,0.0,10.647547,-7.932426,-2.508723,Not Drowsy,Non Drowsy/d0514.png
0.296297,0.279291,0.287794,0.025409,10.325449,-9.06113,-2.937115,Not Drowsy,Non Drowsy/d0518.png
0.311891,0.27833,0.295111,0.024986,11.786582,-8.020507,-3.221045,Not Drowsy,Non Drowsy/d0521.png
0.306292,0.292979,0.299636,0.008619,13.335951,-7.229957,-3.122823,Not Drowsy,Non Drowsy/d0525.png
0.296297,0.270437,0.283367,0.016939,14.818482,-8.499484,-3.548927,Not Drowsy,Non Drowsy/d0529.png
0.311891,0.28467,0.298281,0.025409,16.519447,-7.683976,-3.466714,Not Drowsy,Non Drowsy/d0533.png
0.297595,0.250383,0.273989,0.017231,15.661126,-7.478703,-3.13444,Not Drowsy,Non Drowsy/d0537.png
0.296297,0.276818,0.286558,0.020448,16.063468,-8.503985,-3.742583,Not Drowsy,Non Drowsy/d0541.png
0.290172,0.265062,0.277617,0.016939,14.893055,-7.541806,-2.955411,Not Drowsy,Non Drowsy/d0545.png
0.28972,0.257514,0.273617,0.025858,16.141154,-6.776219,-2.99452,Not Drowsy,Non Drowsy/d0549.png
0.290172,0.228623,0.259397,0.008771,16.98699,-6.78863,-3.233525,Not Drowsy,Non Drowsy/d0553.png
0.282706,0.249569,0.266137,0.025858,15.86162,-7.427759,-3.272445,Not Drowsy,Non Drowsy/d0556.png
0.281113,0.250383,0.265748,0.029415,16.030944,-6.105722,-3.138119,Not Drowsy,Non Drowsy/d0560.png
0.290172,0.256724,0.273448,0.008616,15.357928,-7.049238,-3.544087,Not Drowsy,Non Drowsy/d0564.png
0.327965,0.28538,0.306673,0.0,16.505017,-6.69971,-3.762285,Not Drowsy,Non Drowsy/d0568.png
0.333148,0.27833,0.305739,0.026769,15.281999,-6.430923,-3.342816,Not Drowsy,Non Drowsy/d0572.png
0.312348,0.28467,0.298509,0.008616,15.250369,-6.605563,-3.868011,Not Drowsy,Non Drowsy/d0576.png
0.337135,0.270437,0.303786,0.025366,13.679339,-8.222053,-5.082634,Not Drowsy,Non Drowsy/d0580.png
0.272919,0.235802,0.25436,0.017846,12.365052,-8.463864,-3.827826,Not Drowsy,Non Drowsy/d0584.png
0.273625,0.228199,0.250912,0.0263,12.841233,-8.528507,-3.91225,Not Drowsy,Non Drowsy/d0588.png
0.338534,0.298904,0.318719,0.017231,13.756943,-6.669092,-3.711548,Not Drowsy,Non Drowsy/d0591.png
0.306292,0.292979,0.299636,0.029945,13.333516,-7.753376,-3.034615,Not Drowsy,Non Drowsy/d0595.png
0.327486,0.298704,0.313095,0.020433,13.140882,-6.694291,-5.080119,Not Drowsy,Non Drowsy/d0599.png
0.296297,0.29371,0.295003,0.01691,13.210134,-6.469867,-4.677654,Not Drowsy,Non Drowsy/d0603.png
0.280884,0.249032,0.264958,0.016657,11.928246,-8.120509,-4.329776,Not Drowsy,Non Drowsy/d0607.png
0.31086,0.289883,0.300371,0.025801,16.075098,-10.561423,-6.846346,Not Drowsy,Non Drowsy/d0611.png
0.344363,0.293602,0.318983,0.008613,20.881183,-2.233758,-14.29875,Not Drowsy,Non Drowsy/d0615.png
0.27428,0.207614,0.240947,0.007812,15.863185,-3.772945,-2.884043,Not Drowsy,Non Drowsy/d0619.png
0.3125,0.28467,0.298585,0.008197,12.779153,-4.857091,-1.683209,Not Drowsy,Non Drowsy/d0623.png
0.02921,0.013469,0.02134,0.008196,11.31059,-8.035891,-0.379799,Not Drowsy,Non Drowsy/d0626.png
0.279412,0.286427,0.282919,0.024997,9.852582,-8.519529,-0.227064,Not Drowsy,Non Drowsy/d0630.png
0.287352,0.256724,0.272038,0.016391,10.565806,-9.523336,-2.265465,Not Drowsy,Non Drowsy/d0634.png
0.296297,0.27893,0.287613,0.0,9.700599,-8.90431,-2.728735,Not Drowsy,Non Drowsy/d0638.png
0.265108,0.250706,0.257907,0.008196,9.570551,-8.552801,-2.440785,Not Drowsy,Non Drowsy/d0642.png
0.281673,0.249904,0.265788,0.008196,12.613323,-7.002301,-1.669154,Not Drowsy,Non Drowsy/d0646.png
0.29673,0.236611,0.266671,0.008196,13.54729,-6.606637,-1.475999,Not Drowsy,Non Drowsy/d0650.png
0.275055,0.257038,0.266046,0.008332,11.887026,-6.982298,-1.292261,Not Drowsy,Non Drowsy/d0654.png
0.257754,0.256992,0.257373,0.0,13.917171,-7.894127,-5.734369,Not Drowsy,Non Drowsy/d0658.png
0.272825,0.270381,0.271603,0.025366,13.456448,-8.313432,-5.689871,Not Drowsy,Non Drowsy/d0661.png
0.323217,0.270437,0.296827,0.028897,14.348638,-7.706069,-3.497212,Not Drowsy,Non Drowsy/d0665.png
0.305816,0.256724,0.28127,0.016927,12.934473,-7.536918,-3.275817,Not Drowsy,Non Drowsy/d0669.png
0.322413,0.308359,0.315386,0.016657,12.828619,-6.932759,-3.007376,Not Drowsy,Non Drowsy/d0673.png
0.333148,0.311136,0.322142,0.012184,12.653983,-6.686456,-3.726407,Not Drowsy,Non Drowsy/d0677.png
0.306619,0.263681,0.28515,0.01752,14.103317,-6.03655,-3.896331,Not Drowsy,Non Drowsy/d0681.png
0.355385,0.306708,0.331047,0.016657,13.947746,-5.647509,-3.82396,Not Drowsy,Non Drowsy/d0685.png
0.290612,0.264493,0.277552,0.029394,13.056647,-6.800923,-3.95389,Not Drowsy,Non Drowsy/d0689.png
0.297075,0.256203,0.276639,0.020433,14.287035,-5.963759,-4.571495,Not Drowsy,Non Drowsy/d0693.png
0.280702,0.256203,0.268453,0.020107,14.153044,-4.78961,-4.300406,Not Drowsy,Non Drowsy/d0696.png
0.273625,0.242462,0.258043,0.0,11.422769,-7.271781,-3.707134,Not Drowsy,Non Drowsy/d0704.png
0.299336,0.250483,0.274909,0.017218,13.093589,-9.257534,-3.788242,Not Drowsy,Non Drowsy/d0708.png
0.266079,0.25,0.258039,0.016664,9.65078,-9.587019,-2.067394,Not Drowsy,Non Drowsy/d0712.png
0.264465,0.250483,0.257474,0.008192,12.269243,-9.198592,-3.637414,Not Drowsy,Non Drowsy/d0716.png
0.267111,0.249513,0.258312,0.0,12.389348,-8.423862,-2.791758,Not Drowsy,Non Drowsy/d0720.png
0.305816,0.265062,0.285439,0.016391,12.578115,-7.342342,-2.756013,Not Drowsy,Non Drowsy/d0724.png
0.303647,0.28467,0.294159,0.0,12.253609,-6.78296,-2.017861,Not Drowsy,Non Drowsy/d0728.png
0.290523,0.242462,0.266492,0.011783,13.869331,-8.257247,-2.163068,Not Drowsy,Non Drowsy/d0732.png
0.281978,0.242956,0.262467,0.0,15.725201,-5.874428,-3.496224,Not Drowsy,Non Drowsy/d0735.png
0.297509,0.264493,0.281001,0.024969,12.940607,-3.973408,-3.962608,Not Drowsy,Non Drowsy/d0739.png
0.281566,0.242758,0.262162,0.016927,13.010218,-4.193646,-3.805316,Not Drowsy,Non Drowsy/d0743.png
0.307096,0.256203,0.28165,0.008192,13.726706,-3.669498,-3.059262,Not Drowsy,Non Drowsy/d0747.png
0.291175,0.263681,0.277428,0.0,14.82566,-3.22037,-2.803899,Not Drowsy,Non Drowsy/d0751.png
0.290172,0.256203,0.273188,0.016657,12.998157,-4.33183,-2.795284,Not Drowsy,Non Drowsy/d0755.png
0.28125,0.257514,0.269382,0.008196,13.094823,-3.103362,-1.703014,Not Drowsy,Non Drowsy/d0759.png
0.282115,0.242462,0.262289,0.016391,12.959923,-2.297678,-2.179681,Not Drowsy,Non Drowsy/d0763.png
0.307096,0.256203,0.28165,0.008332,13.9698,-2.968549,-2.342471,Not Drowsy,Non Drowsy/d0767.png
0.077522,0.058744,0.068133,0.0,15.720728,-4.489799,-4.842331,Not Drowsy,Non Drowsy/d0770.png
0.279754,0.259255,0.269504,0.00864,19.074203,-6.212612,-12.000074,Not Drowsy,Non Drowsy/d0774.png
0.291782,0.259255,0.275519,0.008197,17.370061,-7.609389,-12.834287,Not Drowsy,Non Drowsy/d0778.png
0.344026,0.298151,0.321088,0.008241,17.086191,-5.412453,-11.421381,Not Drowsy,Non Drowsy/d0782.png
0.334046,0.288021,0.311034,0.016482,18.404389,-6.940472,-10.837585,Not Drowsy,Non Drowsy/d0786.png
0.281412,0.259255,0.270334,0.016755,18.095562,-5.600406,-10.760537,Not Drowsy,Non Drowsy/d0790.png
0.338664,0.291101,0.314882,0.016315,13.711408,-4.438663,-7.581306,Not Drowsy,Non Drowsy/d0794.png
0.290751,0.262282,0.276517,0.0,14.627315,-4.670206,-7.900206,Not Drowsy,Non Drowsy/d0798.png
0.289862,0.260678,0.27527,0.016609,15.512532,-4.658201,-6.92003,Not Drowsy,Non Drowsy/d0802.png
0.283627,0.257457,0.270542,0.0,13.509345,-5.19973,-4.542426,Not Drowsy,Non Drowsy/d0805.png
0.274627,0.249032,0.26183,0.008329,14.890489,-3.420198,-3.943975,Not Drowsy,Non Drowsy/d0809.png
0.257529,0.242856,0.250193,0.016646,14.811925,-3.798106,-3.920335,Not Drowsy,Non Drowsy/d0813.png
0.306619,0.269673,0.288146,0.016927,14.714899,-3.28065,-4.161866,Not Drowsy,Non Drowsy/d0817.png
0.306292,0.292103,0.299198,0.0,15.221391,-1.995786,-4.371388,Not Drowsy,Non Drowsy/d0821.png
0.264465,0.248385,0.256425,0.016096,16.140088,-2.551692,-5.760253,Not Drowsy,Non Drowsy/d0825.png
0.291957,0.262695,0.277326,0.0,15.305878,-0.761128,-4.367879,Not Drowsy,Non Drowsy/d0829.png
0.300756,0.263681,0.282219,0.01752,15.808046,-1.384983,-4.255227,Not Drowsy,Non Drowsy/d0833.png
0.266079,0.24217,0.254124,0.008192,14.02659,-4.720325,-3.979462,Not Drowsy,Non Drowsy/d0837.png
0.257942,0.249136,0.253539,0.008192,13.402555,-4.408682,-3.60008,Not Drowsy,Non Drowsy/d0840.png
0.291064,0.248288,0.269676,0.008187,13.858442,-3.784989,-3.823373,Not Drowsy,Non Drowsy/d0844.png
0.297075,0.270437,0.283756,0.008329,13.375283,-5.194082,-3.571882,Not Drowsy,Non Drowsy/d0848.png
0.274516,0.234383,0.25445,0.008609,13.60425,-3.966109,-3.686587,Not Drowsy,Non Drowsy/d0852.png
0.299833,0.262893,0.281363,0.008609,14.492259,-4.047936,-3.864255,Not Drowsy,Non Drowsy/d0856.png
0.280145,0.265249,0.272697,0.015841,7.366083,-8.200577,2.45486,Not Drowsy,Non Drowsy/d0860.png
0.313279,0.292979,0.303129,0.028448,12.566418,-7.799008,-2.991882,Not Drowsy,Non Drowsy/d0864.png
0.3125,0.264249,0.288375,0.016391,13.889573,-2.834994,-2.068969,Not Drowsy,Non Drowsy/d0868.png
0.34375,0.29955,0.32165,0.0,12.848756,-2.949097,-1.396617,Not Drowsy,Non Drowsy/d0872.png
0.29774,0.229367,0.263554,0.016391,11.730216,-4.118426,-0.443114,Not Drowsy,Non Drowsy/d0875.png
0.29673,0.23602,0.266375,0.00806,12.441672,-3.575273,-0.301686,Not Drowsy,Non Drowsy/d0879.png
0.257576,0.228478,0.243027,0.0,12.13072,-2.141666,-1.147001,Not Drowsy,Non Drowsy/d0883.png
0.28972,0.256203,0.272962,0.008196,14.719117,-3.980829,-2.826688,Not Drowsy,Non Drowsy/d0887.png
0.280702,0.242462,0.261582,0.019778,11.851248,-4.887401,-2.598145,Not Drowsy,Non Drowsy/d0891.png
0.290976,0.249944,0.27046,0.016385,13.843689,-4.799181,-2.756308,Not Drowsy,Non Drowsy/d0895.png
0.281113,0.270987,0.27605,0.019467,13.443267,-4.300295,-2.300957,Not Drowsy,Non Drowsy/d0899.png
0.28972,0.249032,0.269376,0.008329,14.132381,-4.598507,-3.183858,Not Drowsy,Non Drowsy/d0903.png
0.281566,0.256992,0.269279,0.008055,12.962854,-4.901466,-3.903146,Not Drowsy,Non Drowsy/d0907.png
0.287747,0.271698,0.279722,0.018569,10.690079,-7.56162,-2.744353,Not Drowsy,Non Drowsy/d0910.png
0.296875,0.280475,0.288675,0.008197,12.676215,-5.74043,-1.820069,Not Drowsy,Non Drowsy/d0914.png
0.296875,0.270987,0.283931,0.007937,14.647079,-5.491518,-1.960614,Not Drowsy,Non Drowsy/d0918.png
0.187409,0.157079,0.172244,0.0,13.128212,-6.783297,-2.223678,Not Drowsy,Non Drowsy/d0922.png
0.279412,0.250383,0.264897,0.007812,13.831427,-5.175813,-1.91834,Not Drowsy,Non Drowsy/d0926.png
0.28125,0.250383,0.265817,0.016127,14.219836,-4.909772,-2.0939,Not Drowsy,Non Drowsy/d0930.png
0.273441,0.243549,0.258495,0.008065,12.572442,-4.745218,-1.904908,Not Drowsy,Non Drowsy/d0934.png
0.28125,0.242462,0.261856,0.0,13.78981,-5.227159,-2.013341,Not Drowsy,Non Drowsy/d0938.png
0.287747,0.23602,0.261883,0.0,13.70062,-5.288783,-1.890765,Not Drowsy,Non Drowsy/d0942.png
0.28125,0.242462,0.261856,0.008196,13.917553,-4.357235,-2.14398,Not Drowsy,Non Drowsy/d0945.png
0.281113,0.264251,0.272682,0.0,13.8164,-4.312295,-1.631208,Not Drowsy,Non Drowsy/d0949.png
0.287879,0.263483,0.275681,0.008197,13.974006,-4.539032,-1.894641,Not Drowsy,Non Drowsy/d0953.png
0.306452,0.271776,0.289114,0.015873,14.70046,-3.627897,-1.712785,Not Drowsy,Non Drowsy/d0957.png
0.29774,0.249615,0.273678,0.008332,15.442749,-1.971994,-0.911561,Not Drowsy,Non Drowsy/d0961.png
0.287747,0.258085,0.272916,0.019469,15.813518,-3.671258,-1.636289,Not Drowsy,Non Drowsy/d0965.png
0.30303,0.262977,0.283004,0.019789,15.235117,-3.293244,-1.601904,Not Drowsy,Non Drowsy/d0969.png
0.296875,0.262977,0.279926,0.008333,15.399789,-2.207438,-1.697876,Not Drowsy,Non Drowsy/d0973.png
0.282115,0.235748,0.258931,0.0,15.34536,-1.699238,-1.886368,Not Drowsy,Non Drowsy/d0977.png
0.297509,0.264174,0.280842,0.008196,15.93429,-2.383168,-2.144,Not Drowsy,Non Drowsy/d0980.png
0.29673,0.256992,0.276861,0.025424,15.754505,-2.69215,-1.720372,Not Drowsy,Non Drowsy/d0984.png
0.288718,0.249615,0.269167,0.008333,15.052176,-2.512563,-1.607403,Not Drowsy,Non Drowsy/d0988.png
0.282115,0.235296,0.258705,0.011783,14.873252,-1.715643,-1.834779,Not Drowsy,Non Drowsy/d0992.png
0.303869,0.27735,0.29061,0.008065,15.687684,-0.791608,-1.545454,Not Drowsy,Non Drowsy/d0996.png
0.287879,0.243194,0.265536,0.016127,15.842048,-2.463347,-1.97125,Not Drowsy,Non Drowsy/d1000.png
0.29673,0.262977,0.279854,0.0,15.780606,-2.575923,-2.057223,Not Drowsy,Non Drowsy/d1004.png
0.303578,0.263483,0.28353,0.0,15.688098,-2.40626,-2.019607,Not Drowsy,Non Drowsy/d1008.png
0.322413,0.256724,0.289568,0.008332,15.575709,-3.779975,-2.206711,Not Drowsy,Non Drowsy/d1012.png
0.272602,0.251151,0.261877,0.0,14.738672,-2.895277,-1.887683,Not Drowsy,Non Drowsy/d1015.png
0.441942,0.433357,0.437649,0.031223,2.446103,-0.912766,-2.484259,Not Drowsy,Non Drowsy/e0003.png
0.431211,0.42005,0.425631,0.024614,5.728895,0.666209,-3.319211,Not Drowsy,Non Drowsy/e0007.png
0.44447,0.441253,0.442861,0.030606,2.715169,2.488416,-1.385604,Not Drowsy,Non Drowsy/e0011.png
0.488945,0.477684,0.483315,0.031243,0.388061,0.173436,-1.610672,Not Drowsy,Non Drowsy/e0015.png
0.425655,0.439356,0.432506,0.03,5.698227,1.213953,-1.909982,Not Drowsy,Non Drowsy/e0025.png
0.426278,0.436878,0.431578,0.030612,2.490152,-0.183844,-1.649395,Not Drowsy,Non Drowsy/e0029.png
0.453684,0.428323,0.441003,0.05,9.549719,3.481039,-1.255461,Not Drowsy,Non Drowsy/e0033.png
0.424068,0.439356,0.431712,0.025148,13.121233,2.401334,-2.505276,Not Drowsy,Non Drowsy/e0037.png
0.426741,0.467229,0.446985,0.019996,6.077256,-0.140963,-1.586704,Not Drowsy,Non Drowsy/e0040.png
0.459915,0.471449,0.465682,0.046296,0.878769,2.446077,-0.709842,Not Drowsy,Non Drowsy/e0044.png
0.42855,0.419729,0.424139,0.037629,0.545626,-0.856132,-3.173899,Not Drowsy,Non Drowsy/e0048.png
0.423408,0.426118,0.424763,0.039992,5.812479,-0.146401,-0.211155,Not Drowsy,Non Drowsy/e0052.png
0.200014,0.218643,0.209329,0.047981,4.82846,-0.309884,-0.964547,Not Drowsy,Non Drowsy/e0056.png
0.45742,0.466761,0.46209,0.043277,2.70986,-0.367787,-1.474595,Not Drowsy,Non Drowsy/e0060.png
0.426486,0.421373,0.423929,0.018855,3.543398,-1.919747,-2.479914,Not Drowsy,Non Drowsy/e0064.png
0.443023,0.442735,0.442879,0.048077,10.372218,1.587402,-1.931599,Not Drowsy,Non Drowsy/e0068.png
0.413372,0.44058,0.426976,0.05,6.169,1.387874,-1.321751,Not Drowsy,Non Drowsy/e0072.png
0.446016,0.455855,0.450935,0.038454,6.021638,3.153906,-1.861137,Not Drowsy,Non Drowsy/e0075.png
0.401225,0.384202,0.392713,0.04717,4.882525,0.836661,-1.417496,Not Drowsy,Non Drowsy/e0079.png
0.404174,0.427564,0.415869,0.048474,3.028681,0.759547,-1.433794,Not Drowsy,Non Drowsy/e0086.png
0.431014,0.455855,0.443434,0.059962,2.675218,1.078912,-1.628291,Not Drowsy,Non Drowsy/e0090.png
0.334708,0.337407,0.336057,0.017533,1.526095,-2.370201,-1.686708,Not Drowsy,Non Drowsy/e0094.png
0.443427,0.423962,0.433694,0.022319,4.196661,0.975499,-2.680495,Not Drowsy,Non Drowsy/e0098.png
0.404174,0.428019,0.416096,0.056604,4.591435,0.046166,-1.937468,Not Drowsy,Non Drowsy/e0102.png
0.459915,0.458252,0.459084,0.031033,1.78724,1.377641,-0.843449,Not Drowsy,Non Drowsy/e0106.png
0.444888,0.454751,0.44982,0.030479,5.014493,-0.462864,-0.976576,Not Drowsy,Non Drowsy/e0110.png
0.41103,0.425436,0.418233,0.039208,6.131062,-1.784947,-2.110792,Not Drowsy,Non Drowsy/e0114.png
0.431211,0.452244,0.441728,0.029389,3.676191,-2.617006,-1.993109,Not Drowsy,Non Drowsy/e0117.png
0.442746,0.413096,0.427921,0.039208,6.139451,1.477031,-0.410842,Not Drowsy,Non Drowsy/e0121.png
0.449913,0.423968,0.436941,0.04753,6.549334,1.358515,-3.655709,Not Drowsy,Non Drowsy/e0125.png
0.460165,0.436868,0.448517,0.064715,3.979328,-1.956294,-3.856909,Not Drowsy,Non Drowsy/e0129.png
0.422826,0.423834,0.42333,0.058812,4.286559,-2.27196,-2.211254,Not Drowsy,Non Drowsy/e0133.png
0.45328,0.412313,0.432797,0.047935,6.109812,-3.212613,-3.586787,Not Drowsy,Non Drowsy/e0137.png
0.438432,0.419729,0.42908,0.04996,4.869374,-2.67449,-3.132617,Not Drowsy,Non Drowsy/e0141.png
0.390437,0.375315,0.382876,0.044107,3.611978,-2.919287,-2.024096,Not Drowsy,Non Drowsy/e0145.png
0.424068,0.405484,0.414776,0.065987,8.651671,-1.984372,-3.26783,Not Drowsy,Non Drowsy/e0149.png
0.443559,0.408421,0.42599,0.036015,4.518575,-1.897698,-3.409467,Not Drowsy,Non Drowsy/e0152.png
0.446221,0.435,0.44061,0.022739,-0.011033,0.154533,-2.059565,Not Drowsy,Non Drowsy/e0156.png
0.408914,0.414333,0.411624,0.028798,0.863935,-1.677936,-2.964054,Not Drowsy,Non Drowsy/e0160.png
0.414618,0.424383,0.4195,0.051295,4.453279,-2.036273,-2.840968,Not Drowsy,Non Drowsy/e0164.png
0.426741,0.450293,0.438517,0.042437,-1.044845,-1.669835,-1.360558,Not Drowsy,Non Drowsy/e0168.png
0.429434,0.404304,0.416869,0.052072,8.826363,-2.595761,-2.767729,Not Drowsy,Non Drowsy/e0174.png
0.443355,0.441253,0.442304,0.05882,1.899789,-1.090031,-0.893926,Not Drowsy,Non Drowsy/e0178.png
0.438432,0.449169,0.4438,0.020391,3.243912,-1.448165,-2.229091,Not Drowsy,Non Drowsy/e0182.png
0.438188,0.432693,0.435441,0.039208,0.438695,-3.217317,-1.385758,Not Drowsy,Non Drowsy/e0187.png
0.441726,0.440336,0.441031,0.059962,4.279288,-1.027216,-1.385797,Not Drowsy,Non Drowsy/e0190.png
0.434372,0.432693,0.433533,0.040808,4.778048,-3.887413,-1.892005,Not Drowsy,Non Drowsy/e0194.png
0.486296,0.448758,0.467527,0.019593,3.415101,-1.296722,-1.247491,Not Drowsy,Non Drowsy/e0198.png
0.441942,0.436878,0.43941,0.034115,0.496726,-0.429927,-1.502381,Not Drowsy,Non Drowsy/e0202.png
0.455251,0.452447,0.453849,0.062486,1.864059,-0.161825,-1.332934,Not Drowsy,Non Drowsy/e0206.png
0.441577,0.431107,0.436342,0.030587,5.847128,-1.438116,-2.85097,Not Drowsy,Non Drowsy/e0210.png
0.441081,0.435228,0.438154,0.009998,1.831415,-2.274784,-1.327998,Not Drowsy,Non Drowsy/e0214.png
0.474762,0.436878,0.45582,0.034115,1.25517,-0.763445,-1.588857,Not Drowsy,Non Drowsy/e0218.png
0.459987,0.434946,0.447466,0.045447,6.432794,-1.173129,-2.870892,Not Drowsy,Non Drowsy/e0222.png
0.444888,0.438898,0.441893,0.037526,-0.712218,-0.919004,-1.039438,Not Drowsy,Non Drowsy/e0225.png
0.456852,0.467705,0.462278,0.04717,0.847218,-1.44167,-0.936245,Not Drowsy,Non Drowsy/e0229.png
0.503308,0.500263,0.501785,0.061224,2.36268,-0.265678,-0.413335,Not Drowsy,Non Drowsy/e0233.png
0.43933,0.421373,0.430351,0.06,7.177087,-1.453772,-1.572185,Not Drowsy,Non Drowsy/e0237.png
0.441103,0.480341,0.460722,0.033466,1.134293,-1.11423,-1.407279,Not Drowsy,Non Drowsy/e0241.png
0.231471,0.301679,0.266575,0.089982,-1.852654,-2.608049,0.198003,Not Drowsy,Non Drowsy/e0245.png
0.457197,0.436878,0.447038,0.009796,1.650664,-0.542642,-1.326222,Not Drowsy,Non Drowsy/e0249.png
0.441081,0.436878,0.43898,0.042553,-0.74965,0.546271,-0.134434,Not Drowsy,Non Drowsy/e0253.png
0.441726,0.433357,0.437541,0.045006,3.908217,-1.008597,-2.03748,Not Drowsy,Non Drowsy/e0257.png
0.442746,0.440345,0.441546,0.048077,1.556958,1.552345,-0.792436,Not Drowsy,Non Drowsy/e0260.png
0.472727,0.440345,0.456536,0.029406,0.261718,0.393361,-0.906804,Not Drowsy,Non Drowsy/e0264.png
0.196116,0.251184,0.22365,0.069578,-3.241461,-2.880311,-0.330161,Not Drowsy,Non Drowsy/e0272.png
0.446221,0.475221,0.460721,0.043268,5.435688,0.909031,-3.143791,Not Drowsy,Non Drowsy/e0276.png
0.440014,0.448682,0.444348,0.029976,6.896203,-0.654791,-2.380359,Not Drowsy,Non Drowsy/e0280.png
0.401433,0.395678,0.398556,0.039406,2.605235,-1.52418,-1.840095,Not Drowsy,Non Drowsy/e0284.png
0.42855,0.4073,0.417925,0.032774,3.280858,0.134265,-2.643216,Not Drowsy,Non Drowsy/e0289.png
0.460846,0.466489,0.463668,0.050338,3.526259,0.08109,-1.775288,Not Drowsy,Non Drowsy/e0293.png
0.418348,0.413997,0.416172,0.086421,3.14639,0.920925,-1.632711,Not Drowsy,Non Drowsy/e0297.png
0.448504,0.434817,0.441661,0.033447,4.169662,1.925044,-2.090644,Not Drowsy,Non Drowsy/e0300.png
0.395601,0.392361,0.393981,0.032204,4.232659,-1.613738,-2.271501,Not Drowsy,Non Drowsy/e0304.png
0.164143,0.189994,0.177068,0.039208,2.096913,-4.490378,-1.597054,Not Drowsy,Non Drowsy/e0309.png
0.420722,0.41641,0.418566,0.037709,3.936304,0.564365,-1.818441,Not Drowsy,Non Drowsy/e0313.png
0.443355,0.423714,0.433534,0.032805,3.89705,-0.841454,-2.51766,Not Drowsy,Non Drowsy/e0317.png
0.426741,0.451936,0.439339,0.057682,1.141312,-0.712934,-1.889151,Not Drowsy,Non Drowsy/e0321.png
0.416421,0.395678,0.40605,0.047136,-0.151042,0.354874,-1.412999,Not Drowsy,Non Drowsy/e0325.png
0.413372,0.408895,0.411134,0.027735,0.049701,-0.260406,-2.452004,Not Drowsy,Non Drowsy/e0329.png
0.214121,0.236108,0.225114,0.017541,-0.965164,-2.993596,-0.474506,Not Drowsy,Non Drowsy/e0333.png
0.446016,0.451904,0.44896,0.03634,1.226005,-2.203953,-1.628981,Not Drowsy,Non Drowsy/e0336.png
0.408362,0.432931,0.420647,0.044107,3.432653,-2.447817,-2.314747,Not Drowsy,Non Drowsy/e0340.png
0.410829,0.438529,0.424679,0.038433,3.177538,-0.947946,-2.310078,Not Drowsy,Non Drowsy/e0344.png
0.420065,0.411333,0.415699,0.029976,0.816254,-3.022473,-2.318752,Not Drowsy,Non Drowsy/e0348.png
0.415461,0.415134,0.415298,0.056459,6.436254,-3.077065,-6.38154,Not Drowsy,Non Drowsy/e0352.png
0.413776,0.446423,0.4301,0.028257,5.274963,0.216411,-4.503433,Not Drowsy,Non Drowsy/e0356.png
0.447432,0.42005,0.433741,0.028282,5.076797,-0.236491,-3.304265,Not Drowsy,Non Drowsy/e0360.png
0.22706,0.267333,0.247197,0.031608,1.002443,-3.24733,-2.059384,Not Drowsy,Non Drowsy/e0364.png
0.431211,0.434817,0.433014,0.049362,6.811517,0.316551,-3.387034,Not Drowsy,Non Drowsy/e0368.png
0.443057,0.443949,0.443503,0.038285,6.37653,-2.847173,-5.0867,Not Drowsy,Non Drowsy/e0373.png
0.410829,0.405584,0.408207,0.027735,3.631811,-0.665412,-3.234661,Not Drowsy,Non Drowsy/e0377.png
0.429225,0.449689,0.439457,0.028257,6.795627,-0.441416,-4.394722,Not Drowsy,Non Drowsy/e0381.png
0.444687,0.435469,0.440078,0.05765,3.772931,-1.196568,-2.81435,Not Drowsy,Non Drowsy/e0385.png
0.444888,0.422119,0.433504,0.029361,-2.338867,1.463051,-1.269124,Not Drowsy,Non Drowsy/e0389.png
0.37635,0.395617,0.385984,0.039186,5.430591,-2.01821,-4.460072,Not Drowsy,Non Drowsy/e0393.png
0.239724,0.294757,0.267241,0.049388,-4.078553,-2.970673,1.204904,Not Drowsy,Non Drowsy/e0397.png
0.196116,0.228099,0.212108,0.047161,-2.645116,-4.27664,1.395594,Not Drowsy,Non Drowsy/e0401.png
0.454244,0.452447,0.453346,0.021277,2.534191,0.408492,-0.887499,Not Drowsy,Non Drowsy/e0405.png
0.364601,0.3775,0.37105,0.048077,5.702586,-3.367001,-1.929219,Not Drowsy,Non Drowsy/e0408.png
0.422441,0.375315,0.398878,0.037526,4.480237,-3.642272,-1.857252,Not Drowsy,Non Drowsy/e0412.png
0.424615,0.422233,0.423424,0.083319,4.558143,-3.446154,-2.48595,Not Drowsy,Non Drowsy/e0416.png
0.446048,0.435428,0.440738,0.028222,-0.265558,-0.878727,-3.135496,Not Drowsy,Non Drowsy/e0420.png
0.446016,0.434817,0.440417,0.055546,1.015548,0.273623,-1.859696,Not Drowsy,Non Drowsy/e0424.png
0.411649,0.418968,0.415309,0.06358,0.85667,-1.129778,-1.663239,Not Drowsy,Non Drowsy/e0430.png
0.401225,0.4073,0.404262,0.054464,-3.032001,-0.41567,-2.861102,Not Drowsy,Non Drowsy/e0434.png
0.349215,0.380826,0.36502,0.039992,6.540247,3.92104,-1.786514,Not Drowsy,Non Drowsy/e0438.png
0.426154,0.459164,0.442659,0.04,1.37178,1.106507,-0.026632,Not Drowsy,Non Drowsy/e0442.png
0.449353,0.433603,0.441478,0.027778,-3.107812,1.826225,-0.158807,Not Drowsy,Non Drowsy/e0445.png
0.42831,0.422936,0.425623,0.038484,-2.445472,0.803651,-0.959423,Not Drowsy,Non Drowsy/e0449.png
0.443559,0.423834,0.433697,0.041636,3.699724,0.300833,-2.068533,Not Drowsy,Non Drowsy/e0453.png
0.453253,0.424791,0.439022,0.051906,3.444095,2.932854,-3.797272,Not Drowsy,Non Drowsy/e0458.png
0.403476,0.411097,0.407287,0.03698,3.801721,-0.658095,-3.875994,Not Drowsy,Non Drowsy/e0462.png
0.386684,0.386958,0.386821,0.039208,2.820214,-0.390837,-1.764563,Not Drowsy,Non Drowsy/e0466.png
0.446016,0.451171,0.448594,0.018855,4.731316,-0.836048,-3.061684,Not Drowsy,Non Drowsy/e0470.png
0.383437,0.395461,0.389449,0.038484,0.960601,-1.305816,-2.046692,Not Drowsy,Non Drowsy/e0474.png
0.431211,0.435,0.433106,0.028282,1.211567,-1.400066,-2.72164,Not Drowsy,Non Drowsy/e0478.png
0.429434,0.435,0.432217,0.043268,3.680389,-2.008818,-2.772824,Not Drowsy,Non Drowsy/e0481.png
0.410829,0.428078,0.419454,0.034142,5.396868,2.797407,-1.026324,Not Drowsy,Non Drowsy/e0485.png
0.37174,0.386958,0.379349,0.019227,6.31178,1.880846,-2.045232,Not Drowsy,Non Drowsy/e0489.png
0.432349,0.442285,0.437317,0.032823,4.872593,2.874565,-1.882675,Not Drowsy,Non Drowsy/e0495.png
0.456043,0.460875,0.458459,0.036358,3.731546,0.912365,-0.060518,Not Drowsy,Non Drowsy/e0499.png
0.459718,0.467879,0.463798,0.020833,-4.389184,4.290004,-0.189865,Not Drowsy,Non Drowsy/e0503.png
0.443821,0.453393,0.448607,0.048407,5.873919,1.894111,-1.667876,Not Drowsy,Non Drowsy/e0507.png
0.424068,0.435,0.429534,0.034839,7.949902,-0.848307,-2.078488,Not Drowsy,Non Drowsy/e0520.png
0.487444,0.484922,0.486183,0.032829,8.544494,2.834695,-1.482601,Not Drowsy,Non Drowsy/e0524.png
0.445403,0.459164,0.452284,0.032823,1.988538,1.748765,0.407854,Not Drowsy,Non Drowsy/e0528.png
0.441577,0.430554,0.436066,0.048935,11.639271,-0.125565,-5.355581,Not Drowsy,Non Drowsy/e0533.png
0.169591,0.1875,0.178545,0.078416,2.755641,-5.0376,-1.207599,Not Drowsy,Non Drowsy/e0537.png
0.478203,0.452671,0.465437,0.022759,5.450849,1.685258,-2.815791,Not Drowsy,Non Drowsy/e0541.png
0.443287,0.446423,0.444855,0.05765,2.465939,-0.623135,-2.473083,Not Drowsy,Non Drowsy/e0545.png
0.432742,0.393632,0.413187,0.027735,3.539066,2.702867,-3.597687,Not Drowsy,Non Drowsy/e0549.png
0.460165,0.435469,0.447817,0.018838,2.68157,-1.170582,-2.600473,Not Drowsy,Non Drowsy/e0553.png
0.328433,0.345726,0.337079,0.031223,7.581974,-3.75411,-3.082371,Not Drowsy,Non Drowsy/e0557.png
0.45355,0.415227,0.434389,0.030587,8.434638,-1.913986,-2.951408,Not Drowsy,Non Drowsy/e0561.png
0.441081,0.436878,0.43898,0.028841,0.97347,-0.918952,-0.380256,Not Drowsy,Non Drowsy/e0564.png
0.336718,0.314992,0.325855,0.065772,7.431846,-3.679636,-3.126323,Not Drowsy,Non Drowsy/e0568.png
0.392436,0.388849,0.390643,0.018865,3.631157,-3.408058,-2.114146,Not Drowsy,Non Drowsy/e0572.png
0.426486,0.40997,0.418228,0.028798,5.082924,-1.013248,-3.022434,Not Drowsy,Non Drowsy/e0576.png
0.290934,0.251823,0.271378,0.031608,3.082493,-3.768139,-1.482639,Not Drowsy,Non Drowsy/e0583.png
0.326038,0.327745,0.326892,0.061032,12.895741,-2.233663,-6.178984,Not Drowsy,Non Drowsy/e0587.png
0.416724,0.418463,0.417593,0.019593,10.072117,-1.24952,-4.554487,Not Drowsy,Non Drowsy/e0591.png
0.443355,0.422119,0.432737,0.031608,4.816359,-1.327305,-2.841477,Not Drowsy,Non Drowsy/e0597.png
0.401561,0.397865,0.399713,0.065932,7.039851,-3.817759,-4.04655,Not Drowsy,Non Drowsy/e0601.png
0.425135,0.399355,0.412245,0.030587,6.558388,-2.012883,-2.936323,Not Drowsy,Non Drowsy/e0604.png
0.410229,0.403596,0.406913,0.104637,5.049843,-1.639081,-4.448311,Not Drowsy,Non Drowsy/e0608.png
0.40815,0.417136,0.412643,0.058737,1.699164,-2.502599,-3.345569,Not Drowsy,Non Drowsy/e0612.png
0.442453,0.421696,0.432074,0.038947,9.120421,-0.110505,-8.777496,Not Drowsy,Non Drowsy/e0616.png
0.449377,0.447909,0.448643,0.07329,12.353469,1.739404,-8.263419,Not Drowsy,Non Drowsy/e0620.png
0.417257,0.456968,0.437113,0.040406,5.48946,0.568671,-8.704268,Not Drowsy,Non Drowsy/e0624.png
0.437345,0.453603,0.445474,0.030454,4.69094,2.16092,-5.848124,Not Drowsy,Non Drowsy/e0628.png
0.444888,0.412603,0.428746,0.046265,4.720638,-0.332464,-2.818469,Not Drowsy,Non Drowsy/e0633.png
0.410229,0.405584,0.407907,0.028257,4.491427,-1.16609,-3.774231,Not Drowsy,Non Drowsy/e0637.png
0.413776,0.417961,0.415869,0.036751,4.612021,-2.844404,-3.865543,Not Drowsy,Non Drowsy/e0640.png
0.429598,0.423834,0.426716,0.047136,1.485142,-0.167852,-2.075674,Not Drowsy,Non Drowsy/e0644.png
0.438432,0.430583,0.434507,0.039208,4.430998,-1.383384,-2.340778,Not Drowsy,Non Drowsy/e0648.png
0.20231,0.249861,0.226085,0.149856,0.442338,-6.963174,-0.718888,Not Drowsy,Non Drowsy/e0652.png
0.420375,0.427357,0.423866,0.031613,6.063469,-3.472923,-0.073527,Not Drowsy,Non Drowsy/e0656.png
0.432244,0.429532,0.430888,0.173325,4.553397,-4.978722,-4.514355,Not Drowsy,Non Drowsy/e0662.png
0.179066,0.206406,0.192736,0.071192,0.447946,-7.169726,-4.429737,Not Drowsy,Non Drowsy/e0666.png
0.409735,0.412313,0.411024,0.04074,6.332612,-3.522813,-5.281889,Not Drowsy,Non Drowsy/e0670.png
0.406464,0.432518,0.419491,0.060951,3.126154,-3.611763,-5.001564,Not Drowsy,Non Drowsy/e0674.png
0.419252,0.397865,0.408559,0.050925,1.536392,-4.95981,-3.481068,Not Drowsy,Non Drowsy/e0677.png
0.428598,0.419989,0.424294,0.027702,3.142894,-2.785523,-3.697655,Not Drowsy,Non Drowsy/e0681.png
0.409493,0.398693,0.404093,0.037629,4.300568,-3.650378,-5.238256,Not Drowsy,Non Drowsy/e0686.png
0.426446,0.412313,0.419379,0.041332,5.47679,-3.710895,-5.345785,Not Drowsy,Non Drowsy/e0690.png
0.422316,0.401973,0.412144,0.089713,7.219015,-1.813437,-5.259488,Not Drowsy,Non Drowsy/e0694.png
0.410229,0.419766,0.414997,0.035394,-0.05087,-3.957884,-2.973503,Not Drowsy,Non Drowsy/e0698.png
0.443821,0.432803,0.438312,0.047935,6.339614,-1.099454,-5.071599,Not Drowsy,Non Drowsy/e0711.png
0.39681,0.403024,0.399917,0.058543,2.999125,-2.382645,-5.238942,Not Drowsy,Non Drowsy/e0715.png
0.433079,0.406016,0.419547,0.045268,-0.210776,-1.805904,-4.76995,Not Drowsy,Non Drowsy/e0719.png
0.207614,0.251296,0.229455,0.043001,0.569647,-6.560236,-2.909352,Not Drowsy,Non Drowsy/e0722.png
0.443737,0.436405,0.440071,0.049644,3.651261,-2.488665,-6.335002,Not Drowsy,Non Drowsy/e0728.png
0.42104,0.396491,0.408766,0.071295,-0.440014,-3.760207,-3.819456,Not Drowsy,Non Drowsy/e0732.png
0.437486,0.403708,0.420597,0.072619,1.991973,-5.995641,-3.428331,Not Drowsy,Non Drowsy/e0736.png
0.423408,0.450658,0.437033,0.028282,2.249757,-5.685139,-3.220233,Not Drowsy,Non Drowsy/e0740.png
0.40014,0.413023,0.406582,0.089982,1.3177,-6.708176,-2.060851,Not Drowsy,Non Drowsy/e0744.png
0.428375,0.401973,0.415174,0.042319,7.379889,-4.75751,-5.845186,Not Drowsy,Non Drowsy/e0748.png
0.41988,0.399394,0.409637,0.059809,1.395281,-4.545118,-4.427087,Not Drowsy,Non Drowsy/e0752.png
0.407515,0.399913,0.403714,0.028282,-0.836274,-3.022015,-2.746673,Not Drowsy,Non Drowsy/e0756.png
0.14794,0.171149,0.159545,0.026718,0.47307,-5.861088,-3.662189,Not Drowsy,Non Drowsy/e0760.png
0.379432,0.388849,0.384141,0.037676,4.569555,-1.505635,-4.056922,Not Drowsy,Non Drowsy/e0763.png
0.42104,0.421998,0.421519,0.030385,4.005918,-3.099949,-5.195758,Not Drowsy,Non Drowsy/e0767.png
0.426717,0.412322,0.41952,0.041332,3.356568,-3.755574,-5.171601,Not Drowsy,Non Drowsy/e0773.png
0.436285,0.431107,0.433696,0.038162,8.404629,-3.716159,-5.840116,Not Drowsy,Non Drowsy/e0777.png
0.371853,0.381407,0.37663,0.030511,0.216832,-3.246358,-3.918126,Not Drowsy,Non Drowsy/e0781.png
0.284299,0.326294,0.305297,0.07537,-1.64004,-3.546751,-3.820844,Not Drowsy,Non Drowsy/e0785.png
0.370213,0.401973,0.386093,0.036268,3.671691,-4.504638,-5.185751,Not Drowsy,Non Drowsy/e0789.png
0.32291,0.335905,0.329407,0.041525,4.050506,-5.148558,-4.621881,Not Drowsy,Non Drowsy/e0793.png
0.363187,0.387609,0.375398,0.05547,4.415392,-4.893549,-5.096376,Not Drowsy,Non Drowsy/e0797.png
0.438298,0.432474,0.435386,0.023651,2.239965,-4.466132,-2.83459,Not Drowsy,Non Drowsy/e0800.png
0.395408,0.40608,0.400744,0.047094,1.253197,-3.23761,-2.895667,Not Drowsy,Non Drowsy/e0804.png
0.398009,0.416521,0.407265,0.056513,-0.056957,-4.596472,-3.565187,Not Drowsy,Non Drowsy/e0808.png
0.417362,0.417931,0.417647,0.048684,2.944698,-2.226524,-5.61055,Not Drowsy,Non Drowsy/e0812.png
0.413172,0.402566,0.407869,0.028761,5.717191,-3.342273,-5.21865,Not Drowsy,Non Drowsy/e0816.png
0.234355,0.242436,0.238395,0.061032,0.620875,-5.268627,-3.658932,Not Drowsy,Non Drowsy/e0820.png
0.242133,0.274807,0.25847,0.066868,2.935184,-3.752884,-4.185583,Not Drowsy,Non Drowsy/e0824.png
0.446016,0.430852,0.438434,0.031527,3.409483,-1.520805,-4.281775,Not Drowsy,Non Drowsy/e0828.png
0.415659,0.417931,0.416795,0.047935,2.350467,-3.781124,-4.609819,Not Drowsy,Non Drowsy/e0832.png
0.394831,0.377812,0.386321,0.03698,2.185891,-3.154336,-3.348696,Not Drowsy,Non Drowsy/e0835.png
0.416724,0.417422,0.417073,0.029322,4.304187,-0.531561,-5.093083,Not Drowsy,Non Drowsy/e0840.png
0.422441,0.388622,0.405532,0.033447,3.857384,-3.146539,-2.611123,Not Drowsy,Non Drowsy/e0844.png
0.456832,0.412322,0.434577,0.039148,5.595223,-3.177921,-5.217056,Not Drowsy,Non Drowsy/e0848.png
0.375765,0.397865,0.386815,0.035495,6.895239,-2.434692,-4.324174,Not Drowsy,Non Drowsy/e0852.png
0.431338,0.424789,0.428063,0.018405,5.349745,-2.88188,-5.921249,Not Drowsy,Non Drowsy/e0856.png
0.428375,0.411714,0.420045,0.034659,4.51087,-1.932255,-6.09328,Not Drowsy,Non Drowsy/e0860.png
0.415659,0.423834,0.419746,0.047094,-2.926586,-3.029268,-1.911915,Not Drowsy,Non Drowsy/e0864.png
0.394831,0.414616,0.404723,0.03985,5.298447,-3.492554,-5.020369,Not Drowsy,Non Drowsy/e0868.png
0.424757,0.40966,0.417209,0.04215,8.889772,-2.487737,-6.622767,Not Drowsy,Non Drowsy/e0871.png
0.410829,0.392361,0.401595,0.027702,3.943887,-2.280883,-3.392081,Not Drowsy,Non Drowsy/e0875.png
0.389342,0.405767,0.397555,0.060719,7.739438,-4.012177,-7.903695,Not Drowsy,Non Drowsy/e0879.png
0.424757,0.406652,0.415704,0.047647,12.870398,-4.001097,-8.894396,Not Drowsy,Non Drowsy/e0883.png
0.344097,0.364949,0.354523,0.058778,1.065906,-3.848154,-3.408671,Not Drowsy,Non Drowsy/e0887.png
0.428375,0.446419,0.437397,0.020721,0.239866,-0.220679,-5.184293,Not Drowsy,Non Drowsy/e0891.png
0.434334,0.438529,0.436432,0.03673,4.554367,-1.560735,-7.783871,Not Drowsy,Non Drowsy/e0895.png
0.320788,0.350311,0.335549,0.063422,7.549121,-3.97103,-6.051597,Not Drowsy,Non Drowsy/e0903.png
0.442367,0.430007,0.436187,0.033313,3.245557,-2.656771,-4.57329,Not Drowsy,Non Drowsy/e0908.png
0.45266,0.45734,0.455,0.030511,5.514168,-2.028712,-5.183768,Not Drowsy,Non Drowsy/e0911.png
0.443057,0.446423,0.44474,0.04991,3.511369,-0.363692,-3.696761,Not Drowsy,Non Drowsy/e0915.png
0.455961,0.435,0.44548,0.034081,6.814839,-0.750254,-4.383222,Not Drowsy,Non Drowsy/e0919.png
0.443355,0.42098,0.432168,0.067258,2.866681,-0.656003,-3.455042,Not Drowsy,Non Drowsy/e0923.png
0.285136,0.310797,0.297966,0.044133,6.156976,-6.279016,-1.455473,Not Drowsy,Non Drowsy/e0927.png
0.428598,0.422119,0.425358,0.038398,6.233059,-2.053516,-4.235222,Not Drowsy,Non Drowsy/e0931.png
0.481347,0.433073,0.45721,0.032678,7.708024,0.810932,-6.481683,Not Drowsy,Non Drowsy/e0935.png
0.410829,0.405184,0.408006,0.009234,9.811833,-0.28183,-4.922811,Not Drowsy,Non Drowsy/e0939.png
0.42756,0.406016,0.416788,0.04776,7.304495,-1.8254,-5.993473,Not Drowsy,Non Drowsy/e0943.png
0.172907,0.194479,0.183693,0.053329,6.792531,-2.136445,-3.533382,Not Drowsy,Non Drowsy/e0947.png
0.430293,0.412825,0.421559,0.027659,11.514886,-2.970615,-7.637058,Not Drowsy,Non Drowsy/e0951.png
0.168476,0.194479,0.181478,0.079856,3.794201,-4.338479,-4.353627,Not Drowsy,Non Drowsy/e0955.png
0.426446,0.415787,0.421116,0.049841,5.984262,-2.411331,-4.85226,Not Drowsy,Non Drowsy/e0961.png
0.442367,0.445875,0.444121,0.039873,6.338887,-2.011419,-5.164021,Not Drowsy,Non Drowsy/e0965.png
0.43746,0.425546,0.431503,0.04215,5.883366,-3.301181,-5.700679,Not Drowsy,Non Drowsy/e0969.png
0.440599,0.427549,0.434074,0.029851,6.034166,-3.599121,-5.880396,Not Drowsy,Non Drowsy/e0973.png
0.409493,0.399292,0.404393,0.035888,5.581311,-3.340219,-5.952753,Not Drowsy,Non Drowsy/e0977.png
0.425164,0.443949,0.434557,0.051089,8.906438,-1.815279,-5.971052,Not Drowsy,Non Drowsy/e0981.png
0.412765,0.440522,0.426643,0.061916,6.892401,-3.060978,-7.033729,Not Drowsy,Non Drowsy/e0984.png
0.34979,0.353183,0.351486,0.029946,8.893456,-4.304126,-5.898526,Not Drowsy,Non Drowsy/e0988.png
0.423408,0.401641,0.412525,0.037629,7.401792,-3.263254,-4.606028,Not Drowsy,Non Drowsy/e0992.png
0.370828,0.390434,0.380631,0.028058,12.610693,-3.707074,-8.678332,Not Drowsy,Non Drowsy/e0996.png
0.443737,0.426174,0.434955,0.033313,4.135915,-2.570318,-5.456788,Not Drowsy,Non Drowsy/e1000.png
0.38261,0.402566,0.392588,0.058737,2.364622,-3.33149,-4.218012,Not Drowsy,Non Drowsy/e1004.png
0.431338,0.411714,0.421526,0.052827,6.371442,-1.874479,-6.286145,Not Drowsy,Non Drowsy/e1008.png
0.411192,0.441083,0.426138,0.051245,6.364156,-2.05492,-5.017163,Not Drowsy,Non Drowsy/e1012.png
0.430293,0.427938,0.429115,0.053153,5.913469,-0.706546,-6.002703,Not Drowsy,Non Drowsy/e1016.png
0.241466,0.242951,0.242208,0.075138,3.174011,-7.389812,-4.888652,Not Drowsy,Non Drowsy/e1019.png
0.458793,0.446987,0.45289,0.059809,4.140385,-1.193251,-5.051497,Not Drowsy,Non Drowsy/e1023.png
0.44447,0.416066,0.430268,0.036936,4.497175,-2.055631,-4.609218,Not Drowsy,Non Drowsy/e1030.png
0.158649,0.189994,0.174321,0.009796,-1.655509,-4.451558,-2.363225,Not Drowsy,Non Drowsy/e1034.png
0.352081,0.321524,0.336802,0.036879,4.83405,-4.257668,-4.918324,Not Drowsy,Non Drowsy/e1038.png
0.47193,0.442758,0.457344,0.019548,6.761546,-1.536556,-5.036158,Not Drowsy,Non Drowsy/e1042.png
0.416115,0.446423,0.431269,0.059952,5.87883,-3.419337,-4.729667,Not Drowsy,Non Drowsy/e1046.png
0.42104,0.417961,0.419501,0.060951,6.880715,-1.990989,-5.150286,Not Drowsy,Non Drowsy/e1050.png
0.434534,0.456397,0.445465,0.029412,5.252308,1.219283,-1.829842,Not Drowsy,Non Drowsy/e1055.png
0.398182,0.410402,0.404292,0.030454,16.455818,0.979019,-7.227843,Not Drowsy,Non Drowsy/e1058.png
0.394218,0.403321,0.39877,0.051681,15.131215,0.154572,-8.441997,Not Drowsy,Non Drowsy/e1062.png
0.481243,0.494287,0.487765,0.059763,6.754532,2.367096,1.953886,Not Drowsy,Non Drowsy/e1066.png
0.431338,0.427434,0.429386,0.028714,15.639355,-1.794315,-7.579643,Not Drowsy,Non Drowsy/e1070.png
0.399143,0.420249,0.409696,0.0,5.425735,-2.080384,-3.879475,Not Drowsy,Non Drowsy/g0003.png
0.389771,0.380112,0.384941,0.023171,6.327464,-0.692721,-4.349862,Not Drowsy,Non Drowsy/g0009.png
0.356977,0.362038,0.359508,0.00767,2.749124,-11.731732,2.670348,Not Drowsy,Non Drowsy/g0015.png
0.315453,0.327772,0.321613,0.007797,6.653064,-3.573844,-5.456336,Not Drowsy,Non Drowsy/g0019.png
0.351876,0.350916,0.351396,0.007689,5.149329,-3.13824,-3.294444,Not Drowsy,Non Drowsy/g0023.png
0.340097,0.349385,0.344741,0.007812,4.029669,-2.361621,-2.7545,Not Drowsy,Non Drowsy/g0027.png
0.389729,0.399224,0.394476,0.007933,5.488663,-2.642008,-3.205617,Not Drowsy,Non Drowsy/g0040.png
0.407055,0.386698,0.396877,0.007689,4.29826,-2.051031,-3.398889,Not Drowsy,Non Drowsy/g0044.png
0.368718,0.371783,0.370251,0.007933,3.003616,-2.142601,-3.668059,Not Drowsy,Non Drowsy/g0049.png
0.354967,0.362325,0.358646,0.007933,2.719614,-1.120067,-3.281436,Not Drowsy,Non Drowsy/g0053.png
0.365333,0.387003,0.376168,0.007812,-4.101944,-3.101886,-0.805788,Not Drowsy,Non Drowsy/g0057.png
0.366878,0.381739,0.374309,0.007684,1.461536,-2.979684,-3.496935,Not Drowsy,Non Drowsy/g0062.png
0.389279,0.373975,0.381627,0.007809,2.302889,-1.917324,-2.858552,Not Drowsy,Non Drowsy/g0066.png
0.380642,0.371783,0.376213,0.007933,2.99035,-2.860396,-3.980116,Not Drowsy,Non Drowsy/g0071.png
0.365219,0.368592,0.366905,0.007933,2.705298,-1.959939,-3.667197,Not Drowsy,Non Drowsy/g0074.png
0.363209,0.371783,0.367496,0.015855,1.837672,-2.187117,-3.470592,Not Drowsy,Non Drowsy/g0078.png
0.364797,0.368106,0.366451,0.007809,3.099806,-1.944308,-3.454401,Not Drowsy,Non Drowsy/g0084.png
0.260964,0.275823,0.268393,0.0,4.204898,-3.039003,-4.178128,Not Drowsy,Non Drowsy/g0089.png
0.399554,0.421182,0.410368,0.016127,3.680196,-1.408765,-2.751228,Not Drowsy,Non Drowsy/g0093.png
0.36162,0.356198,0.358909,0.007933,3.996908,-2.507376,-3.050277,Not Drowsy,Non Drowsy/g0097.png
0.397461,0.393232,0.395346,0.008329,3.853714,-1.964327,-2.949305,Not Drowsy,Non Drowsy/g0101.png
0.389771,0.382226,0.385998,0.00806,4.185986,-1.804006,-3.619892,Not Drowsy,Non Drowsy/g0105.png
0.401884,0.371783,0.386834,0.007928,5.670063,-1.856517,-3.885173,Not Drowsy,Non Drowsy/g0118.png
0.355355,0.357131,0.356243,0.0,4.798096,-1.641125,-4.046296,Not Drowsy,Non Drowsy/g0121.png
0.337931,0.345737,0.341834,0.008055,6.176761,-1.080142,-4.610977,Not Drowsy,Non Drowsy/g0135.png
0.337931,0.343923,0.340927,0.008055,8.207582,-0.750664,-5.008186,Not Drowsy,Non Drowsy/g0139.png
0.365219,0.345227,0.355223,0.008187,6.610067,-0.943411,-4.371618,Not Drowsy,Non Drowsy/g0145.png
0.342017,0.349882,0.345949,0.0,7.217795,-0.085135,-3.90838,Not Drowsy,Non Drowsy/g0166.png
0.306803,0.295896,0.30135,0.05243,-3.088052,-0.305504,6.501319,Not Drowsy,Non Drowsy/h0003.png
0.295176,0.296465,0.295821,0.008559,-1.435627,-0.132263,6.374812,Not Drowsy,Non Drowsy/h0009.png
0.316407,0.2823,0.299354,0.02668,-1.771184,-0.239158,6.215035,Not Drowsy,Non Drowsy/h0013.png
0.148432,0.13247,0.140451,0.025424,0.219194,-4.899017,0.379527,Not Drowsy,Non Drowsy/h0018.png
0.279056,0.263889,0.271472,0.024997,0.041927,-3.866768,0.154163,Not Drowsy,Non Drowsy/h0021.png
0.271632,0.271519,0.271575,0.017239,0.817538,-2.378902,-0.637043,Not Drowsy,Non Drowsy/h0025.png
0.279163,0.263787,0.271475,0.053751,1.553116,-2.651723,-0.646443,Not Drowsy,Non Drowsy/h0029.png
0.292989,0.269876,0.281433,0.04593,-0.286356,-1.832844,-0.344424,Not Drowsy,Non Drowsy/h0033.png
0.256663,0.263787,0.260225,0.037403,-0.577898,-2.24588,-0.076806,Not Drowsy,Non Drowsy/h0037.png
0.293846,0.266328,0.280087,0.048362,3.161578,2.286314,0.211558,Not Drowsy,Non Drowsy/h0042.png
0.298088,0.255495,0.276791,0.04361,1.751569,0.796818,2.010985,Not Drowsy,Non Drowsy/h0046.png
0.305756,0.287073,0.296414,0.052599,2.189951,-0.529946,1.991349,Not Drowsy,Non Drowsy/h0050.png
0.024992,0.012403,0.018698,0.06663,-0.489361,1.380112,2.093038,Not Drowsy,Non Drowsy/h0054.png
0.257803,0.235938,0.24687,0.097158,1.386972,-0.553488,2.464255,Not Drowsy,Non Drowsy/h0057.png
0.302833,0.279518,0.291176,0.035878,1.451867,-0.007114,1.962932,Not Drowsy,Non Drowsy/h0061.png
0.299909,0.316686,0.308298,0.02542,0.068472,-0.547838,1.464051,Not Drowsy,Non Drowsy/h0065.png
0.284655,0.279248,0.281952,0.067472,2.897411,-0.740731,1.831568,Not Drowsy,Non Drowsy/h0069.png
0.303356,0.273992,0.288674,0.066657,2.84814,0.217001,1.134395,Not Drowsy,Non Drowsy/h0073.png
0.277473,0.253247,0.26536,0.043103,1.081067,-0.977831,1.311613,Not Drowsy,Non Drowsy/h0078.png
0.271519,0.258179,0.264849,0.050847,0.952563,-1.44026,0.776328,Not Drowsy,Non Drowsy/h0083.png
0.258085,0.233453,0.245769,0.054702,1.546238,-0.502874,1.153387,Not Drowsy,Non Drowsy/h0087.png
0.271222,0.258179,0.264701,0.071588,2.17107,-0.456397,1.03499,Not Drowsy,Non Drowsy/h0091.png
0.0,0.030028,0.015014,0.027985,0.597328,0.703934,1.162397,Not Drowsy,Non Drowsy/h0094.png
0.271519,0.24474,0.25813,0.051716,1.489714,-1.505317,0.757561,Not Drowsy,Non Drowsy/h0098.png
0.271519,0.250729,0.261124,0.030484,1.949941,-1.060008,0.430644,Not Drowsy,Non Drowsy/h0102.png
0.260181,0.246959,0.25357,0.026316,1.587755,-2.330647,0.30311,Not Drowsy,Non Drowsy/h0106.png
0.284967,0.24474,0.264853,0.071599,0.775425,-0.351484,1.161821,Not Drowsy,Non Drowsy/h0110.png
0.02493,0.012137,0.018534,0.087064,0.631134,0.115664,0.581121,Not Drowsy,Non Drowsy/h0114.png
0.229367,0.190831,0.210099,0.044367,2.148451,-2.292143,1.264419,Not Drowsy,Non Drowsy/h0118.png
0.284354,0.260303,0.272328,0.025862,2.047224,-1.313774,0.856146,Not Drowsy,Non Drowsy/h0122.png
0.03086,0.024876,0.027868,0.094582,0.5157,0.032054,1.246524,Not Drowsy,Non Drowsy/h0126.png
0.258085,0.265249,0.261667,0.025862,1.17174,-0.676655,0.713118,Not Drowsy,Non Drowsy/h0129.png
0.265249,0.231235,0.248242,0.029945,2.020611,-2.218561,0.89456,Not Drowsy,Non Drowsy/h0133.png
0.284967,0.26447,0.274719,0.04593,1.246035,-1.470459,0.875481,Not Drowsy,Non Drowsy/h0137.png
0.311872,0.277473,0.294672,0.017239,2.577308,-0.825808,1.017216,Not Drowsy,Non Drowsy/h0141.png
0.28997,0.279518,0.284744,0.024997,2.690235,-1.742895,0.707155,Not Drowsy,Non Drowsy/h0145.png
0.299909,0.284967,0.292438,0.025858,1.290545,-1.223053,1.085136,Not Drowsy,Non Drowsy/h0149.png
0.229587,0.229461,0.229524,0.027268,1.599688,-3.044281,0.641948,Not Drowsy,Non Drowsy/h0153.png
0.257411,0.258179,0.257795,0.024997,1.404446,-2.697767,0.985091,Not Drowsy,Non Drowsy/h0157.png
0.251538,0.23372,0.242629,0.025862,2.361075,-2.44594,0.471264,Not Drowsy,Non Drowsy/h0161.png
0.27362,0.266328,0.269974,0.127119,1.662117,-0.590507,0.1118,Not Drowsy,Non Drowsy/h0165.png
0.119844,0.081055,0.100449,0.03721,9.256783,-9.045404,-2.812044,Not Drowsy,Non Drowsy/h0169.png
0.256992,0.236842,0.246917,0.025,5.89962,-5.304765,-1.837421,Not Drowsy,Non Drowsy/h0173.png
0.251151,0.230487,0.240819,0.033536,3.984412,-3.417547,-2.252694,Not Drowsy,Non Drowsy/h0177.png
0.221688,0.180556,0.201122,0.035066,4.841762,-4.570278,-2.816912,Not Drowsy,Non Drowsy/h0181.png
0.280788,0.243636,0.262212,0.035039,4.400446,-3.950144,-2.798658,Not Drowsy,Non Drowsy/h0185.png
0.026679,0.0,0.013339,0.051655,2.981032,-1.33924,-2.819086,Not Drowsy,Non Drowsy/h0189.png
0.274829,0.249136,0.261983,0.108929,4.947264,-4.215749,-3.536672,Not Drowsy,Non Drowsy/h0193.png
0.243644,0.235748,0.239696,0.072773,5.071845,-3.999006,-3.6524,Not Drowsy,Non Drowsy/h0197.png
0.265304,0.249615,0.25746,0.053495,6.107987,-3.905322,-3.818428,Not Drowsy,Non Drowsy/h0201.png
0.260645,0.263483,0.262064,0.04753,5.374163,-4.516038,-3.812301,Not Drowsy,Non Drowsy/h0205.png
0.251151,0.256382,0.253767,0.040809,4.927574,-4.257074,-3.631476,Not Drowsy,Non Drowsy/h0209.png
0.260645,0.256382,0.258514,0.038453,5.459609,-3.761257,-3.718754,Not Drowsy,Non Drowsy/h0213.png
0.274601,0.262977,0.268789,0.025828,5.274383,-3.643728,-3.890729,Not Drowsy,Non Drowsy/h0221.png
0.276942,0.263744,0.270343,0.017832,4.40875,-2.384189,-3.712839,Not Drowsy,Non Drowsy/h0225.png
0.324123,0.302833,0.313478,0.054669,3.590159,-2.559233,-3.031813,Not Drowsy,Non Drowsy/h0229.png
0.281348,0.273722,0.277535,0.016657,5.98283,-2.403607,-2.13984,Not Drowsy,Non Drowsy/h0235.png
0.25778,0.243636,0.250708,0.029908,5.88379,-3.577701,-3.62118,Not Drowsy,Non Drowsy/h0239.png
0.272821,0.256382,0.264602,0.06249,4.831768,-3.748455,-2.313735,Not Drowsy,Non Drowsy/h0243.png
0.026091,0.035311,0.030701,0.077602,4.115909,-1.875938,-1.907703,Not Drowsy,Non Drowsy/h0246.png
0.260645,0.244383,0.252514,0.047464,6.339339,-4.009285,-2.817583,Not Drowsy,Non Drowsy/h0250.png
0.287022,0.257055,0.272039,0.038715,5.723163,-4.005938,-2.520271,Not Drowsy,Non Drowsy/h0254.png
0.272488,0.244651,0.258569,0.029415,4.999569,-3.371323,-1.77992,Not Drowsy,Non Drowsy/h0258.png
0.110727,0.054291,0.082509,0.016939,4.846224,-3.099737,-2.114799,Not Drowsy,Non Drowsy/h0262.png
0.24335,0.23602,0.239685,0.037136,4.078505,-4.661995,-2.246011,Not Drowsy,Non Drowsy/h0266.png
0.275165,0.257337,0.266251,0.062788,4.125075,-3.664936,-2.251045,Not Drowsy,Non Drowsy/h0270.png
0.251296,0.223865,0.23758,0.043853,5.65751,-4.236496,-2.380989,Not Drowsy,Non Drowsy/h0274.png
0.265062,0.230394,0.247728,0.045112,5.197524,-4.54467,-2.534871,Not Drowsy,Non Drowsy/h0278.png
0.258304,0.231235,0.244769,0.081764,5.973309,-4.309917,-2.67635,Not Drowsy,Non Drowsy/h0281.png
0.280788,0.255655,0.268222,0.033315,4.753297,-3.837949,-2.636965,Not Drowsy,Non Drowsy/h0285.png
0.25778,0.244651,0.251215,0.017231,4.456861,-4.502534,-2.535818,Not Drowsy,Non Drowsy/h0289.png
0.279056,0.25031,0.264683,0.046612,4.536814,-3.764689,-2.585805,Not Drowsy,Non Drowsy/h0293.png
0.258304,0.229646,0.243975,0.035066,5.232562,-4.645273,-2.713491,Not Drowsy,Non Drowsy/h0297.png
0.264434,0.257055,0.260745,0.025409,5.788704,-4.436047,-3.085886,Not Drowsy,Non Drowsy/h0301.png
0.251151,0.237242,0.244197,0.028897,4.573859,-4.048668,-3.092477,Not Drowsy,Non Drowsy/h0305.png
0.258725,0.258304,0.258515,0.054509,1.54891,-3.810459,2.144384,Not Drowsy,Non Drowsy/h0309.png
0.270437,0.255285,0.262861,0.117871,-0.220043,-2.805904,4.583465,Not Drowsy,Non Drowsy/h0313.png
0.235192,0.236924,0.236058,0.081697,3.059619,-3.271611,2.620582,Not Drowsy,Non Drowsy/h0316.png
0.257505,0.233465,0.245485,0.0263,2.212201,-3.398847,2.063351,Not Drowsy,Non Drowsy/h0320.png
0.257803,0.260086,0.258945,0.050818,0.20849,-3.030235,2.319095,Not Drowsy,Non Drowsy/h0324.png
0.278733,0.262304,0.270519,0.054817,2.200587,-2.601764,2.358553,Not Drowsy,Non Drowsy/h0328.png
0.257514,0.237653,0.247584,0.063857,0.915582,-3.339766,2.758106,Not Drowsy,Non Drowsy/h0332.png
0.263483,0.265249,0.264366,0.043833,2.077159,-2.902248,2.252753,Not Drowsy,Non Drowsy/h0336.png
0.278042,0.260086,0.269064,0.039387,2.392834,-2.619008,2.347217,Not Drowsy,Non Drowsy/h0340.png
0.271519,0.258085,0.264802,0.043833,1.644388,-2.653529,1.860508,Not Drowsy,Non Drowsy/h0345.png
0.292538,0.246599,0.269568,0.078938,2.054779,-2.372696,2.473173,Not Drowsy,Non Drowsy/h0349.png
0.269386,0.253247,0.261317,0.041644,2.607457,-1.849849,2.442159,Not Drowsy,Non Drowsy/h0352.png
0.307624,0.288897,0.298261,0.049212,2.383146,0.159999,1.600383,Not Drowsy,Non Drowsy/h0362.png
0.28631,0.240025,0.263167,0.063908,3.342477,-1.915056,1.347387,Not Drowsy,Non Drowsy/h0366.png
0.251538,0.231235,0.241387,0.025409,3.221403,-2.297719,0.890752,Not Drowsy,Non Drowsy/h0370.png
0.244383,0.212165,0.228274,0.033893,3.655194,-2.579931,-1.069235,Not Drowsy,Non Drowsy/h0376.png
0.280788,0.251038,0.265913,0.040786,5.286119,-2.104318,-1.858672,Not Drowsy,Non Drowsy/h0380.png
0.264942,0.238318,0.25163,0.046667,4.315094,-2.303423,-1.242034,Not Drowsy,Non Drowsy/h0384.png
0.285071,0.251298,0.268184,0.034483,5.307842,-1.368575,-1.146518,Not Drowsy,Non Drowsy/h0388.png
0.308765,0.271519,0.290142,0.027778,4.401821,-2.007981,-0.239432,Not Drowsy,Non Drowsy/h0393.png
0.315582,0.298088,0.306835,0.036364,5.257999,-2.044419,-0.890257,Not Drowsy,Non Drowsy/h0397.png
0.306697,0.271519,0.289108,0.063465,3.527317,-1.443839,-0.602586,Not Drowsy,Non Drowsy/h0401.png
0.306816,0.264379,0.285597,0.052632,3.639982,-2.086009,-0.384998,Not Drowsy,Non Drowsy/h0405.png
0.279163,0.251298,0.265231,0.061744,3.744733,-1.901283,-0.643761,Not Drowsy,Non Drowsy/h0409.png
0.258085,0.238217,0.248151,0.034478,4.167727,-1.414548,-1.207915,Not Drowsy,Non Drowsy/h0413.png
0.012783,0.012163,0.012473,0.069162,3.080525,0.765576,-0.544809,Not Drowsy,Non Drowsy/h0417.png
0.271618,0.251038,0.261328,0.044636,4.341102,-1.014102,-1.196263,Not Drowsy,Non Drowsy/h0421.png
0.271618,0.251038,0.261328,0.026312,3.97834,-1.899469,-1.144192,Not Drowsy,Non Drowsy/h0425.png
0.31751,0.277185,0.297348,0.054536,4.648245,-0.821477,-1.038726,Not Drowsy,Non Drowsy/h0429.png
0.292876,0.269075,0.280976,0.046647,6.415009,-1.149281,-2.722672,Not Drowsy,Non Drowsy/h0433.png
0.268285,0.230235,0.24926,0.029931,7.182561,-1.852844,-3.025943,Not Drowsy,Non Drowsy/h0437.png
0.267219,0.256943,0.262081,0.043579,6.408545,-2.754305,-3.548094,Not Drowsy,Non Drowsy/h0441.png
0.142335,0.148649,0.145492,0.043078,6.191498,-2.275448,-2.982161,Not Drowsy,Non Drowsy/h0445.png
0.272488,0.249654,0.261071,0.029394,7.563778,-2.693385,-3.603405,Not Drowsy,Non Drowsy/h0449.png
0.282843,0.250382,0.266612,0.01752,6.856619,-2.553585,-3.689067,Not Drowsy,Non Drowsy/h0453.png
0.281113,0.244618,0.262865,0.060336,5.388806,-1.619741,-1.982676,Not Drowsy,Non Drowsy/h0458.png
0.265351,0.24474,0.255045,0.044636,2.653211,-2.365136,-0.563678,Not Drowsy,Non Drowsy/h0463.png
0.258085,0.24474,0.251413,0.025424,3.115328,-3.119418,-0.881387,Not Drowsy,Non Drowsy/h0467.png
0.271519,0.250729,0.261124,0.02542,3.047557,-2.669385,-0.982492,Not Drowsy,Non Drowsy/h0470.png
0.271519,0.263723,0.267621,0.017231,3.378549,-3.006688,-1.518358,Not Drowsy,Non Drowsy/h0474.png
0.279422,0.251038,0.26523,0.055644,2.894965,-0.999179,-2.116483,Not Drowsy,Non Drowsy/h0478.png
0.260303,0.23797,0.249136,0.032426,3.384688,-2.445024,-2.163916,Not Drowsy,Non Drowsy/h0482.png
0.273521,0.244618,0.259069,0.038031,3.890225,-2.58804,-2.330281,Not Drowsy,Non Drowsy/h0486.png
0.260018,0.257803,0.25891,0.038048,3.265271,-2.617837,-1.948716,Not Drowsy,Non Drowsy/h0490.png
0.013086,0.024969,0.019027,0.061366,2.362161,-1.017551,-1.962524,Not Drowsy,Non Drowsy/h0494.png
0.273521,0.251038,0.262279,0.029931,3.832694,-2.943143,-2.554615,Not Drowsy,Non Drowsy/h0498.png
0.262017,0.250729,0.256373,0.037387,3.432797,-2.739236,-2.344052,Not Drowsy,Non Drowsy/h0503.png
0.246599,0.232113,0.239356,0.042318,2.721586,-2.476376,-2.614799,Not Drowsy,Non Drowsy/h0506.png
0.264942,0.250642,0.257792,0.036496,5.702786,-3.493818,-2.105844,Not Drowsy,Non Drowsy/h0512.png
0.256266,0.241096,0.248681,0.114043,1.103234,-3.159957,7.369425,Not Drowsy,Non Drowsy/h0527.png
0.276818,0.257803,0.267311,0.033777,1.111126,-2.503992,4.205323,Not Drowsy,Non Drowsy/h0531.png
0.250383,0.244438,0.247411,0.050782,0.531896,-3.216533,2.501732,Not Drowsy,Non Drowsy/h0535.png
0.074906,0.052688,0.063797,0.027502,0.910066,-1.058774,2.339377,Not Drowsy,Non Drowsy/h0539.png
0.269386,0.244651,0.257019,0.041615,1.177972,-3.068908,2.698809,Not Drowsy,Non Drowsy/h0543.png
0.249615,0.246868,0.248242,0.031886,0.392179,-2.756221,2.559333,Not Drowsy,Non Drowsy/h0547.png
0.265249,0.246782,0.256015,0.045902,0.766824,-2.876961,2.194252,Not Drowsy,Non Drowsy/h0551.png
0.257803,0.265249,0.261526,0.043046,0.864899,-2.740289,2.399376,Not Drowsy,Non Drowsy/h0554.png
0.264251,0.265249,0.26475,0.054627,2.294189,-2.824304,2.112452,Not Drowsy,Non Drowsy/h0558.png
0.265249,0.269689,0.267469,0.078935,1.856454,-2.367487,1.644202,Not Drowsy,Non Drowsy/h0562.png
0.267528,0.279056,0.273292,0.072831,1.07908,-2.152584,1.64532,Not Drowsy,Non Drowsy/h0566.png
0.251441,0.237653,0.244547,0.02542,1.608475,-3.683712,1.518405,Not Drowsy,Non Drowsy/h0570.png
0.229975,0.223087,0.226531,0.053563,3.006355,-4.945082,-1.903777,Not Drowsy,Non Drowsy/h0574.png
0.28265,0.249904,0.266277,0.039196,4.626147,-4.903875,-2.495942,Not Drowsy,Non Drowsy/h0578.png
0.260964,0.23602,0.248492,0.06246,3.626,-4.89924,-2.616173,Not Drowsy,Non Drowsy/h0582.png
0.283016,0.25862,0.270818,0.046743,3.676822,-4.851205,-1.9297,Not Drowsy,Non Drowsy/h0586.png
0.266997,0.256382,0.26169,0.057778,3.157334,-4.274936,-2.222851,Not Drowsy,Non Drowsy/h0589.png
0.258304,0.249904,0.254104,0.035692,3.651719,-5.349987,-2.464844,Not Drowsy,Non Drowsy/h0593.png
0.28506,0.235748,0.260404,0.049147,3.900491,-5.048528,-3.210993,Not Drowsy,Non Drowsy/h0597.png
0.258304,0.249615,0.25396,0.03631,3.561566,-4.785625,-3.087477,Not Drowsy,Non Drowsy/h0601.png
0.268285,0.263483,0.265884,0.052599,3.189351,-5.338398,-2.799741,Not Drowsy,Non Drowsy/h0605.png
0.272488,0.249615,0.261051,0.045425,4.840643,-4.280323,-2.903186,Not Drowsy,Non Drowsy/h0609.png
0.306803,0.288476,0.297639,0.034895,-1.714912,0.573983,6.468186,Not Drowsy,Non Drowsy/h0614.png
0.235187,0.24938,0.242283,0.006402,-6.774407,-1.816216,-4.644574,Not Drowsy,Non Drowsy/i0004.png
0.225238,0.248626,0.236932,0.006741,-9.4734,-1.581329,-6.05846,Not Drowsy,Non Drowsy/i0008.png
0.205213,0.228978,0.217096,0.007025,-10.684128,-1.093416,-5.200294,Not Drowsy,Non Drowsy/i0011.png
0.213888,0.24358,0.228734,0.0,-10.324884,-1.380505,-5.484501,Not Drowsy,Non Drowsy/i0015.png
0.211586,0.230142,0.220864,0.006735,-11.144737,-6.303185,-5.302947,Not Drowsy,Non Drowsy/i0019.png
0.194396,0.236834,0.215615,0.0,-10.577593,-3.862042,-5.522593,Not Drowsy,Non Drowsy/i0023.png
0.202598,0.24394,0.223269,0.0,-11.350306,-1.81063,-5.815036,Not Drowsy,Non Drowsy/i0027.png
0.213888,0.236107,0.224998,0.014249,-11.373577,-1.396053,-5.317624,Not Drowsy,Non Drowsy/i0031.png
0.198015,0.235541,0.216778,0.009787,-10.633084,-0.462612,-5.714736,Not Drowsy,Non Drowsy/i0035.png
0.202598,0.242448,0.222523,0.007125,-10.805665,-0.160897,-5.929718,Not Drowsy,Non Drowsy/i0039.png
0.20905,0.248626,0.228838,0.014249,-10.693725,0.716358,-5.886879,Not Drowsy,Non Drowsy/i0043.png
0.205698,0.236107,0.220903,0.007234,-11.388822,1.330661,-5.746009,Not Drowsy,Non Drowsy/i0046.png
0.216989,0.235541,0.226265,0.0,-10.850045,-0.288346,-5.620098,Not Drowsy,Non Drowsy/i0050.png
0.20905,0.242448,0.225749,0.014468,-10.702601,0.016906,-5.488048,Not Drowsy,Non Drowsy/i0054.png
0.02835,0.102277,0.065313,0.007227,-11.154549,-1.469884,-5.602925,Not Drowsy,Non Drowsy/i0058.png
0.19827,0.242448,0.220359,0.007227,-11.386519,1.135757,-5.764779,Not Drowsy,Non Drowsy/i0062.png
0.216989,0.256663,0.236826,0.014249,-10.911304,-0.901117,-5.759923,Not Drowsy,Non Drowsy/i0066.png
0.228049,0.269386,0.248717,0.0,-10.652166,1.938485,-6.273666,Not Drowsy,Non Drowsy/i0070.png
0.198015,0.248626,0.223321,0.007227,-10.875553,0.70578,-5.649457,Not Drowsy,Non Drowsy/i0074.png
0.191307,0.242448,0.216877,0.0,-11.446313,-0.090834,-5.995142,Not Drowsy,Non Drowsy/i0078.png
0.220143,0.249225,0.234684,0.006928,-10.67493,-2.188644,-5.265488,Not Drowsy,Non Drowsy/i0081.png
0.200684,0.236107,0.218396,0.007025,-11.107245,-0.731169,-6.228047,Not Drowsy,Non Drowsy/i0085.png
0.224815,0.261712,0.243264,0.0,-11.108029,0.103889,-6.389184,Not Drowsy,Non Drowsy/i0089.png
0.213486,0.248471,0.230979,0.014034,-11.509273,-1.516178,-5.993158,Not Drowsy,Non Drowsy/i0093.png
0.220143,0.261712,0.240928,0.007227,-11.961415,0.79686,-5.813514,Not Drowsy,Non Drowsy/i0097.png
0.213888,0.249136,0.231512,0.007125,-12.040988,-1.222712,-5.656847,Not Drowsy,Non Drowsy/i0101.png
0.218955,0.24197,0.230463,0.007433,-12.026249,-0.527591,-5.996691,Not Drowsy,Non Drowsy/i0105.png
0.220143,0.249225,0.234684,0.007025,-12.018683,-1.720526,-5.311127,Not Drowsy,Non Drowsy/i0109.png
0.21208,0.256293,0.234186,0.006833,-11.472366,-2.425523,-5.62195,Not Drowsy,Non Drowsy/i0113.png
0.21208,0.27073,0.241405,0.0,-11.830689,-0.778335,-5.573948,Not Drowsy,Non Drowsy/i0116.png
0.204425,0.242448,0.223436,0.013653,-11.957103,-4.058156,-5.01162,Not Drowsy,Non Drowsy/i0120.png
0.2264,0.276113,0.251256,0.006657,-11.651527,-1.887696,-4.784722,Not Drowsy,Non Drowsy/i0124.png
0.197659,0.243194,0.220427,0.009387,-11.215617,-0.556821,-6.51837,Not Drowsy,Non Drowsy/i0128.png
0.178985,0.209198,0.194091,0.009415,-16.878025,-2.959525,-3.180862,Not Drowsy,Non Drowsy/i0132.png
0.196182,0.250673,0.223427,0.0,-14.685907,-1.385365,-4.282835,Not Drowsy,Non Drowsy/i0136.png
0.204677,0.242889,0.223783,0.014062,-14.648047,-0.510154,-4.776858,Not Drowsy,Non Drowsy/i0140.png
0.218505,0.27073,0.244617,0.006928,-13.925935,-1.262077,-4.520099,Not Drowsy,Non Drowsy/i0144.png
0.208675,0.230089,0.219382,0.006928,-10.09657,2.220242,-5.32208,Not Drowsy,Non Drowsy/i0148.png
0.20905,0.230089,0.21957,0.006928,-10.602767,1.740812,-5.446307,Not Drowsy,Non Drowsy/i0151.png
0.226121,0.256712,0.241417,0.007025,-11.60061,1.713757,-5.052238,Not Drowsy,Non Drowsy/i0155.png
0.236589,0.255917,0.246253,0.007125,-11.064547,1.59851,-4.812532,Not Drowsy,Non Drowsy/i0159.png
0.219358,0.249922,0.23464,0.013314,-11.155764,3.00647,-4.881927,Not Drowsy,Non Drowsy/i0163.png
0.204425,0.249351,0.226888,0.006928,-11.536916,2.756143,-5.03094,Not Drowsy,Non Drowsy/i0167.png
0.213241,0.2493,0.23127,0.0,-11.659659,2.700108,-5.048881,Not Drowsy,Non Drowsy/i0171.png
0.229089,0.262996,0.246042,0.013856,-12.116825,3.188697,-4.891641,Not Drowsy,Non Drowsy/i0175.png
0.214176,0.242448,0.228312,0.0,-11.775374,3.282045,-5.033387,Not Drowsy,Non Drowsy/i0179.png
0.242371,0.273439,0.257905,0.007125,-12.487709,3.689371,-5.739741,Not Drowsy,Non Drowsy/i0185.png
0.229853,0.268705,0.249279,0.007131,-12.134901,1.659545,-4.82393,Not Drowsy,Non Drowsy/i0188.png
0.221227,0.269075,0.245151,0.006833,-12.000925,2.581207,-4.977567,Not Drowsy,Non Drowsy/i0192.png
0.207388,0.256293,0.23184,0.006839,-11.593169,1.921945,-4.894756,Not Drowsy,Non Drowsy/i0196.png
0.204677,0.249225,0.226951,0.007031,-12.01882,2.41074,-4.94884,Not Drowsy,Non Drowsy/i0200.png
0.212353,0.255917,0.234135,0.0,-12.202605,2.108436,-4.728844,Not Drowsy,Non Drowsy/i0204.png
0.207388,0.236107,0.221748,0.0,-12.685603,2.504712,-5.186059,Not Drowsy,Non Drowsy/i0208.png
0.203138,0.25693,0.230034,0.0,-11.909378,3.072498,-4.883656,Not Drowsy,Non Drowsy/i0212.png
0.221487,0.257351,0.239419,0.006928,-12.930646,2.801244,-4.79005,Not Drowsy,Non Drowsy/i0216.png
0.216395,0.255072,0.235734,0.0,-12.922099,4.215726,-5.765616,Not Drowsy,Non Drowsy/i0220.png
0.2264,0.255917,0.241158,0.0,-12.691209,2.840984,-4.846341,Not Drowsy,Non Drowsy/i0223.png
0.221487,0.251038,0.236262,0.013868,-12.946533,2.41783,-4.593356,Not Drowsy,Non Drowsy/i0227.png
0.2454,0.289171,0.267285,0.020517,-13.658753,2.733905,-4.707512,Not Drowsy,Non Drowsy/i0231.png
0.221487,0.262365,0.241926,0.006934,-12.513092,2.962894,-4.931726,Not Drowsy,Non Drowsy/i0235.png
0.204425,0.250382,0.227404,0.013687,-12.652586,3.262872,-4.569174,Not Drowsy,Non Drowsy/i0239.png
0.200785,0.243636,0.222211,0.006741,-12.590472,0.800701,-4.27253,Not Drowsy,Non Drowsy/i0244.png
0.187221,0.242889,0.215055,0.006934,-12.431528,2.670191,-4.993979,Not Drowsy,Non Drowsy/i0249.png
0.229089,0.270058,0.249573,0.00724,-12.274973,1.785112,-4.547793,Not Drowsy,Non Drowsy/i0253.png
0.202605,0.243194,0.222899,0.006559,-12.981402,-3.528936,-5.888972,Not Drowsy,Non Drowsy/i0257.png
0.197659,0.236062,0.216861,0.013469,-13.904038,-3.66222,-6.958254,Not Drowsy,Non Drowsy/i0260.png
0.213486,0.235296,0.224391,0.0,-12.660251,-2.179143,-7.028261,Not Drowsy,Non Drowsy/i0264.png
0.186688,0.230142,0.208415,0.016025,-12.348926,-4.14267,-6.627019,Not Drowsy,Non Drowsy/i0268.png
0.218269,0.263067,0.240668,0.006248,-13.761612,-7.06415,-2.895583,Not Drowsy,Non Drowsy/i0273.png
0.233983,0.275459,0.254721,0.009275,-11.353226,-4.45531,-5.717984,Not Drowsy,Non Drowsy/i0277.png
0.212228,0.269876,0.241052,0.013877,-14.201125,-2.849228,-4.240216,Not Drowsy,Non Drowsy/i0281.png
0.149129,0.195431,0.17228,0.013502,-14.21234,-2.724304,-3.64121,Not Drowsy,Non Drowsy/i0285.png
0.185132,0.243154,0.214143,0.007036,-13.968405,-2.173003,-3.800851,Not Drowsy,Non Drowsy/i0289.png
0.210861,0.249654,0.230258,0.006574,-13.677886,-2.319801,-3.902247,Not Drowsy,Non Drowsy/i0293.png
0.213716,0.25031,0.232013,0.006574,-13.122574,-2.796888,-3.581889,Not Drowsy,Non Drowsy/i0297.png
0.198015,0.215901,0.206958,0.013667,-11.947174,-2.54181,-4.868618,Not Drowsy,Non Drowsy/i0300.png
0.184894,0.229395,0.207145,0.006928,-12.619128,-3.38226,-4.673006,Not Drowsy,Non Drowsy/i0304.png
0.191307,0.215901,0.203604,0.021394,-11.644095,-2.810504,-4.99329,Not Drowsy,Non Drowsy/i0308.png
0.182843,0.215901,0.199372,0.007025,-12.721825,-1.450641,-5.191448,Not Drowsy,Non Drowsy/i0312.png
0.190948,0.249615,0.220282,0.0,-12.962353,-4.141813,-4.94599,Not Drowsy,Non Drowsy/i0316.png
0.182529,0.210235,0.196382,0.019956,-12.207694,-3.944384,-4.861329,Not Drowsy,Non Drowsy/i0320.png
0.182529,0.229395,0.205962,0.006839,-13.299702,-3.824988,-4.69581,Not Drowsy,Non Drowsy/i0324.png
0.189174,0.222743,0.205958,0.014062,-12.989322,-2.650394,-4.519221,Not Drowsy,Non Drowsy/i0328.png
0.196154,0.242889,0.219521,0.0,-14.040012,-1.954633,-4.385596,Not Drowsy,Non Drowsy/i0332.png
0.216783,0.256712,0.236748,0.01314,-14.040441,-1.02088,-4.15283,Not Drowsy,Non Drowsy/i0335.png
0.221487,0.256712,0.2391,0.013314,-13.384202,-2.954853,-4.10168,Not Drowsy,Non Drowsy/i0339.png
0.209224,0.243979,0.226602,0.013314,-12.683263,-1.246482,-4.241024,Not Drowsy,Non Drowsy/i0343.png
0.208723,0.231176,0.219949,0.00657,-14.113,-1.613432,-4.285529,Not Drowsy,Non Drowsy/i0347.png
0.209224,0.257351,0.233288,0.006657,-12.827267,-1.642109,-4.120505,Not Drowsy,Non Drowsy/i0351.png
0.221644,0.256074,0.238859,0.006485,-13.793049,-0.862465,-3.990187,Not Drowsy,Non Drowsy/i0355.png
0.20905,0.244651,0.22685,0.006934,-13.267517,-2.178862,-3.773303,Not Drowsy,Non Drowsy/i0359.png
0.193873,0.244383,0.219128,0.014062,-13.324639,0.11809,-4.042723,Not Drowsy,Non Drowsy/i0363.png
0.220427,0.244383,0.232405,0.007346,-12.449922,0.336632,-4.47101,Not Drowsy,Non Drowsy/i0367.png
0.095474,0.180278,0.137876,0.0,-12.395905,0.360205,-4.435481,Not Drowsy,Non Drowsy/i0370.png
0.221487,0.26365,0.242569,0.013877,-12.745325,1.745983,-4.395527,Not Drowsy,Non Drowsy/i0374.png
0.209319,0.242889,0.226104,0.021703,-12.898358,0.350294,-4.528409,Not Drowsy,Non Drowsy/i0378.png
0.204677,0.251151,0.227914,0.007031,-12.824373,0.019359,-4.611146,Not Drowsy,Non Drowsy/i0382.png
0.214176,0.249615,0.231896,0.014681,-12.447114,-0.145572,-4.928616,Not Drowsy,Non Drowsy/i0386.png
0.022086,0.048013,0.03505,0.0,-12.442492,-0.473783,-4.731787,Not Drowsy,Non Drowsy/i0390.png
0.245226,0.28122,0.263223,0.014062,-12.103806,-0.865547,-4.952062,Not Drowsy,Non Drowsy/i0394.png
0.2264,0.269386,0.247893,0.023958,-12.780209,-1.060162,-5.354276,Not Drowsy,Non Drowsy/i0398.png
0.011516,0.047401,0.029459,0.0,-12.803064,-1.518609,-5.084152,Not Drowsy,Non Drowsy/i0402.png
0.229089,0.255917,0.242503,0.007031,-12.456404,-1.067936,-4.874133,Not Drowsy,Non Drowsy/i0405.png
0.143651,0.196419,0.170035,0.006934,-13.138162,-3.177275,-4.572261,Not Drowsy,Non Drowsy/i0409.png
0.204677,0.236515,0.220596,0.006928,-12.472582,-1.508467,-4.76597,Not Drowsy,Non Drowsy/i0413.png
0.231237,0.256382,0.24381,0.014468,-13.568568,-2.57,-5.17418,Not Drowsy,Non Drowsy/i0417.png
0.223174,0.255269,0.239221,0.009935,-12.774448,-2.432601,-5.861103,Not Drowsy,Non Drowsy/i0421.png
0.225733,0.249225,0.237479,0.006928,-12.135679,-2.144167,-5.817158,Not Drowsy,Non Drowsy/i0425.png
0.223854,0.236107,0.229981,0.00692,-12.446,-2.334113,-5.782928,Not Drowsy,Non Drowsy/i0429.png
0.220863,0.249225,0.235044,0.006833,-12.370013,-1.9935,-5.79201,Not Drowsy,Non Drowsy/i0433.png
0.2,0.255655,0.227827,0.0,-12.85836,-0.917944,-5.658911,Not Drowsy,Non Drowsy/i0437.png
0.206817,0.230142,0.21848,0.014062,-12.921068,-3.481292,-5.303609,Not Drowsy,Non Drowsy/i0441.png
0.202605,0.262794,0.2327,0.013653,-12.23623,-4.381915,-5.149585,Not Drowsy,Non Drowsy/i0445.png
0.190948,0.249904,0.220426,0.013483,-11.71658,-7.941978,-4.436277,Not Drowsy,Non Drowsy/i0449.png
0.190008,0.225232,0.20762,0.006491,-11.225727,-4.761199,-2.230425,Not Drowsy,Non Drowsy/i0455.png
0.198594,0.236842,0.217718,0.006327,-12.346867,-4.826139,-2.508651,Not Drowsy,Non Drowsy/i0459.png
0.214052,0.249922,0.231987,0.013323,-10.236572,-1.312664,-3.241649,Not Drowsy,Non Drowsy/i0466.png
0.178294,0.212091,0.195192,0.025167,-11.319411,-2.386701,-3.000758,Not Drowsy,Non Drowsy/i0470.png
0.204677,0.24351,0.224093,0.0,-11.154992,-2.078723,-3.199483,Not Drowsy,Non Drowsy/i0474.png
0.20747,0.237426,0.222448,0.006491,-10.916428,-1.706014,-2.704231,Not Drowsy,Non Drowsy/i0478.png
0.218745,0.263067,0.240906,0.006847,-11.615313,-1.151143,-3.095133,Not Drowsy,Non Drowsy/i0481.png
0.200236,0.231403,0.215819,0.013509,-11.282182,-1.865529,-2.909451,Not Drowsy,Non Drowsy/i0485.png
0.207616,0.242889,0.225252,0.006754,-11.680215,-2.165307,-2.860542,Not Drowsy,Non Drowsy/i0489.png
0.204808,0.232113,0.218461,0.0,-11.322047,-1.65323,-3.083886,Not Drowsy,Non Drowsy/i0493.png
0.200236,0.231403,0.215819,0.013148,-11.622898,-2.280565,-3.106797,Not Drowsy,Non Drowsy/i0497.png
0.200236,0.24351,0.221873,0.006577,-11.520489,-2.271467,-3.085962,Not Drowsy,Non Drowsy/i0502.png
0.202855,0.23676,0.219807,0.0,-11.632113,-2.725972,-3.119683,Not Drowsy,Non Drowsy/i0509.png
0.191831,0.237489,0.21466,0.009548,-11.445079,-2.283817,-3.116793,Not Drowsy,Non Drowsy/i0513.png
0.204677,0.224426,0.214551,0.007036,-12.218348,-0.478299,-3.79782,Not Drowsy,Non Drowsy/i0517.png
0.189666,0.223607,0.206636,0.0,-12.094611,-1.984726,-3.107299,Not Drowsy,Non Drowsy/i0520.png
0.184894,0.23676,0.210827,0.013502,-11.27525,-2.1334,-2.816261,Not Drowsy,Non Drowsy/i0524.png
0.191814,0.231479,0.211647,0.013509,-10.893254,-2.581065,-2.936951,Not Drowsy,Non Drowsy/i0533.png
0.215538,0.26345,0.239494,0.006574,-12.503717,-1.425075,-3.649434,Not Drowsy,Non Drowsy/i0537.png
0.219619,0.237242,0.228431,0.006402,-12.286845,-9.001862,-4.488865,Not Drowsy,Non Drowsy/i0541.png
0.207189,0.243154,0.225172,0.016089,-12.559738,-6.195172,-3.108007,Not Drowsy,Non Drowsy/i0546.png
0.162704,0.20347,0.183087,0.013884,-12.718493,-2.32803,-3.431581,Not Drowsy,Non Drowsy/i0550.png
0.210861,0.230466,0.220664,0.006657,-12.000497,0.576009,-4.180124,Not Drowsy,Non Drowsy/i0554.png
0.204425,0.250382,0.227404,0.009672,-12.458334,0.537627,-4.676085,Not Drowsy,Non Drowsy/i0558.png
0.193873,0.243903,0.218888,0.006741,-13.116763,-0.828056,-4.340064,Not Drowsy,Non Drowsy/i0561.png
0.221487,0.237242,0.229365,0.0,-13.081973,0.54718,-4.562578,Not Drowsy,Non Drowsy/i0565.png
0.1986,0.242872,0.220736,0.020204,-14.502275,-0.494336,-5.767777,Not Drowsy,Non Drowsy/i0569.png
0.203138,0.249654,0.226396,0.0,-13.112766,-0.135271,-4.778773,Not Drowsy,Non Drowsy/i0573.png
0.1986,0.243979,0.22129,0.0,-13.588582,-0.424323,-5.176303,Not Drowsy,Non Drowsy/i0577.png
0.2,0.236515,0.218257,0.006741,-14.333733,-0.34433,-5.17806,Not Drowsy,Non Drowsy/i0581.png
0.193873,0.230982,0.212427,0.007125,-13.347804,0.638269,-5.592158,Not Drowsy,Non Drowsy/i0585.png
0.202605,0.243194,0.222899,0.013483,-13.137648,-1.034462,-4.833501,Not Drowsy,Non Drowsy/i0589.png
0.185638,0.23676,0.211199,0.006938,-14.279149,-1.256892,-3.695168,Not Drowsy,Non Drowsy/i0593.png
0.191907,0.232113,0.21201,0.012649,-13.064167,-2.704175,-3.528458,Not Drowsy,Non Drowsy/i0596.png
0.186644,0.236107,0.211376,0.01405,-12.420405,0.299618,-6.030021,Not Drowsy,Non Drowsy/i0600.png
0.186644,0.221455,0.204049,0.007219,-13.320043,-0.29842,-6.434558,Not Drowsy,Non Drowsy/i0607.png
0.190014,0.249615,0.219815,0.007017,-13.815816,-1.339538,-6.337895,Not Drowsy,Non Drowsy/i0611.png
0.207388,0.255269,0.231329,0.007017,-13.917969,0.876194,-6.724348,Not Drowsy,Non Drowsy/i0615.png
0.212891,0.255269,0.23408,0.0,-15.193568,0.109496,-7.697404,Not Drowsy,Non Drowsy/i0619.png
0.199671,0.255917,0.227794,0.0,-15.023989,0.192399,-7.142323,Not Drowsy,Non Drowsy/i0623.png
0.186644,0.249615,0.21813,0.014419,-15.139471,-0.321106,-6.980238,Not Drowsy,Non Drowsy/i0627.png
0.204074,0.242578,0.223326,0.006818,-14.451765,0.706077,-6.782297,Not Drowsy,Non Drowsy/i0631.png
0.220543,0.255269,0.237906,0.006912,-14.213489,0.675009,-7.145432,Not Drowsy,Non Drowsy/i0634.png
0.192356,0.249225,0.22079,0.021025,-14.832407,1.002233,-7.28968,Not Drowsy,Non Drowsy/i0638.png
0.17146,0.235748,0.203604,0.0,-15.662455,-1.103896,-6.857984,Not Drowsy,Non Drowsy/i0642.png
0.200684,0.235296,0.21799,0.010051,-14.880301,-0.151532,-6.923313,Not Drowsy,Non Drowsy/i0646.png
0.204074,0.255917,0.229996,0.007008,-14.474519,-0.211002,-7.364154,Not Drowsy,Non Drowsy/i0650.png
0.199556,0.248471,0.224013,0.0,-14.612616,0.871934,-7.65207,Not Drowsy,Non Drowsy/i0654.png
0.205028,0.235541,0.220284,0.0,-14.658884,-0.423498,-7.685726,Not Drowsy,Non Drowsy/i0658.png
0.211227,0.235541,0.223384,0.007107,-14.84626,1.881272,-7.885449,Not Drowsy,Non Drowsy/i0662.png
0.207015,0.230417,0.218716,0.006489,-10.741088,-0.643674,1.390541,Not Drowsy,Non Drowsy/i0666.png
0.217728,0.250543,0.234135,0.013314,-9.9834,-0.289346,3.661373,Not Drowsy,Non Drowsy/i0669.png
0.227894,0.254237,0.241065,0.006397,-10.567815,-0.080439,4.151822,Not Drowsy,Non Drowsy/i0673.png
0.208965,0.260402,0.234683,0.006485,-10.935628,0.431019,3.216278,Not Drowsy,Non Drowsy/i0677.png
0.228375,0.270723,0.249549,0.019191,-10.824065,-0.860811,3.26333,Not Drowsy,Non Drowsy/i0681.png
0.20442,0.220601,0.212511,0.00648,-11.265501,-0.597165,2.612652,Not Drowsy,Non Drowsy/i0685.png
0.202475,0.238518,0.220496,0.0,-10.768471,-0.015516,2.487525,Not Drowsy,Non Drowsy/i0689.png
0.17827,0.213704,0.195987,0.006577,-11.065792,-1.942691,1.68439,Not Drowsy,Non Drowsy/i0693.png
0.198594,0.220122,0.209358,0.0,-8.568143,1.342167,-2.145766,Not Drowsy,Non Drowsy/i0697.png
0.217049,0.24359,0.230319,0.0,-8.685168,1.225141,-2.108238,Not Drowsy,Non Drowsy/i0701.png
0.190008,0.226385,0.208197,0.006756,-9.480157,1.672416,-2.060769,Not Drowsy,Non Drowsy/i0704.png
0.191831,0.230693,0.211262,0.012484,-9.532001,-0.74535,-3.62497,Not Drowsy,Non Drowsy/i0708.png
0.197205,0.236107,0.216656,0.026171,-12.197475,-2.800537,-7.698585,Not Drowsy,Non Drowsy/i0718.png
0.192877,0.236834,0.214855,0.0,-12.151121,-0.943324,-7.699772,Not Drowsy,Non Drowsy/i0722.png
0.200568,0.235541,0.218054,0.006818,-11.767719,-1.302419,-7.705239,Not Drowsy,Non Drowsy/i0726.png
0.190948,0.236157,0.213553,0.026907,-12.737746,-4.028579,-7.321316,Not Drowsy,Non Drowsy/i0730.png
0.20214,0.243025,0.222582,0.0,-12.47418,-1.519126,-7.458302,Not Drowsy,Non Drowsy/i0734.png
0.198983,0.227977,0.21348,0.014629,-12.714728,-0.448123,-7.293777,Not Drowsy,Non Drowsy/i0742.png
0.20103,0.249136,0.225083,0.007017,-12.842283,-0.128118,-7.215876,Not Drowsy,Non Drowsy/i0746.png
0.195454,0.235296,0.215375,0.014666,-11.882617,-0.137839,-6.675959,Not Drowsy,Non Drowsy/i0749.png
0.197659,0.242889,0.220274,0.007017,-12.660729,-1.615719,-6.288642,Not Drowsy,Non Drowsy/i0753.png
0.200684,0.228978,0.214831,0.014234,-12.023452,-0.98682,-6.736926,Not Drowsy,Non Drowsy/i0757.png
0.193302,0.229565,0.211433,0.00692,-12.338597,-0.243724,-6.575201,Not Drowsy,Non Drowsy/i0761.png
0.208675,0.242448,0.225561,0.006928,-13.250555,-1.482732,-6.013265,Not Drowsy,Non Drowsy/i0765.png
0.204074,0.237242,0.220658,0.006826,-12.513574,-1.418339,-6.11784,Not Drowsy,Non Drowsy/i0769.png
0.184138,0.22188,0.203009,0.0,-13.191136,-2.4432,-6.599791,Not Drowsy,Non Drowsy/i0773.png
0.193302,0.257335,0.225318,0.00692,-12.904276,-1.158606,-6.507342,Not Drowsy,Non Drowsy/i0777.png
0.153123,0.181735,0.167429,0.0,-13.865787,-4.121033,-6.415321,Not Drowsy,Non Drowsy/i0781.png
0.213486,0.249136,0.231311,0.017181,-13.286537,-4.790862,-6.171837,Not Drowsy,Non Drowsy/i0784.png
0.233983,0.276818,0.255401,0.007017,-12.943959,-2.877178,-6.547703,Not Drowsy,Non Drowsy/i0788.png
0.191307,0.227736,0.209522,0.014649,-13.649602,-3.901359,-6.578227,Not Drowsy,Non Drowsy/i0792.png
0.225733,0.282856,0.254294,0.006826,-13.661706,-3.174513,-6.152919,Not Drowsy,Non Drowsy/i0796.png
0.233983,0.277509,0.255746,0.020761,-13.014957,-3.391283,-6.351999,Not Drowsy,Non Drowsy/i0800.png
0.231237,0.255269,0.243253,0.009654,-12.776006,-3.11371,-6.113947,Not Drowsy,Non Drowsy/i0804.png
0.230574,0.279142,0.254858,0.014249,-13.688015,-4.182248,-5.814064,Not Drowsy,Non Drowsy/i0808.png
0.207189,0.276818,0.242003,0.0,-13.992336,-4.412124,-5.646714,Not Drowsy,Non Drowsy/i0812.png
0.193302,0.229395,0.211348,0.009935,-12.955349,-2.924503,-5.742249,Not Drowsy,Non Drowsy/i0816.png
0.184562,0.235748,0.210155,0.0,-13.385979,-2.737166,-5.541881,Not Drowsy,Non Drowsy/i0819.png
0.208675,0.242448,0.225561,0.006833,-12.89456,-2.00165,-6.143607,Not Drowsy,Non Drowsy/i0823.png
0.197659,0.235541,0.2166,0.007017,-12.386214,-0.506728,-6.581621,Not Drowsy,Non Drowsy/i0827.png
0.055603,0.166602,0.111103,0.0,-13.956766,-0.912943,-6.806163,Not Drowsy,Non Drowsy/i0831.png
0.239286,0.255072,0.247179,0.013653,-12.725579,-0.998897,-6.48218,Not Drowsy,Non Drowsy/i0835.png
0.204074,0.256589,0.230331,0.006928,-12.773986,-0.654107,-6.45114,Not Drowsy,Non Drowsy/i0839.png
0.182843,0.236107,0.209475,0.006839,-11.859495,-1.171594,-4.783951,Not Drowsy,Non Drowsy/i0843.png
0.208675,0.229565,0.21912,0.013276,-9.597038,-0.624367,-6.836839,Not Drowsy,Non Drowsy/i0847.png
0.207032,0.229565,0.218299,0.006645,-10.505574,1.780133,-6.951684,Not Drowsy,Non Drowsy/i0851.png
0.168189,0.196756,0.182473,0.0,-11.794603,1.143246,-6.529475,Not Drowsy,Non Drowsy/i0854.png
0.157942,0.188913,0.173428,0.006826,-12.609151,0.02349,-6.260122,Not Drowsy,Non Drowsy/i0858.png
0.153141,0.192852,0.172997,0.013323,-11.351823,-0.291357,-4.349021,Not Drowsy,Non Drowsy/i0862.png
0.227224,0.24358,0.235402,0.013494,-12.149812,-0.877245,-4.144126,Not Drowsy,Non Drowsy/i0866.png
0.221487,0.242872,0.23218,0.01314,-11.550371,2.399873,-4.607842,Not Drowsy,Non Drowsy/i0870.png
0.182843,0.225751,0.204297,0.0,-11.677359,3.093602,-4.600892,Not Drowsy,Non Drowsy/i0874.png
0.200236,0.231505,0.215871,0.019466,-11.95646,2.835993,-3.944335,Not Drowsy,Non Drowsy/i0878.png
0.2264,0.231505,0.228953,0.0,-11.267701,4.311127,-4.645481,Not Drowsy,Non Drowsy/i0882.png
0.173941,0.185824,0.179882,0.0,-10.704646,3.341401,-4.037855,Not Drowsy,Non Drowsy/i0886.png
0.183893,0.231403,0.207648,0.006577,-13.477519,3.024997,-3.045875,Not Drowsy,Non Drowsy/i0889.png
0.165931,0.216978,0.191455,0.006406,-14.144198,1.95048,-3.278113,Not Drowsy,Non Drowsy/i0893.png
0.200236,0.230797,0.215517,0.0,-12.783408,3.392387,-4.262593,Not Drowsy,Non Drowsy/i0897.png
0.223854,0.255708,0.239781,0.0,-11.046843,5.311115,-5.722444,Not Drowsy,Non Drowsy/i0901.png
0.198824,0.255708,0.227266,0.006741,-11.454244,4.722339,-5.874999,Not Drowsy,Non Drowsy/i0905.png
0.221227,0.256344,0.238785,0.0,-12.326462,4.145222,-5.54334,Not Drowsy,Non Drowsy/i0909.png
0.198824,0.261818,0.230321,0.016072,-11.566451,4.785015,-5.492598,Not Drowsy,Non Drowsy/i0913.png
0.252225,0.266869,0.259547,0.0,-11.364199,4.859883,-5.83631,Not Drowsy,Non Drowsy/i0917.png
0.22502,0.286073,0.255547,0.006652,-12.22534,5.169367,-5.79223,Not Drowsy,Non Drowsy/i0921.png
0.237664,0.274764,0.256214,0.0,-11.969998,4.867692,-5.550875,Not Drowsy,Non Drowsy/i0924.png
0.229955,0.261818,0.245886,0.0,-11.391365,5.397968,-5.569754,Not Drowsy,Non Drowsy/i0928.png
0.219358,0.261818,0.240588,0.0,-11.127912,5.592581,-5.639863,Not Drowsy,Non Drowsy/i0932.png
0.212315,0.255493,0.233904,0.0,-11.440571,5.876356,-5.750879,Not Drowsy,Non Drowsy/i0936.png
0.217318,0.255438,0.236378,0.013304,-11.118101,4.980476,-5.706628,Not Drowsy,Non Drowsy/i0940.png
0.193634,0.230797,0.212216,0.006826,-11.375355,5.763588,-5.708052,Not Drowsy,Non Drowsy/i0944.png
0.203138,0.263017,0.233078,0.0,-13.204126,3.375998,-5.855793,Not Drowsy,Non Drowsy/i0948.png
0.219358,0.255655,0.237507,0.0,-13.203959,4.427518,-5.471013,Not Drowsy,Non Drowsy/i0952.png
0.206439,0.274199,0.240319,0.0,-12.894132,3.254838,-5.523727,Not Drowsy,Non Drowsy/i0956.png
0.225641,0.266869,0.246255,0.0,-12.561671,4.005326,-6.004167,Not Drowsy,Non Drowsy/i0960.png
0.238334,0.275676,0.257005,0.013314,-12.899742,5.138845,-5.737642,Not Drowsy,Non Drowsy/i0963.png
0.240181,0.281158,0.260669,0.006565,-13.903213,4.162103,-5.609386,Not Drowsy,Non Drowsy/i0967.png
0.209529,0.234818,0.222174,0.0229,-11.700972,3.399535,-9.427634,Not Drowsy,Non Drowsy/i0971.png
0.213826,0.247234,0.23053,0.012899,-12.46077,4.484999,-9.291186,Not Drowsy,Non Drowsy/i0975.png
0.250213,0.279346,0.26478,0.006912,-13.048588,4.392106,-8.554351,Not Drowsy,Non Drowsy/i0979.png
0.221011,0.273635,0.247323,0.012465,-13.626031,1.886769,-7.447217,Not Drowsy,Non Drowsy/i0984.png
0.18753,0.231885,0.209707,0.006321,-13.937684,0.787963,-5.359854,Not Drowsy,Non Drowsy/i0988.png
0.219358,0.24351,0.231434,0.009171,-14.891919,1.165446,-4.887368,Not Drowsy,Non Drowsy/i0992.png
0.20795,0.262952,0.235451,0.0,-14.744552,3.087472,-5.551589,Not Drowsy,Non Drowsy/i0997.png
0.217318,0.256293,0.236805,0.009415,-14.967224,2.770345,-5.593813,Not Drowsy,Non Drowsy/i1000.png
0.207734,0.255655,0.231695,0.0,-14.458421,1.881477,-5.719346,Not Drowsy,Non Drowsy/i1004.png
0.178806,0.214964,0.196885,0.0,-10.623135,-1.682878,-8.198379,Not Drowsy,Non Drowsy/i1008.png
0.229488,0.273998,0.251743,0.0,-11.076085,-2.04141,-10.082076,Not Drowsy,Non Drowsy/i1012.png
0.225416,0.274199,0.249807,0.012322,-13.876999,1.505643,-6.755104,Not Drowsy,Non Drowsy/i1017.png
0.227745,0.268438,0.248092,0.018713,-14.322149,-1.163126,-5.79911,Not Drowsy,Non Drowsy/i1021.png
0.208639,0.261818,0.235228,0.0,-14.892342,1.011524,-6.327509,Not Drowsy,Non Drowsy/i1025.png
0.203595,0.2493,0.226447,0.012173,-15.550433,-1.20489,-5.532335,Not Drowsy,Non Drowsy/i1029.png
0.199616,0.249922,0.224769,0.011875,-15.584758,0.588256,-6.088937,Not Drowsy,Non Drowsy/i1033.png
0.202116,0.255655,0.228885,0.014703,-15.119907,0.240677,-5.719936,Not Drowsy,Non Drowsy/i1036.png
0.2134,0.262387,0.237893,0.011875,-15.020418,-0.289408,-5.835029,Not Drowsy,Non Drowsy/i1040.png
0.205726,0.231432,0.218579,0.012465,-15.132998,-0.60557,-6.611221,Not Drowsy,Non Drowsy/i1044.png
0.174101,0.238147,0.206124,0.0086,-14.225971,-0.502615,-6.15672,Not Drowsy,Non Drowsy/i1048.png
0.197482,0.2493,0.223391,0.014874,-12.936838,0.072048,-6.585402,Not Drowsy,Non Drowsy/i1052.png
0.207433,0.27423,0.240832,0.020763,-14.359058,0.614803,-6.802073,Not Drowsy,Non Drowsy/i1056.png
0.209897,0.261761,0.235829,0.012312,-12.824762,1.077406,-7.041348,Not Drowsy,Non Drowsy/i1060.png
0.221223,0.255367,0.238295,0.0,-14.636421,1.313324,-7.065182,Not Drowsy,Non Drowsy/i1064.png
0.203311,0.2493,0.226306,0.012026,-14.153864,0.751645,-6.382115,Not Drowsy,Non Drowsy/i1068.png
0.209897,0.255708,0.232803,0.006081,-13.796636,1.491775,-6.461998,Not Drowsy,Non Drowsy/i1071.png
0.206013,0.261197,0.233605,0.006156,-15.20819,2.717271,-6.917428,Not Drowsy,Non Drowsy/i1075.png
0.200236,0.24351,0.221873,0.006474,-14.438745,2.687613,-6.536763,Not Drowsy,Non Drowsy/i1079.png
0.227186,0.203551,0.215368,0.0,0.369657,-7.537569,2.144521,Not Drowsy,Non Drowsy/j0001.png
0.258159,0.245227,0.251693,0.006578,1.456519,-6.316224,-0.035667,Not Drowsy,Non Drowsy/j0005.png
0.238675,0.229142,0.233909,0.0,-0.723859,-8.646579,2.451894,Not Drowsy,Non Drowsy/j0009.png
0.238675,0.229333,0.234004,0.013697,0.054146,-7.940165,1.911589,Not Drowsy,Non Drowsy/j0013.png
0.225934,0.232922,0.229428,0.013512,-0.76471,-7.901122,1.590686,Not Drowsy,Non Drowsy/j0017.png
0.25085,0.217497,0.234173,0.013509,-1.054844,-8.574696,1.954374,Not Drowsy,Non Drowsy/j0021.png
0.250496,0.227444,0.23897,0.013329,-0.064199,-7.411372,2.044058,Not Drowsy,Non Drowsy/j0024.png
0.262325,0.254505,0.258415,0.020831,-0.561554,-7.139284,1.928718,Not Drowsy,Non Drowsy/j0028.png
0.244699,0.222094,0.233396,0.012986,-0.018715,-8.299948,1.957005,Not Drowsy,Non Drowsy/j0032.png
0.244287,0.231162,0.237725,0.013512,0.481195,-8.676696,1.732319,Not Drowsy,Non Drowsy/j0036.png
0.238675,0.212442,0.225558,0.006756,0.441018,-7.175509,1.914392,Not Drowsy,Non Drowsy/j0040.png
0.011352,0.011067,0.01121,0.009555,0.022318,-10.166446,1.474861,Not Drowsy,Non Drowsy/j0044.png
0.23237,0.239283,0.235826,0.006579,0.102391,-9.641043,1.557536,Not Drowsy,Non Drowsy/j0048.png
0.24484,0.242742,0.243791,0.012986,0.444383,-10.63729,1.583943,Not Drowsy,Non Drowsy/j0052.png
0.232573,0.223877,0.228225,0.006666,0.381911,-9.19491,1.713259,Not Drowsy,Non Drowsy/j0056.png
0.238675,0.2368,0.237737,0.006667,0.010211,-8.660306,1.218127,Not Drowsy,Non Drowsy/j0059.png
0.232714,0.219451,0.226083,0.006667,0.175556,-9.236615,1.429466,Not Drowsy,Non Drowsy/j0063.png
0.239024,0.223877,0.23145,0.022759,-0.001636,-8.321424,1.56432,Not Drowsy,Non Drowsy/j0067.png
0.207745,0.193881,0.200813,0.02217,0.41985,-10.766737,1.369939,Not Drowsy,Non Drowsy/j0071.png
0.233477,0.224002,0.22874,0.006491,-0.051842,-9.567641,1.697675,Not Drowsy,Non Drowsy/j0075.png
0.233163,0.212442,0.222802,0.019479,-0.350038,-9.498238,1.480619,Not Drowsy,Non Drowsy/j0079.png
0.238419,0.212442,0.22543,0.006494,0.542253,-9.192934,1.42034,Not Drowsy,Non Drowsy/j0083.png
0.219859,0.203724,0.211791,0.013332,0.112182,-9.597049,1.433016,Not Drowsy,Non Drowsy/j0087.png
0.240434,0.222154,0.231294,0.019481,-0.386054,-8.358087,0.661211,Not Drowsy,Non Drowsy/j0091.png
0.099062,0.104696,0.101879,0.013514,-0.171553,-12.485588,1.275364,Not Drowsy,Non Drowsy/j0094.png
0.233466,0.210533,0.222,0.0,-0.071142,-9.188558,0.89225,Not Drowsy,Non Drowsy/j0098.png
0.235045,0.224063,0.229554,0.012986,0.365029,-8.817764,1.028061,Not Drowsy,Non Drowsy/j0102.png
0.244828,0.234798,0.239813,0.009685,0.248623,-9.353264,1.107406,Not Drowsy,Non Drowsy/j0106.png
0.244287,0.210533,0.22741,0.0,0.265926,-8.72418,1.443635,Not Drowsy,Non Drowsy/j0110.png
0.232573,0.222154,0.227363,0.0,0.663205,-8.227314,1.110716,Not Drowsy,Non Drowsy/j0114.png
0.214884,0.203724,0.209304,0.0,0.413072,-8.510867,1.420675,Not Drowsy,Non Drowsy/j0118.png
0.256953,0.227379,0.242166,0.013512,-0.454617,-8.910804,1.373116,Not Drowsy,Non Drowsy/j0122.png
0.244465,0.215543,0.230004,0.023069,-0.033073,-7.764698,1.226663,Not Drowsy,Non Drowsy/j0126.png
0.226866,0.219451,0.223158,0.013697,0.171322,-7.400314,1.595428,Not Drowsy,Non Drowsy/j0129.png
0.208504,0.198825,0.203664,0.02027,0.272368,-8.418596,1.572085,Not Drowsy,Non Drowsy/j0133.png
0.2618,0.239295,0.250547,0.006579,-0.14367,-7.968114,1.764042,Not Drowsy,Non Drowsy/j0137.png
0.244699,0.2371,0.240899,0.018986,1.016597,-7.754384,1.856617,Not Drowsy,Non Drowsy/j0141.png
0.246417,0.222154,0.234286,0.006329,-0.193294,-6.623548,1.490076,Not Drowsy,Non Drowsy/j0145.png
0.262316,0.224063,0.24319,0.006578,-0.019156,-6.954624,1.893512,Not Drowsy,Non Drowsy/j0149.png
0.226528,0.200897,0.213712,0.012819,0.8807,-8.119221,1.960799,Not Drowsy,Non Drowsy/j0153.png
0.246417,0.218789,0.232603,0.006493,0.785606,-5.956663,1.785068,Not Drowsy,Non Drowsy/j0157.png
0.233151,0.212442,0.222797,0.0,1.210247,-7.934412,1.583919,Not Drowsy,Non Drowsy/j0163.png
0.244699,0.2371,0.240899,0.015877,0.481447,-7.589709,2.410752,Not Drowsy,Non Drowsy/j0166.png
0.250496,0.224002,0.237249,0.012819,0.564675,-7.14381,1.876941,Not Drowsy,Non Drowsy/j0170.png
0.250496,0.229398,0.239947,0.025185,0.928625,-7.07501,1.902708,Not Drowsy,Non Drowsy/j0174.png
0.235187,0.220654,0.22792,0.012819,1.764996,-7.130958,1.999756,Not Drowsy,Non Drowsy/j0178.png
0.233163,0.217049,0.225106,0.0,1.917253,-7.207454,1.949164,Not Drowsy,Non Drowsy/j0182.png
0.246264,0.231774,0.239019,0.012654,1.335053,-7.289356,1.756131,Not Drowsy,Non Drowsy/j0186.png
0.238675,0.225786,0.23223,0.019474,1.293323,-6.955004,2.349148,Not Drowsy,Non Drowsy/j0190.png
0.238675,0.235377,0.237026,0.013329,0.6917,-7.155567,2.0726,Not Drowsy,Non Drowsy/j0194.png
0.227186,0.242742,0.234964,0.012986,0.363212,-7.840399,2.064143,Not Drowsy,Non Drowsy/j0198.png
0.250003,0.220654,0.235328,0.013157,1.209793,-6.290754,2.349754,Not Drowsy,Non Drowsy/j0201.png
0.244699,0.231714,0.238206,0.0,2.158183,-6.03642,2.278503,Not Drowsy,Non Drowsy/j0205.png
0.261274,0.231774,0.246524,0.0,1.399499,-5.177414,2.097961,Not Drowsy,Non Drowsy/j0209.png
0.244699,0.220597,0.232648,0.006493,0.407326,-8.009788,2.215171,Not Drowsy,Non Drowsy/j0213.png
0.252098,0.229333,0.240716,0.00641,0.064173,-8.255311,2.086517,Not Drowsy,Non Drowsy/j0217.png
0.250496,0.231096,0.240796,0.012977,0.935655,-8.68974,2.280952,Not Drowsy,Non Drowsy/j0221.png
0.250003,0.231096,0.240549,0.013323,-0.717302,-7.56276,3.563034,Not Drowsy,Non Drowsy/j0225.png
0.23237,0.229333,0.230851,0.0,1.237871,-8.676806,2.543737,Not Drowsy,Non Drowsy/j0229.png
0.278974,0.257068,0.268021,0.012977,1.024971,-6.53516,3.803433,Not Drowsy,Non Drowsy/j0233.png
0.266817,0.242873,0.254845,0.013153,0.338139,-5.332875,3.261303,Not Drowsy,Non Drowsy/j0236.png
0.250003,0.248519,0.249261,0.02246,1.208688,-6.313774,2.663337,Not Drowsy,Non Drowsy/j0240.png
0.237631,0.222695,0.230163,0.009427,1.146074,-5.950644,2.487491,Not Drowsy,Non Drowsy/j0244.png
0.256043,0.203724,0.229884,0.018606,0.809339,-8.37049,2.35814,Not Drowsy,Non Drowsy/j0248.png
0.257489,0.218914,0.238201,0.012983,1.411981,-6.716858,2.348837,Not Drowsy,Non Drowsy/j0252.png
0.256043,0.231096,0.24357,0.024852,0.394768,-6.757014,2.248315,Not Drowsy,Non Drowsy/j0256.png
0.238686,0.231096,0.234891,0.006666,1.22454,-8.008272,1.968652,Not Drowsy,Non Drowsy/j0260.png
0.233151,0.218971,0.226061,0.012654,1.088339,-8.411123,2.145466,Not Drowsy,Non Drowsy/j0264.png
0.23237,0.225725,0.229047,0.006666,1.673457,-7.991783,2.127737,Not Drowsy,Non Drowsy/j0268.png
0.238675,0.223635,0.231155,0.00918,0.772943,-7.224051,2.439231,Not Drowsy,Non Drowsy/j0271.png
0.083333,0.060623,0.071978,0.019479,1.148323,-12.841515,2.034184,Not Drowsy,Non Drowsy/j0275.png
0.238675,0.223635,0.231155,0.006664,1.368296,-9.094237,2.507929,Not Drowsy,Non Drowsy/j0279.png
0.238082,0.210363,0.224223,0.019993,0.426742,-8.738937,2.261535,Not Drowsy,Non Drowsy/j0283.png
0.226593,0.218745,0.222669,0.012986,1.203505,-9.468764,2.475736,Not Drowsy,Non Drowsy/j0287.png
0.250496,0.242873,0.246684,0.006329,1.635848,-8.907369,2.145824,Not Drowsy,Non Drowsy/j0291.png
0.23237,0.215543,0.223957,0.013332,0.497177,-8.585285,2.308771,Not Drowsy,Non Drowsy/j0295.png
0.233151,0.218914,0.226033,0.00641,1.893311,-7.763632,2.227079,Not Drowsy,Non Drowsy/j0299.png
0.262316,0.240978,0.251647,0.012986,0.790126,-8.702366,2.035521,Not Drowsy,Non Drowsy/j0303.png
0.203551,0.191721,0.197636,0.00641,1.353431,-8.516593,1.766361,Not Drowsy,Non Drowsy/j0306.png
0.266817,0.230031,0.248424,0.012499,0.78741,-6.950762,2.419655,Not Drowsy,Non Drowsy/j0310.png
0.262316,0.248586,0.255451,0.006408,1.288922,-8.940448,2.096602,Not Drowsy,Non Drowsy/j0314.png
0.233466,0.201127,0.217296,0.006329,0.984136,-10.238527,1.592806,Not Drowsy,Non Drowsy/j0318.png
0.238675,0.224002,0.231339,0.006329,1.198516,-8.792713,1.941702,Not Drowsy,Non Drowsy/j0322.png
0.250496,0.225725,0.23811,0.013157,1.499574,-8.539227,1.813753,Not Drowsy,Non Drowsy/j0326.png
0.285413,0.247016,0.266215,0.012986,0.873514,-7.928925,2.111561,Not Drowsy,Non Drowsy/j0330.png
0.244699,0.245227,0.244963,0.019231,1.000238,-6.719903,2.143233,Not Drowsy,Non Drowsy/j0334.png
0.250003,0.246796,0.248399,0.009301,0.828942,-8.306117,2.506193,Not Drowsy,Non Drowsy/j0338.png
0.244699,0.23009,0.237394,0.00641,1.596479,-8.063691,1.697105,Not Drowsy,Non Drowsy/j0341.png
0.239012,0.2371,0.238056,0.012819,1.15163,-9.813052,1.744694,Not Drowsy,Non Drowsy/j0345.png
0.235045,0.231714,0.233379,0.008838,0.779036,-9.488808,1.520407,Not Drowsy,Non Drowsy/j0349.png
0.196407,0.184628,0.190517,0.013158,1.308257,-10.279078,2.016355,Not Drowsy,Non Drowsy/j0353.png
0.250003,0.218914,0.234458,0.025185,1.174247,-6.916163,2.578266,Not Drowsy,Non Drowsy/j0357.png
0.262316,0.225725,0.244021,0.006494,0.876997,-6.690512,2.041518,Not Drowsy,Non Drowsy/j0361.png
0.255415,0.242742,0.249078,0.013153,1.005459,-7.277456,2.114566,Not Drowsy,Non Drowsy/j0365.png
0.238484,0.229333,0.233909,0.019229,1.742745,-7.812576,2.41786,Not Drowsy,Non Drowsy/j0369.png
0.238675,0.223817,0.231246,0.013157,0.938269,-6.824194,1.996426,Not Drowsy,Non Drowsy/j0373.png
0.256573,0.227379,0.241976,0.006666,-0.138127,-8.609152,2.148499,Not Drowsy,Non Drowsy/j0376.png
0.262316,0.227379,0.244848,0.006493,1.105351,-8.205982,2.035221,Not Drowsy,Non Drowsy/j0380.png
0.268681,0.225786,0.247233,0.019737,1.00943,-6.420019,1.619688,Not Drowsy,Non Drowsy/j0384.png
0.268681,0.231096,0.249888,0.013332,0.666929,-8.540989,1.769224,Not Drowsy,Non Drowsy/j0388.png
0.251758,0.24281,0.247284,0.022759,0.65549,-6.365662,1.898639,Not Drowsy,Non Drowsy/j0392.png
0.256573,0.231096,0.243835,0.019998,1.184728,-7.648827,1.676445,Not Drowsy,Non Drowsy/j0396.png
0.268681,0.229333,0.249007,0.006493,1.717313,-9.40081,2.026782,Not Drowsy,Non Drowsy/j0400.png
0.250311,0.222865,0.236588,0.006944,0.699947,-6.858443,1.659112,Not Drowsy,Non Drowsy/j0404.png
0.243961,0.24281,0.243386,0.021074,0.846614,-6.682007,1.623204,Not Drowsy,Non Drowsy/j0408.png
0.25085,0.228894,0.239872,0.008729,2.186297,-6.217796,1.753507,Not Drowsy,Non Drowsy/j0411.png
0.250003,0.237144,0.243573,0.018366,1.158769,-5.650763,1.838213,Not Drowsy,Non Drowsy/j0415.png
0.250496,0.225786,0.238141,0.012821,0.791057,-7.754072,1.421533,Not Drowsy,Non Drowsy/j0419.png
0.256573,0.231096,0.243835,0.013332,1.095634,-7.15285,1.933736,Not Drowsy,Non Drowsy/j0423.png
0.262952,0.2368,0.249876,0.009428,0.953889,-5.61265,1.355533,Not Drowsy,Non Drowsy/j0427.png
0.252255,0.24281,0.247533,0.006579,0.206827,-6.440876,1.44692,Not Drowsy,Non Drowsy/j0431.png
0.232714,0.203724,0.218219,0.013514,0.708921,-6.190358,1.814909,Not Drowsy,Non Drowsy/j0435.png
0.243859,0.2248,0.234329,0.009428,0.714358,-8.379303,1.590792,Not Drowsy,Non Drowsy/j0439.png
0.252098,0.231162,0.24163,0.012987,0.005382,-6.33488,1.360765,Not Drowsy,Non Drowsy/j0443.png
0.256953,0.254505,0.255729,0.009182,0.537022,-9.339725,1.365051,Not Drowsy,Non Drowsy/j0446.png
0.256021,0.241047,0.248534,0.006578,0.717247,-7.093443,1.6807,Not Drowsy,Non Drowsy/j0450.png
0.262952,0.229398,0.246175,0.009427,1.180383,-7.11147,1.653219,Not Drowsy,Non Drowsy/j0454.png
0.256573,0.239227,0.2479,0.013514,0.691568,-7.997328,1.454101,Not Drowsy,Non Drowsy/j0458.png
0.244477,0.215621,0.230049,0.015882,0.241415,-6.310668,1.62715,Not Drowsy,Non Drowsy/j0462.png
0.252098,0.229207,0.240653,0.013157,0.084184,-6.390596,1.377219,Not Drowsy,Non Drowsy/j0466.png
0.02325,0.039529,0.03139,0.006849,0.611879,-9.326489,1.056818,Not Drowsy,Non Drowsy/j0470.png
0.262325,0.260008,0.261167,0.019737,1.667857,-6.254097,1.527657,Not Drowsy,Non Drowsy/j0474.png
0.250496,0.224063,0.237279,0.02486,1.3487,-6.715944,1.441121,Not Drowsy,Non Drowsy/j0478.png
0.256573,0.229398,0.242985,0.006329,0.314812,-7.568596,1.04242,Not Drowsy,Non Drowsy/j0481.png
0.244828,0.215621,0.230224,0.02027,0.87634,-7.251083,1.145337,Not Drowsy,Non Drowsy/j0485.png
0.220814,0.215543,0.218179,0.0,1.082965,-6.742406,1.327001,Not Drowsy,Non Drowsy/j0489.png
0.244465,0.215543,0.230004,0.016093,0.680083,-6.897252,1.370862,Not Drowsy,Non Drowsy/j0493.png
0.239012,0.210533,0.224773,0.012987,0.731303,-7.764536,1.284011,Not Drowsy,Non Drowsy/j0497.png
0.250933,0.2368,0.243867,0.006757,0.598306,-6.132118,1.409917,Not Drowsy,Non Drowsy/j0501.png
0.256953,0.231162,0.244058,0.006578,1.137485,-6.778992,1.224958,Not Drowsy,Non Drowsy/j0505.png
0.24484,0.219513,0.232176,0.006578,1.347075,-7.288302,0.915887,Not Drowsy,Non Drowsy/j0509.png
0.262316,0.235441,0.248879,0.012821,1.193596,-6.800374,1.137774,Not Drowsy,Non Drowsy/j0513.png
0.276139,0.258438,0.267289,0.019735,1.087818,-7.321543,0.740419,Not Drowsy,Non Drowsy/j0517.png
0.256953,0.229398,0.243176,0.022759,0.455408,-6.172238,1.074067,Not Drowsy,Non Drowsy/j0520.png
0.256573,0.229398,0.242985,0.006494,0.816028,-5.934435,1.382495,Not Drowsy,Non Drowsy/j0524.png
0.256573,0.215621,0.236097,0.006757,-0.327002,-7.398621,1.223366,Not Drowsy,Non Drowsy/j0528.png
0.263919,0.235575,0.249747,0.019479,0.627415,-6.535628,1.093025,Not Drowsy,Non Drowsy/j0532.png
0.256573,0.225725,0.241149,0.009182,0.491697,-6.361676,1.794549,Not Drowsy,Non Drowsy/j0536.png
0.262325,0.246796,0.254561,0.013157,0.710331,-6.835448,1.980976,Not Drowsy,Non Drowsy/j0540.png
0.244465,0.237208,0.240837,0.018606,1.366081,-7.342568,1.853119,Not Drowsy,Non Drowsy/j0544.png
0.23109,0.229142,0.230116,0.006667,0.168031,-8.076287,1.445597,Not Drowsy,Non Drowsy/j0548.png
0.256573,0.241047,0.24881,0.013512,1.399783,-7.376275,1.471029,Not Drowsy,Non Drowsy/j0552.png
0.244172,0.223817,0.233994,0.00641,1.483616,-7.531459,1.647335,Not Drowsy,Non Drowsy/j0555.png
0.250496,0.241047,0.245771,0.012987,0.965744,-6.22831,1.384588,Not Drowsy,Non Drowsy/j0559.png
0.243859,0.239283,0.241571,0.015882,1.058219,-8.009913,1.381867,Not Drowsy,Non Drowsy/j0563.png
0.244465,0.227444,0.235954,0.009428,0.645812,-5.161131,1.578628,Not Drowsy,Non Drowsy/j0567.png
0.242193,0.2368,0.239497,0.022462,-0.424127,-6.834601,1.272723,Not Drowsy,Non Drowsy/j0571.png
0.244828,0.227444,0.236136,0.013332,0.680184,-8.107971,1.366935,Not Drowsy,Non Drowsy/j0575.png
0.243859,0.239215,0.241537,0.009427,0.43302,-7.753789,1.537906,Not Drowsy,Non Drowsy/j0579.png
0.227186,0.203724,0.215455,0.013333,0.85078,-6.877189,1.409703,Not Drowsy,Non Drowsy/j0583.png
0.250496,0.237144,0.24382,0.009182,0.1863,-7.42581,1.369071,Not Drowsy,Non Drowsy/j0587.png
0.256953,0.2371,0.247027,0.006493,1.344638,-8.163372,1.764328,Not Drowsy,Non Drowsy/j0590.png
0.253858,0.246796,0.250327,0.022759,0.256915,-6.850986,1.275887,Not Drowsy,Non Drowsy/j0594.png
0.26924,0.245293,0.257267,0.012821,0.951189,-7.417643,0.819758,Not Drowsy,Non Drowsy/j0598.png
0.244465,0.215543,0.230004,0.020268,1.563404,-6.332745,1.437855,Not Drowsy,Non Drowsy/j0602.png
0.25,0.239719,0.244859,0.00625,0.530252,-5.895759,1.090793,Not Drowsy,Non Drowsy/j0606.png
0.238675,0.23373,0.236202,0.015675,0.009044,-7.255275,0.883651,Not Drowsy,Non Drowsy/j0610.png
0.238675,0.217497,0.228086,0.016095,1.086564,-7.87575,1.186472,Not Drowsy,Non Drowsy/j0614.png
0.250003,0.227379,0.238691,0.019998,1.06358,-5.755751,1.558751,Not Drowsy,Non Drowsy/j0618.png
0.244477,0.227444,0.235961,0.013157,0.909902,-6.719411,1.529472,Not Drowsy,Non Drowsy/j0622.png
0.239024,0.215604,0.227314,0.016093,1.468538,-4.793232,1.586206,Not Drowsy,Non Drowsy/j0625.png
0.252611,0.227444,0.240027,0.00641,0.907841,-6.542723,1.198528,Not Drowsy,Non Drowsy/j0629.png
0.239024,0.227444,0.233234,0.013333,0.919045,-6.15534,0.991712,Not Drowsy,Non Drowsy/j0633.png
0.256043,0.227444,0.241743,0.0,0.187309,-5.726078,1.71369,Not Drowsy,Non Drowsy/j0637.png
0.256573,0.248733,0.252653,0.019735,0.23048,-7.182651,1.161964,Not Drowsy,Non Drowsy/j0641.png
0.253858,0.231162,0.24251,0.013157,0.219777,-7.530401,1.272332,Not Drowsy,Non Drowsy/j0645.png
0.255438,0.224867,0.240152,0.019735,0.617041,-5.948974,1.630996,Not Drowsy,Non Drowsy/j0649.png
0.268135,0.239283,0.253709,0.013157,0.926643,-5.864195,1.538254,Not Drowsy,Non Drowsy/j0653.png
0.262316,0.237164,0.24974,0.015675,1.134804,-6.019389,1.445947,Not Drowsy,Non Drowsy/j0657.png
0.249957,0.223877,0.236917,0.012819,0.407799,-7.788312,1.587376,Not Drowsy,Non Drowsy/j0660.png
0.244465,0.2368,0.240633,0.006666,0.374259,-6.410386,1.799745,Not Drowsy,Non Drowsy/j0664.png
0.250946,0.224867,0.237906,0.022759,0.067814,-7.116936,1.525389,Not Drowsy,Non Drowsy/j0668.png
0.23237,0.22088,0.226625,0.0,0.551894,-5.795991,1.412055,Not Drowsy,Non Drowsy/j0672.png
0.234714,0.215621,0.225167,0.006757,0.92519,-7.702045,1.058327,Not Drowsy,Non Drowsy/j0676.png
0.263919,0.235441,0.24968,0.006578,1.126582,-6.970746,0.892108,Not Drowsy,Non Drowsy/j0680.png
0.257812,0.235299,0.246555,0.0,0.970748,-6.811719,1.209234,Not Drowsy,Non Drowsy/j0684.png
0.277221,0.251063,0.264142,0.006579,0.812758,-5.795995,1.121199,Not Drowsy,Non Drowsy/j0688.png
0.258758,0.229333,0.244046,0.013333,1.116381,-6.938462,0.889188,Not Drowsy,Non Drowsy/j0692.png
0.243252,0.231162,0.237207,0.006667,1.093827,-7.100816,1.172824,Not Drowsy,Non Drowsy/j0695.png
0.256573,0.2368,0.246686,0.0,0.066368,-6.925461,1.530202,Not Drowsy,Non Drowsy/j0699.png
0.252255,0.24281,0.247533,0.009183,0.791698,-6.327453,1.381931,Not Drowsy,Non Drowsy/j0703.png
0.250496,0.2371,0.243798,0.02027,1.627567,-8.555821,2.187839,Not Drowsy,Non Drowsy/j0707.png
0.250543,0.234993,0.242768,0.013697,0.573093,-5.187367,1.77488,Not Drowsy,Non Drowsy/j0711.png
0.239024,0.223877,0.23145,0.019479,0.479109,-5.18612,1.390469,Not Drowsy,Non Drowsy/j0715.png
0.23749,0.200734,0.219112,0.0,0.173919,-7.906715,2.256664,Not Drowsy,Non Drowsy/j0719.png
0.387775,0.358057,0.372916,0.053632,5.973038,-3.350904,-2.512467,Not Drowsy,Non Drowsy/k0004.png
0.37174,0.364109,0.367925,0.075351,4.05276,-4.66087,-2.525209,Not Drowsy,Non Drowsy/k0008.png
0.297216,0.280475,0.288846,0.389264,8.264403,-11.063845,-3.766636,Not Drowsy,Non Drowsy/k0011.png
0.06247,0.058798,0.060634,0.377898,7.230535,-13.326926,-6.9054,Not Drowsy,Non Drowsy/k0015.png
0.311731,0.279588,0.295659,0.328519,6.648379,-7.000042,-5.876925,Not Drowsy,Non Drowsy/k0019.png
0.292998,0.286207,0.289602,0.149368,4.052242,-6.0283,-5.710747,Not Drowsy,Non Drowsy/k0023.png
0.320788,0.313178,0.316983,0.369167,6.452429,-8.180693,-6.957646,Not Drowsy,Non Drowsy/k0027.png
0.08893,0.084853,0.086892,0.277474,7.836373,-6.509271,-8.957907,Not Drowsy,Non Drowsy/k0031.png
0.061958,0.079009,0.070483,0.425372,3.502953,-11.102034,-8.625022,Not Drowsy,Non Drowsy/k0035.png
0.28276,0.289862,0.286311,0.297858,6.511587,-12.527717,-7.726827,Not Drowsy,Non Drowsy/k0039.png
0.305527,0.313126,0.309327,0.029324,2.81465,-9.187627,-3.546862,Not Drowsy,Non Drowsy/k0043.png
0.182987,0.22798,0.205484,0.043752,-2.435514,-6.263223,-2.643705,Not Drowsy,Non Drowsy/k0046.png
0.329452,0.331766,0.330609,0.062817,-1.535883,-6.268291,-0.212137,Not Drowsy,Non Drowsy/k0050.png
0.336753,0.328691,0.332722,0.034478,3.567925,-4.753983,-0.683138,Not Drowsy,Non Drowsy/k0054.png
0.336599,0.306225,0.321412,0.035088,3.894789,-5.06276,-0.691613,Not Drowsy,Non Drowsy/k0058.png
0.075446,0.051636,0.063541,0.034478,2.478116,-6.597725,-0.463623,Not Drowsy,Non Drowsy/k0062.png
0.355833,0.331517,0.343675,0.034478,2.736746,-4.150085,-0.204948,Not Drowsy,Non Drowsy/k0066.png
0.336599,0.336136,0.336367,0.051724,6.783336,-5.494934,-1.214977,Not Drowsy,Non Drowsy/k0070.png
0.336599,0.336136,0.336367,0.054694,4.785306,-4.660895,-1.114995,Not Drowsy,Non Drowsy/k0074.png
0.327053,0.313845,0.320449,0.033893,6.026007,-4.919142,-0.856585,Not Drowsy,Non Drowsy/k0078.png
0.384502,0.360371,0.372437,0.038048,5.822297,-3.476363,-0.703093,Not Drowsy,Non Drowsy/k0081.png
0.349642,0.317402,0.333522,0.045112,7.687401,-4.599124,-1.193071,Not Drowsy,Non Drowsy/k0085.png
0.366606,0.350403,0.358504,0.037153,5.709035,-4.902607,-1.400811,Not Drowsy,Non Drowsy/k0089.png
0.316219,0.315758,0.315988,0.030479,4.70921,-5.045408,-1.087708,Not Drowsy,Non Drowsy/k0093.png
0.351686,0.328266,0.339976,0.035082,6.328012,-4.267699,-1.054338,Not Drowsy,Non Drowsy/k0097.png
0.347107,0.322585,0.334846,0.035082,7.167437,-4.387378,-1.073743,Not Drowsy,Non Drowsy/k0101.png
0.334554,0.322585,0.328569,0.026312,7.130604,-4.464741,-1.091458,Not Drowsy,Non Drowsy/k0105.png
0.366782,0.345236,0.356009,0.025847,4.761248,-3.975944,-0.942193,Not Drowsy,Non Drowsy/k0109.png
0.363656,0.340177,0.351917,0.0263,5.90366,-3.938012,-1.053444,Not Drowsy,Non Drowsy/k0113.png
0.314059,0.30889,0.311474,0.029945,7.194385,-5.184454,-1.121444,Not Drowsy,Non Drowsy/k0116.png
0.262903,0.257694,0.260299,0.044636,7.819697,-6.078343,-1.451789,Not Drowsy,Non Drowsy/k0120.png
0.370006,0.360371,0.365189,0.029945,4.878879,-3.28006,-0.584018,Not Drowsy,Non Drowsy/k0124.png
0.370006,0.34598,0.357993,0.035082,5.0255,-3.828259,-0.391468,Not Drowsy,Non Drowsy/k0128.png
0.341351,0.330804,0.336078,0.054694,5.571676,-4.443067,-0.8867,Not Drowsy,Non Drowsy/k0132.png
0.341351,0.331202,0.336277,0.046743,7.397868,-4.619079,-1.157584,Not Drowsy,Non Drowsy/k0136.png
0.366103,0.350236,0.358169,0.035709,5.877884,-4.491818,-0.919633,Not Drowsy,Non Drowsy/k0140.png
0.29852,0.279252,0.288886,0.037822,6.74102,-5.690153,-0.855858,Not Drowsy,Non Drowsy/k0144.png
0.379826,0.341993,0.360909,0.043853,5.000866,-4.246573,-0.650632,Not Drowsy,Non Drowsy/k0148.png
0.378052,0.354552,0.366302,0.036358,6.00661,-4.814742,-0.746759,Not Drowsy,Non Drowsy/k0151.png
0.368483,0.341993,0.355238,0.046743,3.943168,-4.146394,-0.761597,Not Drowsy,Non Drowsy/k0155.png
0.326849,0.325584,0.326216,0.035709,5.031494,-3.908117,-1.099529,Not Drowsy,Non Drowsy/k0159.png
0.362666,0.331282,0.346974,0.045447,4.191019,-5.497504,-0.612388,Not Drowsy,Non Drowsy/k0163.png
0.362666,0.338178,0.350422,0.027273,5.348094,-4.258886,-0.759294,Not Drowsy,Non Drowsy/k0167.png
0.083045,0.093961,0.088503,0.025409,4.865766,-5.327283,-1.059651,Not Drowsy,Non Drowsy/k0171.png
0.224128,0.232034,0.228081,0.0263,7.483651,-5.64326,-2.048413,Not Drowsy,Non Drowsy/k0175.png
0.362843,0.337637,0.35024,0.027255,9.609001,-4.762229,-2.756004,Not Drowsy,Non Drowsy/k0179.png
0.059922,0.060417,0.060169,0.029908,5.885004,-6.577778,-2.150572,Not Drowsy,Non Drowsy/k0183.png
0.351847,0.336136,0.343992,0.026747,8.013922,-5.142224,-2.657485,Not Drowsy,Non Drowsy/k0186.png
0.318068,0.296611,0.30734,0.035624,9.916704,-6.64719,-4.112895,Not Drowsy,Non Drowsy/k0190.png
0.336753,0.309023,0.322888,0.035066,8.504031,-5.300759,-2.269412,Not Drowsy,Non Drowsy/k0194.png
0.329452,0.29725,0.313351,0.034478,10.657721,-6.184501,-1.892092,Not Drowsy,Non Drowsy/k0198.png
0.336964,0.329962,0.333463,0.053563,4.927894,-5.523672,-0.913755,Not Drowsy,Non Drowsy/k0203.png
0.341351,0.342729,0.34204,0.015377,1.375119,-4.306063,-0.724754,Not Drowsy,Non Drowsy/k0207.png
0.351108,0.310315,0.330712,0.024577,1.837347,-4.853012,-0.523473,Not Drowsy,Non Drowsy/k0211.png
0.291827,0.306646,0.299236,0.027083,3.113501,-5.580479,-0.748161,Not Drowsy,Non Drowsy/k0215.png
0.366124,0.339485,0.352804,0.033315,3.737238,-4.401111,-0.861258,Not Drowsy,Non Drowsy/k0219.png
0.370486,0.35941,0.364948,0.03171,3.723045,-4.66919,-1.327661,Not Drowsy,Non Drowsy/k0222.png
0.341351,0.331202,0.336277,0.015617,4.636688,-4.884934,-0.819835,Not Drowsy,Non Drowsy/k0226.png
0.351686,0.341993,0.346839,0.04364,4.121206,-4.722357,-0.813816,Not Drowsy,Non Drowsy/k0230.png
0.355833,0.34598,0.350906,0.02753,3.042006,-4.78874,-0.138078,Not Drowsy,Non Drowsy/k0234.png
0.10492,0.058596,0.081758,0.032254,0.82018,-6.593069,0.120502,Not Drowsy,Non Drowsy/k0238.png
0.306646,0.316219,0.311433,0.02459,2.183041,-5.322119,0.292078,Not Drowsy,Non Drowsy/k0242.png
0.195811,0.200014,0.197913,0.02542,1.412969,-6.706045,0.208681,Not Drowsy,Non Drowsy/k0246.png
0.121059,0.139665,0.130362,0.016667,1.651798,-6.309308,0.214535,Not Drowsy,Non Drowsy/k0250.png
0.07908,0.053588,0.066334,0.025424,1.385822,-6.629174,0.342882,Not Drowsy,Non Drowsy/k0254.png
0.34091,0.336136,0.338523,0.02459,1.287453,-4.729972,0.669934,Not Drowsy,Non Drowsy/k0257.png
0.366103,0.356426,0.361264,0.025858,4.547464,-4.431978,-0.229911,Not Drowsy,Non Drowsy/k0261.png
0.239724,0.24248,0.241102,0.033898,3.407275,-6.292497,0.203969,Not Drowsy,Non Drowsy/k0265.png
0.379304,0.34598,0.362642,0.025,1.456874,-4.676341,0.838567,Not Drowsy,Non Drowsy/k0269.png
0.384502,0.360184,0.372343,0.035301,1.427098,-3.738761,0.879453,Not Drowsy,Non Drowsy/k0273.png
0.351847,0.340748,0.346298,0.025409,4.277515,-6.180757,-1.029061,Not Drowsy,Non Drowsy/k0277.png
0.351686,0.354552,0.353119,0.025847,3.788381,-5.123147,-0.903501,Not Drowsy,Non Drowsy/k0281.png
0.063716,0.062188,0.062952,0.017533,3.702084,-7.263276,-1.564497,Not Drowsy,Non Drowsy/k0285.png
0.282981,0.276766,0.279873,0.025847,4.38641,-6.132482,-1.022374,Not Drowsy,Non Drowsy/k0289.png
0.32187,0.347107,0.334488,0.052623,2.314134,-5.477709,-0.522731,Not Drowsy,Non Drowsy/k0292.png
0.366606,0.354552,0.360579,0.047486,2.371827,-4.877897,-0.073401,Not Drowsy,Non Drowsy/k0296.png
0.355543,0.34598,0.350761,0.042367,3.056078,-5.663228,-0.364145,Not Drowsy,Non Drowsy/k0300.png
0.351686,0.338178,0.344932,0.029415,3.662011,-5.44274,-0.931014,Not Drowsy,Non Drowsy/k0304.png
0.189716,0.220863,0.20529,0.025858,3.186929,-7.051466,-1.28438,Not Drowsy,Non Drowsy/k0308.png
0.341337,0.326285,0.333811,0.024986,1.789157,-6.185474,-0.883972,Not Drowsy,Non Drowsy/k0312.png
0.384502,0.366103,0.375303,0.051724,2.87968,-4.955695,0.196307,Not Drowsy,Non Drowsy/k0316.png
0.386524,0.354609,0.370566,0.045112,3.161242,-5.910962,-1.2858,Not Drowsy,Non Drowsy/k0320.png
0.347277,0.33506,0.341168,0.026769,4.349455,-6.487246,-1.386768,Not Drowsy,Non Drowsy/k0324.png
0.355987,0.351203,0.353595,0.025847,3.264739,-5.054238,-1.276319,Not Drowsy,Non Drowsy/k0327.png
0.375165,0.351203,0.363184,0.028436,1.505847,-5.613075,-0.642717,Not Drowsy,Non Drowsy/k0331.png
0.326849,0.326285,0.326567,0.037403,1.495477,-4.854667,-0.765173,Not Drowsy,Non Drowsy/k0335.png
0.34598,0.34091,0.343445,0.02542,0.181857,-4.376164,0.128821,Not Drowsy,Non Drowsy/k0339.png
0.376244,0.343421,0.359833,0.02542,-0.817699,-4.718469,0.317173,Not Drowsy,Non Drowsy/k0343.png
0.370006,0.359701,0.364854,0.043097,0.751214,-4.421479,-0.289434,Not Drowsy,Non Drowsy/k0347.png
0.376704,0.372197,0.374451,0.033315,0.054533,-4.834513,-0.680458,Not Drowsy,Non Drowsy/k0351.png
0.356426,0.350403,0.353414,0.025858,-0.825686,-4.838448,-0.293449,Not Drowsy,Non Drowsy/k0355.png
0.350736,0.308465,0.329601,0.026769,1.136707,-5.217785,-0.723546,Not Drowsy,Non Drowsy/k0359.png
0.243959,0.236458,0.240209,0.0263,2.281634,-6.775119,-0.903829,Not Drowsy,Non Drowsy/k0362.png
0.349386,0.337407,0.343396,0.045425,4.13107,-4.988782,-1.425812,Not Drowsy,Non Drowsy/k0366.png
0.37217,0.341993,0.357081,0.043078,0.795135,-4.657755,-0.944623,Not Drowsy,Non Drowsy/k0370.png
0.361545,0.35947,0.360507,0.024997,-0.093184,-4.675378,-0.234848,Not Drowsy,Non Drowsy/k0374.png
0.387273,0.366279,0.376776,0.025858,-1.908948,-5.8136,-0.04594,Not Drowsy,Non Drowsy/k0378.png
0.370006,0.360184,0.365095,0.033898,-3.054948,-5.319591,0.448494,Not Drowsy,Non Drowsy/k0382.png
0.37468,0.360184,0.367432,0.034483,-1.847859,-5.531217,0.249593,Not Drowsy,Non Drowsy/k0386.png
0.106723,0.142271,0.124497,0.026312,-5.724006,-7.198906,0.358631,Not Drowsy,Non Drowsy/k0390.png
0.386684,0.358794,0.372739,0.038715,-3.088247,-5.276104,0.067204,Not Drowsy,Non Drowsy/k0394.png
0.366124,0.350565,0.358344,0.035709,-2.683569,-7.001942,-0.126413,Not Drowsy,Non Drowsy/k0398.png
0.120714,0.15772,0.139217,0.025858,-2.68675,-7.782857,-0.68823,Not Drowsy,Non Drowsy/k0401.png
0.291426,0.27428,0.282853,0.0263,2.898939,-7.050502,-1.848583,Not Drowsy,Non Drowsy/k0405.png
0.087894,0.087997,0.087945,0.02456,4.318515,-7.069996,-2.012065,Not Drowsy,Non Drowsy/k0409.png
0.349386,0.333387,0.341386,0.034462,5.353959,-5.674132,-1.959546,Not Drowsy,Non Drowsy/k0413.png
0.087894,0.073498,0.080696,0.016646,0.184358,-6.29788,-1.6767,Not Drowsy,Non Drowsy/k0417.png
0.092689,0.138229,0.115459,0.024969,2.055549,-6.780623,-2.208536,Not Drowsy,Non Drowsy/k0421.png
0.341499,0.336136,0.338818,0.027982,0.239591,-7.040421,-0.91909,Not Drowsy,Non Drowsy/k0425.png
0.32187,0.331282,0.326576,0.035039,2.014661,-5.903212,-1.71786,Not Drowsy,Non Drowsy/k0429.png
0.355039,0.350403,0.352721,0.043078,4.858959,-5.601351,-2.288224,Not Drowsy,Non Drowsy/k0433.png
0.362843,0.3466,0.354722,0.025828,2.702273,-6.127525,-1.805793,Not Drowsy,Non Drowsy/k0436.png
0.312403,0.295075,0.303739,0.025409,2.652848,-5.859312,-1.782334,Not Drowsy,Non Drowsy/k0440.png
0.087631,0.123021,0.105326,0.024165,0.309298,-8.214443,-2.012074,Not Drowsy,Non Drowsy/k0444.png
0.321722,0.299942,0.310832,0.025409,2.72688,-6.75898,-1.266206,Not Drowsy,Non Drowsy/k0448.png
0.312268,0.326285,0.319276,0.033879,3.933569,-6.532343,-1.643726,Not Drowsy,Non Drowsy/k0452.png
0.38142,0.351203,0.366312,0.035066,3.697911,-5.492327,-1.580173,Not Drowsy,Non Drowsy/k0456.png
0.351847,0.343421,0.347634,0.035082,5.66043,-5.180707,-1.646137,Not Drowsy,Non Drowsy/k0460.png
0.353563,0.350403,0.351983,0.025847,5.188604,-5.070541,-1.648538,Not Drowsy,Non Drowsy/k0464.png
0.355202,0.366103,0.360653,0.044636,3.40271,-5.21226,-0.901621,Not Drowsy,Non Drowsy/k0468.png
0.334037,0.336136,0.335087,0.038697,5.081145,-5.483487,-1.585648,Not Drowsy,Non Drowsy/k0471.png
0.3766,0.358741,0.36767,0.033879,2.467827,-4.524976,-0.721716,Not Drowsy,Non Drowsy/k0475.png
0.326707,0.328266,0.327487,0.025847,2.07998,-5.200785,-0.64783,Not Drowsy,Non Drowsy/k0479.png
0.351847,0.326285,0.339066,0.045112,2.559361,-6.010926,-1.316396,Not Drowsy,Non Drowsy/k0483.png
0.060357,0.093325,0.076841,0.038048,1.603041,-7.735852,-0.824983,Not Drowsy,Non Drowsy/k0487.png
0.362376,0.370889,0.366633,0.042349,0.274916,-4.301413,-0.426008,Not Drowsy,Non Drowsy/k0491.png
0.38261,0.356426,0.369518,0.044636,1.446653,-5.158404,-0.405243,Not Drowsy,Non Drowsy/k0495.png
0.360184,0.358023,0.359103,0.046751,-0.069585,-3.991853,0.142571,Not Drowsy,Non Drowsy/k0499.png
0.351686,0.331517,0.341601,0.038054,1.331777,-5.019934,0.188298,Not Drowsy,Non Drowsy/k0503.png
0.37415,0.360184,0.367167,0.037158,1.204092,-4.72419,-0.176974,Not Drowsy,Non Drowsy/k0506.png
0.306787,0.316219,0.311503,0.037153,-0.875138,-7.000472,-0.214572,Not Drowsy,Non Drowsy/k0510.png
0.36715,0.368649,0.367899,0.00806,-4.469086,-4.177926,-0.493059,Not Drowsy,Non Drowsy/k0514.png
0.342729,0.340177,0.341453,0.02542,-0.834054,-5.188782,-0.443185,Not Drowsy,Non Drowsy/k0518.png
0.388954,0.353719,0.371336,0.025847,-1.433166,-5.373772,-0.632315,Not Drowsy,Non Drowsy/k0522.png
0.341351,0.326707,0.334029,0.05084,1.124004,-6.009928,-0.171247,Not Drowsy,Non Drowsy/k0526.png
0.26622,0.283251,0.274736,0.050284,1.580209,-6.189097,-0.109506,Not Drowsy,Non Drowsy/k0530.png
0.338686,0.338178,0.338432,0.043833,2.31196,-4.372767,-0.829057,Not Drowsy,Non Drowsy/k0534.png
0.360558,0.351203,0.35588,0.035082,7.205468,-4.976473,-0.919139,Not Drowsy,Non Drowsy/k0538.png
0.315793,0.356055,0.335924,0.009085,-1.919343,-0.071503,-0.826118,Not Drowsy,Non Drowsy/l0002.png
0.354749,0.383336,0.369043,0.009245,-0.887219,-0.277038,-0.272787,Not Drowsy,Non Drowsy/l0006.png
0.34866,0.384217,0.366439,0.008767,-3.670755,0.710589,-0.054288,Not Drowsy,Non Drowsy/l0010.png
0.356758,0.381907,0.369333,0.0,-37.744637,9.260288,-5.107257,Not Drowsy,Non Drowsy/l0014.png
0.36409,0.376791,0.37044,0.0,0.15296,-0.002589,-1.886741,Not Drowsy,Non Drowsy/l0018.png
0.37751,0.396171,0.386841,0.0,0.986577,1.096916,-1.842962,Not Drowsy,Non Drowsy/l0022.png
0.356758,0.384341,0.370549,0.0,3.451813,1.35434,-1.418635,Not Drowsy,Non Drowsy/l0026.png
0.409171,0.407296,0.408233,0.0,2.285794,0.965886,-1.93797,Not Drowsy,Non Drowsy/l0030.png
0.331254,0.365061,0.348158,0.008923,-0.829625,-0.365558,-1.372549,Not Drowsy,Non Drowsy/l0034.png
0.335325,0.365061,0.350193,0.017832,2.684001,1.029524,-1.395391,Not Drowsy,Non Drowsy/l0037.png
0.350488,0.39174,0.371114,0.021933,1.48594,0.038826,-1.419343,Not Drowsy,Non Drowsy/l0041.png
0.36326,0.381907,0.372584,0.008616,-36.901472,8.564713,-5.164155,Not Drowsy,Non Drowsy/l0045.png
0.36506,0.376419,0.370739,0.0,4.695659,0.187764,-2.04336,Not Drowsy,Non Drowsy/l0049.png
0.36506,0.390794,0.377927,0.008621,-36.744207,9.114276,-5.886663,Not Drowsy,Non Drowsy/l0053.png
0.349639,0.383804,0.366721,0.009432,-7.173858,0.322271,-0.173345,Not Drowsy,Non Drowsy/l0057.png
0.339132,0.384872,0.362002,0.018179,-6.855335,0.747266,-0.817694,Not Drowsy,Non Drowsy/l0061.png
0.251455,0.249706,0.25058,0.009037,-8.853815,-7.712747,5.063807,Not Drowsy,Non Drowsy/l0065.png
0.128784,0.147843,0.138313,0.017231,-2.209698,-5.883622,1.116305,Not Drowsy,Non Drowsy/l0069.png
0.281706,0.290451,0.286078,0.0,-0.699007,-3.339456,-0.805555,Not Drowsy,Non Drowsy/l0072.png
0.281559,0.284183,0.282871,0.02235,-0.513139,-4.416468,-1.093797,Not Drowsy,Non Drowsy/l0076.png
0.307576,0.32291,0.315243,0.0,-1.36403,-3.109597,-1.039642,Not Drowsy,Non Drowsy/l0080.png
0.307185,0.319298,0.313242,0.0,2.196034,-2.764526,-1.605335,Not Drowsy,Non Drowsy/l0084.png
0.316373,0.321846,0.31911,0.008771,-0.582579,-3.267851,-0.777137,Not Drowsy,Non Drowsy/l0089.png
0.330788,0.343209,0.336999,0.0,-0.422751,-2.972125,-0.628791,Not Drowsy,Non Drowsy/l0093.png
0.330788,0.374795,0.352792,0.008771,-0.441101,-2.882017,-1.052843,Not Drowsy,Non Drowsy/l0097.png
0.321068,0.32624,0.323654,0.008771,0.857551,-3.006759,-1.609097,Not Drowsy,Non Drowsy/l0101.png
0.315793,0.354538,0.335166,0.009085,-0.502398,-2.573546,-0.886486,Not Drowsy,Non Drowsy/l0105.png
0.306935,0.3275,0.317218,0.0,-2.535579,-2.676111,-0.416821,Not Drowsy,Non Drowsy/l0108.png
0.316373,0.343209,0.329791,0.008927,0.451183,-3.337147,-1.280869,Not Drowsy,Non Drowsy/l0112.png
0.3261,0.32202,0.32406,0.0,0.548929,-2.636535,-1.107452,Not Drowsy,Non Drowsy/l0116.png
0.3261,0.343209,0.334655,0.018179,3.74395,-2.73882,-1.699139,Not Drowsy,Non Drowsy/l0120.png
0.330788,0.318068,0.324428,0.017239,2.187541,-2.882296,-1.47155,Not Drowsy,Non Drowsy/l0124.png
0.301559,0.337593,0.319576,0.008927,3.684151,-2.313779,-1.602729,Not Drowsy,Non Drowsy/l0128.png
0.301559,0.354538,0.328048,0.0,1.232721,-2.43905,-1.274044,Not Drowsy,Non Drowsy/l0132.png
0.301559,0.333009,0.317284,0.0,6.236558,-2.793582,-1.716619,Not Drowsy,Non Drowsy/l0136.png
0.296059,0.320812,0.308435,0.009258,7.108948,-3.267038,-2.541309,Not Drowsy,Non Drowsy/l0141.png
0.306027,0.338248,0.322137,0.0,7.400648,-2.974773,-2.484363,Not Drowsy,Non Drowsy/l0144.png
0.316052,0.333009,0.324531,0.0,2.723058,-2.842269,-1.318476,Not Drowsy,Non Drowsy/l0148.png
0.305868,0.32202,0.313944,0.008927,2.603492,-3.07283,-1.429287,Not Drowsy,Non Drowsy/l0152.png
0.301559,0.342265,0.321912,0.0,1.659391,-3.420676,-0.786224,Not Drowsy,Non Drowsy/l0156.png
0.337165,0.343209,0.340187,0.008771,1.187375,-2.937916,-1.032375,Not Drowsy,Non Drowsy/l0163.png
0.3261,0.343209,0.334655,0.008619,3.732493,-2.975155,-1.28058,Not Drowsy,Non Drowsy/l0167.png
0.331254,0.361233,0.346244,0.0,3.528664,-2.06366,-1.728928,Not Drowsy,Non Drowsy/l0175.png
0.311362,0.343209,0.327285,0.0,3.257499,-2.190182,-1.991196,Not Drowsy,Non Drowsy/l0179.png
0.340618,0.347099,0.343858,0.0,-4.0273,-2.534108,0.792841,Not Drowsy,Non Drowsy/l0183.png
0.344875,0.373067,0.358971,0.0,-3.006554,-1.696917,0.264635,Not Drowsy,Non Drowsy/l0186.png
0.332119,0.337593,0.334856,0.0,-1.62061,-2.199479,-1.039902,Not Drowsy,Non Drowsy/l0190.png
0.321238,0.351458,0.336348,0.0,7.395873,-2.353066,-3.311202,Not Drowsy,Non Drowsy/l0199.png
0.286509,0.266274,0.276392,0.0,3.487914,-2.996494,-2.086222,Not Drowsy,Non Drowsy/l0203.png
0.336085,0.331646,0.333866,0.0,5.19574,-2.388967,-1.913048,Not Drowsy,Non Drowsy/l0207.png
0.327899,0.316228,0.322063,0.018506,3.625497,-3.388328,-1.249585,Not Drowsy,Non Drowsy/l0211.png
0.3116,0.316228,0.313914,0.009432,-0.59382,-3.526402,-0.828773,Not Drowsy,Non Drowsy/l0215.png
0.28636,0.310597,0.298479,0.021174,0.564748,-4.59326,-1.378149,Not Drowsy,Non Drowsy/l0219.png
0.292287,0.311731,0.302009,0.008771,0.037979,-4.007249,-1.420573,Not Drowsy,Non Drowsy/l0223.png
0.272902,0.304622,0.288762,0.012405,4.077174,-4.228463,-2.308358,Not Drowsy,Non Drowsy/l0226.png
0.255838,0.289651,0.272745,0.011983,5.108064,-4.935457,-2.279123,Not Drowsy,Non Drowsy/l0230.png
0.296464,0.300313,0.298388,0.008927,1.599238,-2.622831,-1.58591,Not Drowsy,Non Drowsy/l0234.png
0.275613,0.288542,0.282078,0.012854,8.730828,-3.529342,-3.049785,Not Drowsy,Non Drowsy/l0238.png
0.323626,0.333009,0.328318,0.013862,4.988039,-2.893915,-1.86791,Not Drowsy,Non Drowsy/l0242.png
0.296059,0.320788,0.308423,0.009089,6.201754,-3.356115,-2.316748,Not Drowsy,Non Drowsy/l0246.png
0.286017,0.319499,0.302758,0.009432,5.137832,-3.309702,-2.497458,Not Drowsy,Non Drowsy/l0250.png
0.303252,0.320788,0.31202,0.008923,4.156196,-3.724304,-1.71137,Not Drowsy,Non Drowsy/l0254.png
0.292287,0.304622,0.298455,0.0,3.077166,-2.857671,-2.042453,Not Drowsy,Non Drowsy/l0258.png
0.264366,0.32596,0.295163,0.027268,1.47666,-3.488742,-1.876144,Not Drowsy,Non Drowsy/l0261.png
0.307426,0.33014,0.318783,0.021542,4.948035,-3.186047,-1.977697,Not Drowsy,Non Drowsy/l0265.png
0.336784,0.351458,0.344121,0.0,6.093333,-2.877509,-2.824046,Not Drowsy,Non Drowsy/l0269.png
0.321405,0.325203,0.323304,0.0,3.648967,-3.031478,-2.136562,Not Drowsy,Non Drowsy/l0274.png
0.331935,0.320788,0.326361,0.027773,3.0446,-2.307169,-2.179499,Not Drowsy,Non Drowsy/l0278.png
0.321238,0.336953,0.329096,0.018519,6.285735,-2.00163,-2.571137,Not Drowsy,Non Drowsy/l0282.png
0.168204,0.158659,0.163432,0.008929,1.862908,-2.390745,-2.023308,Not Drowsy,Non Drowsy/l0286.png
0.331416,0.340955,0.336186,0.0,2.732322,-3.177921,-2.304443,Not Drowsy,Non Drowsy/l0290.png
0.301559,0.333009,0.317284,0.0,3.709255,-2.014109,-2.188431,Not Drowsy,Non Drowsy/l0294.png
0.311773,0.299535,0.305654,0.019227,8.095783,-1.503243,-2.579092,Not Drowsy,Non Drowsy/l0297.png
0.300514,0.307961,0.304237,0.023209,5.837262,-2.54255,-2.696084,Not Drowsy,Non Drowsy/l0301.png
0.065512,0.0767,0.071106,0.017857,2.559696,-1.936091,-2.106804,Not Drowsy,Non Drowsy/l0305.png
0.300514,0.299535,0.300025,0.0,6.381335,-2.830776,-2.928351,Not Drowsy,Non Drowsy/l0309.png
0.326728,0.340955,0.333842,0.0,3.175401,-1.825639,-2.567652,Not Drowsy,Non Drowsy/l0313.png
0.286509,0.289651,0.28808,0.009089,6.133278,-2.705226,-3.008284,Not Drowsy,Non Drowsy/l0317.png
0.306027,0.320788,0.313407,0.0,2.607699,-2.470402,-2.462451,Not Drowsy,Non Drowsy/l0321.png
0.316052,0.331646,0.323849,0.009432,7.504794,-2.35919,-3.534701,Not Drowsy,Non Drowsy/l0325.png
0.336784,0.350951,0.343867,0.009434,6.405373,-2.333274,-3.353348,Not Drowsy,Non Drowsy/l0329.png
0.341282,0.33014,0.335711,0.0,7.060985,-2.412623,-3.349396,Not Drowsy,Non Drowsy/l0332.png
0.311362,0.335309,0.323336,0.0,4.883348,-2.276554,-2.976588,Not Drowsy,Non Drowsy/l0336.png
0.340531,0.324772,0.332651,0.009091,3.635855,-2.234088,-2.89557,Not Drowsy,Non Drowsy/l0340.png
0.321238,0.352496,0.336867,0.0,3.772723,-2.979286,-2.829822,Not Drowsy,Non Drowsy/l0344.png
0.352291,0.336953,0.344622,0.0,3.866,-2.786605,-2.770259,Not Drowsy,Non Drowsy/l0349.png
0.311866,0.304622,0.308244,0.0,5.169516,-2.193808,-3.076357,Not Drowsy,Non Drowsy/l0354.png
0.360862,0.35958,0.360221,0.009091,3.983745,-2.507806,-3.100609,Not Drowsy,Non Drowsy/l0358.png
0.321405,0.357691,0.339548,0.0,4.385761,-2.826973,-2.76398,Not Drowsy,Non Drowsy/l0362.png
0.331416,0.320788,0.326102,0.009259,4.483297,-1.900046,-2.918423,Not Drowsy,Non Drowsy/l0366.png
0.267695,0.291548,0.279621,0.0,8.124005,-3.698572,-3.637273,Not Drowsy,Non Drowsy/l0369.png
0.195955,0.205762,0.200859,0.018182,5.027817,-2.65874,-3.430703,Not Drowsy,Non Drowsy/l0373.png
0.282266,0.28591,0.284088,0.008589,4.786686,-3.752589,-6.464049,Not Drowsy,Non Drowsy/l0377.png
0.157434,0.189256,0.173345,0.008444,4.280768,-6.000522,-6.125222,Not Drowsy,Non Drowsy/l0381.png
0.251394,0.257934,0.254664,0.0,4.977401,-3.74793,-5.544778,Not Drowsy,Non Drowsy/l0385.png
0.257488,0.245113,0.251301,0.0,8.621699,-3.604082,-6.232645,Not Drowsy,Non Drowsy/l0389.png
0.222995,0.229567,0.226281,0.0,7.210506,-3.479054,-5.99979,Not Drowsy,Non Drowsy/l0393.png
0.137493,0.114832,0.126163,0.008305,7.917484,-3.117645,-6.219066,Not Drowsy,Non Drowsy/l0398.png
0.289573,0.298607,0.29409,0.045408,-11.483359,-15.897744,2.314848,Not Drowsy,Non Drowsy/m0003.png
0.280831,0.276048,0.278439,0.064497,-8.89832,-14.009224,-2.47789,Not Drowsy,Non Drowsy/m0006.png
0.278875,0.26237,0.270623,0.031349,-6.475236,-13.071563,-3.053205,Not Drowsy,Non Drowsy/m0010.png
0.291493,0.268293,0.279893,0.023984,-5.838428,-13.488677,-3.56088,Not Drowsy,Non Drowsy/m0014.png
0.29885,0.29791,0.29838,0.025454,-7.416017,-15.923664,-2.667705,Not Drowsy,Non Drowsy/m0018.png
0.301522,0.271618,0.28657,0.007933,-8.500746,-14.370259,-2.15536,Not Drowsy,Non Drowsy/m0022.png
0.271236,0.269142,0.270189,0.059675,-9.277774,-16.185569,-1.668384,Not Drowsy,Non Drowsy/m0026.png
0.097564,0.075446,0.086505,0.090431,-9.567675,-21.119489,-1.214057,Not Drowsy,Non Drowsy/m0030.png
0.277761,0.257803,0.267782,0.047238,-9.404808,-16.656148,-1.320302,Not Drowsy,Non Drowsy/m0034.png
0.266431,0.256953,0.261692,0.0,-7.759205,-12.42441,-1.488548,Not Drowsy,Non Drowsy/m0038.png
0.266896,0.244383,0.25564,0.069379,-9.269905,-15.677986,-1.137703,Not Drowsy,Non Drowsy/m0041.png
0.26853,0.277473,0.273002,0.045434,-8.351696,-14.352988,-1.665906,Not Drowsy,Non Drowsy/m0052.png
0.278805,0.295889,0.287347,0.032088,-9.576029,-12.510807,-1.063562,Not Drowsy,Non Drowsy/m0057.png
0.254871,0.237379,0.246125,0.0303,-9.189674,-15.820335,-0.501356,Not Drowsy,Non Drowsy/m0061.png
0.260008,0.257803,0.258905,0.022727,-11.857316,-12.257495,-0.001593,Not Drowsy,Non Drowsy/m0065.png
0.271045,0.272488,0.271766,0.015625,-11.752864,-14.649913,0.214025,Not Drowsy,Non Drowsy/m0069.png
0.254505,0.271222,0.262863,0.015625,-11.13523,-12.309442,-0.050306,Not Drowsy,Non Drowsy/m0073.png
0.282989,0.265249,0.274119,0.031742,-11.459382,-11.948767,-1.184304,Not Drowsy,Non Drowsy/m0077.png
0.072528,0.077648,0.075088,0.025102,-9.65857,-17.799866,-0.350862,Not Drowsy,Non Drowsy/m0081.png
0.265225,0.246515,0.25587,0.018015,-9.796672,-11.468663,-0.895943,Not Drowsy,Non Drowsy/m0084.png
0.251612,0.223607,0.23761,0.010244,-11.07186,-13.690263,-1.119588,Not Drowsy,Non Drowsy/m0088.png
0.263863,0.250933,0.257398,0.014487,-9.082555,-11.94697,-1.352288,Not Drowsy,Non Drowsy/m0092.png
0.242873,0.233986,0.23843,0.021426,-9.686265,-11.263079,-1.434679,Not Drowsy,Non Drowsy/m0096.png
0.054025,0.075396,0.064711,0.04346,-9.994193,-19.797021,-0.839517,Not Drowsy,Non Drowsy/m0100.png
0.245626,0.244618,0.245122,0.08692,-9.798294,-13.274679,-1.040906,Not Drowsy,Non Drowsy/m0104.png
0.253122,0.251168,0.252145,0.014079,-8.782499,-10.44743,-2.224828,Not Drowsy,Non Drowsy/m0108.png
0.251092,0.238217,0.244655,0.02214,-8.732532,-15.212501,-2.090466,Not Drowsy,Non Drowsy/m0112.png
0.092644,0.073627,0.083135,0.006402,-6.15058,-21.741399,-2.612372,Not Drowsy,Non Drowsy/m0116.png
0.248317,0.26365,0.255984,0.019735,-8.154374,-18.056847,-0.173049,Not Drowsy,Non Drowsy/m0120.png
0.251967,0.251151,0.251559,0.021737,-8.049746,-16.869358,-0.458259,Not Drowsy,Non Drowsy/m0126.png
0.196311,0.207168,0.201739,0.021429,-9.002444,-19.198091,0.278545,Not Drowsy,Non Drowsy/m0130.png
0.183748,0.178212,0.18098,0.020548,-8.52572,-20.14892,0.16052,Not Drowsy,Non Drowsy/m0134.png
0.110432,0.12099,0.115711,0.013653,-7.946875,-23.040425,-3.460238,Not Drowsy,Non Drowsy/m0138.png
0.1662,0.137298,0.151749,0.0,-7.883837,-25.266832,-1.062702,Not Drowsy,Non Drowsy/m0142.png
0.222271,0.207614,0.214942,0.020825,-8.592774,-19.843244,-0.686664,Not Drowsy,Non Drowsy/m0146.png
0.048692,0.03526,0.041976,0.007352,-8.319788,-23.163,-0.548371,Not Drowsy,Non Drowsy/m0150.png
0.211507,0.175788,0.193647,0.021426,-7.858047,-19.596532,-0.849729,Not Drowsy,Non Drowsy/m0155.png
0.2246,0.223178,0.223889,0.0,-8.071949,-17.434127,-0.65563,Not Drowsy,Non Drowsy/m0160.png
0.072528,0.075446,0.073987,0.007039,-9.491249,-21.233202,-0.925903,Not Drowsy,Non Drowsy/m0163.png
0.236519,0.224534,0.230526,0.00982,-8.794437,-17.147523,-0.201729,Not Drowsy,Non Drowsy/m0168.png
0.262299,0.258824,0.260561,0.023067,-8.54979,-15.798687,-0.836612,Not Drowsy,Non Drowsy/m0172.png
0.072294,0.107142,0.089718,0.0,-9.496451,-22.653414,-0.961901,Not Drowsy,Non Drowsy/m0176.png
0.257068,0.23797,0.247519,0.0,-8.883739,-15.199219,-0.927087,Not Drowsy,Non Drowsy/m0180.png
0.159851,0.120798,0.140325,0.00982,-8.316232,-21.398795,0.139259,Not Drowsy,Non Drowsy/m0184.png
0.242686,0.257351,0.250018,0.0,-8.603046,-17.050779,-0.69498,Not Drowsy,Non Drowsy/m0194.png
0.218745,0.205656,0.2122,0.0,-7.529313,-14.788524,-0.847718,Not Drowsy,Non Drowsy/m0198.png
0.254033,0.257604,0.255819,0.013514,-7.891218,-14.165048,-0.958453,Not Drowsy,Non Drowsy/m0202.png
0.066584,0.089657,0.078121,0.0,-9.212276,-21.81585,-0.03001,Not Drowsy,Non Drowsy/m0205.png
0.076764,0.07012,0.073442,0.0,-7.374752,-20.429209,0.068102,Not Drowsy,Non Drowsy/m0209.png
0.20858,0.200281,0.20443,0.0,-9.849974,-21.447245,-0.00398,Not Drowsy,Non Drowsy/m0217.png
0.236088,0.20657,0.221329,0.007142,-8.834687,-18.978087,-0.591133,Not Drowsy,Non Drowsy/m0221.png
0.158859,0.145494,0.152177,0.02027,-9.345119,-25.606146,1.768944,Not Drowsy,Non Drowsy/m0225.png
0.258795,0.257351,0.258073,0.006741,-4.177825,-25.670087,-3.100353,Not Drowsy,Non Drowsy/m0229.png
0.241867,0.257514,0.249691,0.007136,-6.805229,-21.941534,-1.453268,Not Drowsy,Non Drowsy/m0233.png
0.091593,0.093341,0.092467,0.00734,-6.32308,-23.994148,-2.633485,Not Drowsy,Non Drowsy/m0237.png
0.247983,0.231885,0.239934,0.0,-6.459419,-19.20555,-1.953341,Not Drowsy,Non Drowsy/m0241.png
0.244588,0.256965,0.250777,0.020531,-5.639182,-18.983869,-2.585383,Not Drowsy,Non Drowsy/m0244.png
0.257257,0.243903,0.25058,0.03518,-6.155828,-20.447844,-2.120365,Not Drowsy,Non Drowsy/m0248.png
0.256699,0.258085,0.257392,0.007036,-6.137059,-19.841495,-2.674752,Not Drowsy,Non Drowsy/m0252.png
0.248069,0.224426,0.236248,0.0,-5.561069,-20.053944,-2.213123,Not Drowsy,Non Drowsy/m0256.png
0.265522,0.244618,0.25507,0.0,-5.399942,-19.725684,-2.26839,Not Drowsy,Non Drowsy/m0260.png
0.253686,0.243636,0.248661,0.020815,-5.700347,-20.839946,-2.335537,Not Drowsy,Non Drowsy/m0264.png
0.250498,0.237489,0.243993,0.013877,-5.233081,-19.424745,-2.668595,Not Drowsy,Non Drowsy/m0268.png
0.244529,0.216978,0.230753,0.014072,-5.245887,-20.490649,-2.676122,Not Drowsy,Non Drowsy/m0272.png
0.24763,0.244828,0.246229,0.013502,-5.146446,-17.850737,-2.428018,Not Drowsy,Non Drowsy/m0276.png
0.241983,0.216137,0.22906,0.021703,-5.70568,-21.207357,-2.558742,Not Drowsy,Non Drowsy/m0279.png
0.232024,0.212091,0.222058,0.016511,-4.240652,-18.755267,-3.531309,Not Drowsy,Non Drowsy/m0283.png
0.244529,0.237489,0.241009,0.009534,-4.420517,-21.695729,-3.604141,Not Drowsy,Non Drowsy/m0287.png
0.234479,0.216978,0.225729,0.006839,-4.114753,-22.84912,-3.475807,Not Drowsy,Non Drowsy/m0291.png
0.2086,0.192138,0.200369,0.0,-5.180602,-21.998702,-3.527753,Not Drowsy,Non Drowsy/m0295.png
0.108604,0.060495,0.08455,0.007125,-3.44636,-25.066385,-3.550082,Not Drowsy,Non Drowsy/m0299.png
0.255337,0.226314,0.240826,0.009534,-3.485271,-20.072641,-3.589401,Not Drowsy,Non Drowsy/m0303.png
0.241762,0.225692,0.233727,0.020224,-3.473995,-17.402992,-3.821372,Not Drowsy,Non Drowsy/m0307.png
0.209725,0.190831,0.200278,0.009542,-3.297544,-22.492256,-3.035653,Not Drowsy,Non Drowsy/m0311.png
0.250498,0.232113,0.241305,0.016082,-3.040979,-18.85258,-3.247689,Not Drowsy,Non Drowsy/m0314.png
0.243972,0.244939,0.244456,0.006833,-3.382408,-19.074966,-3.932601,Not Drowsy,Non Drowsy/m0318.png
0.210338,0.216216,0.213277,0.013483,-2.95641,-21.843658,-3.609469,Not Drowsy,Non Drowsy/m0322.png
0.27032,0.251168,0.260744,0.016082,-3.702082,-18.129388,-2.921382,Not Drowsy,Non Drowsy/m0326.png
0.255982,0.2443,0.250141,0.0,-3.644711,-19.42832,-3.321981,Not Drowsy,Non Drowsy/m0330.png
0.253358,0.238816,0.246087,0.006934,-3.470993,-18.236878,-3.519086,Not Drowsy,Non Drowsy/m0336.png
0.255987,0.251298,0.253643,0.021075,-3.905537,-21.60211,-3.698175,Not Drowsy,Non Drowsy/m0340.png
0.253686,0.224413,0.239049,0.006934,-4.294745,-19.407913,-3.386668,Not Drowsy,Non Drowsy/m0344.png
0.255987,0.250729,0.253358,0.006844,-3.78036,-19.987637,-3.442096,Not Drowsy,Non Drowsy/m0348.png
0.250322,0.245046,0.247684,0.013314,-3.805283,-17.615228,-2.832906,Not Drowsy,Non Drowsy/m0351.png
0.269016,0.264517,0.266767,0.013314,-3.179883,-18.295252,-3.045015,Not Drowsy,Non Drowsy/m0355.png
0.15277,0.118054,0.135412,0.012173,-3.138375,-24.909421,-3.283014,Not Drowsy,Non Drowsy/m0359.png
0.247983,0.257259,0.252621,0.01297,-2.462494,-17.345423,-2.854449,Not Drowsy,Non Drowsy/m0363.png
0.253055,0.238621,0.245838,0.013148,-2.963181,-17.034317,-2.769979,Not Drowsy,Non Drowsy/m0367.png
0.235681,0.231885,0.233783,0.013148,-4.106592,-20.292782,-2.635442,Not Drowsy,Non Drowsy/m0371.png
0.241717,0.238049,0.239883,0.012491,-4.133921,-21.678921,-2.769451,Not Drowsy,Non Drowsy/m0375.png
0.217974,0.226102,0.222038,0.006406,-4.519897,-19.829262,-2.562047,Not Drowsy,Non Drowsy/m0379.png
0.249479,0.232991,0.241235,0.006397,-3.582144,-18.959089,-3.381818,Not Drowsy,Non Drowsy/m0383.png
0.211213,0.207071,0.209142,0.006017,-4.387199,-19.567521,-2.720493,Not Drowsy,Non Drowsy/m0386.png
0.227362,0.220122,0.223742,0.006565,-4.229757,-17.794944,-3.322664,Not Drowsy,Non Drowsy/m0392.png
0.22249,0.220797,0.221644,0.01296,-4.747566,-16.84752,-3.488391,Not Drowsy,Non Drowsy/m0396.png
0.248173,0.274146,0.261159,0.0,-10.294526,-17.186933,-0.386458,Not Drowsy,Non Drowsy/m0404.png
0.210185,0.213859,0.212022,0.027066,-16.308269,-26.808604,4.643782,Not Drowsy,Non Drowsy/m0408.png
0.228365,0.235501,0.231933,0.013687,-13.569272,-23.600105,3.874298,Not Drowsy,Non Drowsy/m0412.png
0.18799,0.220014,0.204002,0.03222,-15.278822,-27.404925,4.617763,Not Drowsy,Non Drowsy/m0416.png
0.265351,0.276533,0.270942,0.02752,-15.156189,-24.825811,2.781536,Not Drowsy,Non Drowsy/m0420.png
0.173077,0.186052,0.179564,0.009812,-15.213128,-26.323618,3.9336,Not Drowsy,Non Drowsy/m0424.png
0.236399,0.257488,0.246943,0.02173,-16.04841,-24.621234,2.480244,Not Drowsy,Non Drowsy/m0427.png
0.063919,0.07231,0.068115,0.011403,-17.002103,-26.967913,2.956813,Not Drowsy,Non Drowsy/m0431.png
0.204294,0.233635,0.218964,0.007459,-15.949822,-26.154727,3.54479,Not Drowsy,Non Drowsy/m0435.png
0.258828,0.275756,0.267292,0.02473,-15.0206,-21.747488,2.365699,Not Drowsy,Non Drowsy/m0439.png
0.24204,0.280702,0.261371,0.006844,-14.923428,-29.116865,-0.620834,Not Drowsy,Non Drowsy/m0443.png
0.226158,0.241317,0.233737,0.023435,-14.857354,-25.750795,0.809075,Not Drowsy,Non Drowsy/m0452.png
0.221162,0.226856,0.224009,0.017229,-13.123564,-23.888799,-1.370883,Not Drowsy,Non Drowsy/m0456.png
0.254034,0.225586,0.23981,0.024587,-15.328437,-23.939081,0.452574,Not Drowsy,Non Drowsy/m0460.png
0.263308,0.233635,0.248471,0.02991,-14.680708,-25.517992,1.087276,Not Drowsy,Non Drowsy/m0464.png
0.249409,0.25097,0.25019,0.02459,-14.554584,-23.308231,1.152784,Not Drowsy,Non Drowsy/m0467.png
0.236729,0.265875,0.251302,0.006944,-14.3344,-22.894486,0.064549,Not Drowsy,Non Drowsy/m0471.png
0.211372,0.243863,0.227618,0.0,-14.284488,-22.273039,0.666047,Not Drowsy,Non Drowsy/m0475.png
0.240593,0.235802,0.238197,0.006849,-12.930253,-21.45684,0.533634,Not Drowsy,Non Drowsy/m0479.png
0.235441,0.239196,0.237318,0.013512,-13.352218,-19.233422,0.864827,Not Drowsy,Non Drowsy/m0483.png
0.258593,0.27816,0.268377,0.022388,-15.589675,-23.58646,0.690247,Not Drowsy,Non Drowsy/m0487.png
0.216706,0.22395,0.220328,0.014706,-15.220983,-25.199838,1.398728,Not Drowsy,Non Drowsy/m0491.png
0.275391,0.273903,0.274647,0.014286,-15.162393,-22.175221,0.613374,Not Drowsy,Non Drowsy/m0495.png
0.219087,0.232529,0.225808,0.0,-17.162726,-25.086823,2.547956,Not Drowsy,Non Drowsy/m0499.png
0.218254,0.233635,0.225944,0.014491,-15.773241,-25.909606,1.930309,Not Drowsy,Non Drowsy/m0502.png
0.114135,0.147959,0.131047,0.014491,-15.086246,-26.297612,2.192674,Not Drowsy,Non Drowsy/m0506.png
0.231096,0.245528,0.238312,0.032443,-9.010958,-11.491321,2.579765,Not Drowsy,Non Drowsy/m0510.png
0.279056,0.261765,0.27041,0.0,7.69654,-14.432139,-2.169395,Not Drowsy,Non Drowsy/n0004.png
0.265594,0.267299,0.266446,0.006327,6.572649,-20.054597,-2.779363,Not Drowsy,Non Drowsy/n0008.png
0.227338,0.240329,0.233833,0.029031,6.478284,-19.436572,-2.750323,Not Drowsy,Non Drowsy/n0012.png
0.237379,0.262316,0.249848,0.013153,6.921352,-22.689761,-2.668609,Not Drowsy,Non Drowsy/n0016.png
0.172047,0.188931,0.180489,0.012816,6.511462,-26.308923,-3.426612,Not Drowsy,Non Drowsy/n0020.png
0.24394,0.251716,0.247828,0.015464,7.121022,-24.157795,-2.95831,Not Drowsy,Non Drowsy/n0024.png
0.230982,0.238082,0.234532,0.015474,7.118542,-21.009567,-2.279135,Not Drowsy,Non Drowsy/n0027.png
0.264434,0.256573,0.260504,0.027529,7.473247,-25.460468,-3.178526,Not Drowsy,Non Drowsy/n0031.png
0.2,0.207745,0.203873,0.012811,7.098752,-27.775536,-3.907804,Not Drowsy,Non Drowsy/n0035.png
0.250605,0.256401,0.253503,0.019217,6.031092,-25.413459,-2.962877,Not Drowsy,Non Drowsy/n0039.png
0.223178,0.23237,0.227774,0.01971,6.841072,-23.860965,-3.940076,Not Drowsy,Non Drowsy/n0043.png
0.241867,0.244172,0.24302,0.012337,5.931228,-23.179825,-3.069115,Not Drowsy,Non Drowsy/n0047.png
0.250605,0.244172,0.247389,0.019224,6.829098,-21.689452,-2.829775,Not Drowsy,Non Drowsy/n0051.png
0.230563,0.256401,0.243482,0.013148,5.789162,-22.186642,-2.88271,Not Drowsy,Non Drowsy/n0055.png
0.239714,0.235067,0.23739,0.012654,6.253083,-23.197296,-2.592368,Not Drowsy,Non Drowsy/n0059.png
0.245528,0.250496,0.248012,0.012649,6.155715,-25.172476,-2.712263,Not Drowsy,Non Drowsy/n0062.png
0.242284,0.250003,0.246143,0.008944,5.844578,-22.18192,-2.763128,Not Drowsy,Non Drowsy/n0066.png
0.233041,0.245922,0.239481,0.015464,6.512002,-23.896362,-2.711061,Not Drowsy,Non Drowsy/n0070.png
0.246151,0.249465,0.247808,0.012811,4.826769,-20.957998,-2.997639,Not Drowsy,Non Drowsy/n0074.png
0.230563,0.250496,0.240529,0.008836,6.701952,-24.67729,-3.381144,Not Drowsy,Non Drowsy/n0078.png
0.24394,0.238734,0.241337,0.015078,6.267379,-23.032451,-4.130675,Not Drowsy,Non Drowsy/n0082.png
0.245528,0.233151,0.23934,0.018974,6.219275,-22.516049,-3.598944,Not Drowsy,Non Drowsy/n0086.png
0.24394,0.244699,0.244319,0.021879,6.116341,-23.418351,-2.961192,Not Drowsy,Non Drowsy/n0090.png
0.230563,0.250496,0.240529,0.022153,6.053779,-23.120372,-3.184951,Not Drowsy,Non Drowsy/n0094.png
0.239138,0.23237,0.235754,0.022153,6.399587,-25.241991,-3.149846,Not Drowsy,Non Drowsy/n0097.png
0.246151,0.244465,0.245308,0.012816,5.719393,-24.694586,-2.862087,Not Drowsy,Non Drowsy/n0101.png
0.216,0.238621,0.227311,0.019911,5.188071,-2.001324,-1.252611,Not Drowsy,Non Drowsy/n0105.png
0.231885,0.267802,0.249843,0.005882,5.541628,-16.743379,-1.264731,Not Drowsy,Non Drowsy/n0109.png
0.258085,0.256021,0.257053,0.228686,6.755215,-15.03887,-2.760918,Not Drowsy,Non Drowsy/n0113.png
0.238217,0.26869,0.253453,0.012654,5.142646,-15.77998,-2.523923,Not Drowsy,Non Drowsy/n0117.png
0.23797,0.244465,0.241218,0.006491,6.571254,-14.93241,-2.129625,Not Drowsy,Non Drowsy/n0121.png
0.223607,0.237895,0.230751,0.020831,7.702577,-18.455806,-1.922665,Not Drowsy,Non Drowsy/n0125.png
0.271222,0.261316,0.266269,0.021879,6.432821,-16.568482,-2.088883,Not Drowsy,Non Drowsy/n0129.png
0.23797,0.256573,0.247272,0.019474,5.978248,-16.449959,-1.74285,Not Drowsy,Non Drowsy/n0132.png
0.243903,0.256021,0.249962,0.01973,6.357874,-18.055602,-1.948736,Not Drowsy,Non Drowsy/n0136.png
0.240127,0.256021,0.248074,0.019474,6.265429,-18.693691,-2.117921,Not Drowsy,Non Drowsy/n0140.png
0.23797,0.256573,0.247272,0.015877,5.4223,-18.273053,-2.166174,Not Drowsy,Non Drowsy/n0144.png
0.231885,0.232714,0.232299,0.012816,5.490471,-19.243396,-1.874982,Not Drowsy,Non Drowsy/n0148.png
0.25031,0.262687,0.256498,0.019229,5.852664,-18.612338,-1.453842,Not Drowsy,Non Drowsy/n0152.png
0.272412,0.254061,0.263236,0.023928,11.079159,-12.434745,-7.153191,Not Drowsy,Non Drowsy/n0156.png
0.259382,0.252445,0.255913,0.006735,9.976859,-11.427415,-6.529818,Not Drowsy,Non Drowsy/n0160.png
0.272484,0.276487,0.274486,0.013667,10.563924,-11.288634,-5.754273,Not Drowsy,Non Drowsy/n0164.png
0.276509,0.28236,0.279434,0.009534,10.166211,-12.127834,-6.27077,Not Drowsy,Non Drowsy/n0167.png
0.279501,0.294509,0.287005,0.016259,10.023041,-12.02554,-5.598142,Not Drowsy,Non Drowsy/n0171.png
0.287489,0.289008,0.288249,0.016059,10.005274,-11.570598,-5.381051,Not Drowsy,Non Drowsy/n0175.png
0.293846,0.278079,0.285962,0.020224,10.294824,-11.88555,-5.476008,Not Drowsy,Non Drowsy/n0179.png
0.274881,0.266675,0.270778,0.178809,11.511839,-16.78263,-7.847182,Not Drowsy,Non Drowsy/n0183.png
0.255082,0.248837,0.251959,0.042613,7.707652,-18.064433,-5.97242,Not Drowsy,Non Drowsy/n0187.png
0.25,0.261092,0.255546,0.026134,6.829197,-20.802997,-6.029293,Not Drowsy,Non Drowsy/n0191.png
0.246932,0.254818,0.250875,0.022413,6.313954,-21.870007,-5.527478,Not Drowsy,Non Drowsy/n0195.png
0.232185,0.242713,0.237449,0.025466,6.109274,-20.908744,-5.114726,Not Drowsy,Non Drowsy/n0199.png
0.247733,0.260658,0.254196,0.006397,5.004409,-20.494433,-5.044733,Not Drowsy,Non Drowsy/n0202.png
0.232451,0.255493,0.243972,0.025487,6.281802,-20.859624,-4.160706,Not Drowsy,Non Drowsy/n0206.png
0.232185,0.243422,0.237804,0.018568,5.656909,-20.2923,-5.002255,Not Drowsy,Non Drowsy/n0210.png
0.242636,0.249465,0.24605,0.012804,5.07448,-18.739291,-4.323874,Not Drowsy,Non Drowsy/n0214.png
0.245528,0.242713,0.24412,0.013314,6.142389,-20.051319,-4.418429,Not Drowsy,Non Drowsy/n0218.png
0.238405,0.256043,0.247224,0.018259,4.76016,-20.604805,-4.206634,Not Drowsy,Non Drowsy/n0222.png
0.239714,0.243355,0.241535,0.02187,4.798802,-20.344118,-3.623453,Not Drowsy,Non Drowsy/n0226.png
0.264956,0.267575,0.266266,0.006406,5.343747,-19.715091,-3.546786,Not Drowsy,Non Drowsy/n0230.png
0.265594,0.254818,0.260206,0.016288,5.569053,-17.778005,-4.436391,Not Drowsy,Non Drowsy/n0234.png
0.24394,0.249922,0.246931,0.062026,5.377145,-19.963981,-4.260492,Not Drowsy,Non Drowsy/n0237.png
0.221579,0.236942,0.229261,0.022431,5.406981,-21.121046,-4.200343,Not Drowsy,Non Drowsy/n0241.png
0.252942,0.255493,0.254217,0.028978,5.930932,-21.65671,-4.166345,Not Drowsy,Non Drowsy/n0245.png
0.239714,0.254887,0.247301,0.025954,5.006403,-21.827279,-3.791547,Not Drowsy,Non Drowsy/n0249.png
0.245528,0.24275,0.244139,0.033286,5.403114,-21.699137,-4.476671,Not Drowsy,Non Drowsy/n0253.png
0.232451,0.243252,0.237852,0.041515,6.155753,-21.441397,-4.469311,Not Drowsy,Non Drowsy/n0257.png
0.226143,0.24275,0.234446,0.042101,5.4303,-20.410084,-3.905433,Not Drowsy,Non Drowsy/n0261.png
0.185058,0.219601,0.202329,0.043113,6.253045,-21.438056,-3.913482,Not Drowsy,Non Drowsy/n0265.png
0.26088,0.254887,0.257884,0.022444,5.178072,-19.741252,-4.167446,Not Drowsy,Non Drowsy/n0269.png
0.251943,0.237015,0.244479,0.04197,5.683094,-18.830492,-4.138635,Not Drowsy,Non Drowsy/n0273.png
0.226143,0.23109,0.228616,0.035571,5.085137,-20.135936,-4.313065,Not Drowsy,Non Drowsy/n0276.png
0.232185,0.255493,0.243839,0.029801,6.24725,-18.91022,-4.365962,Not Drowsy,Non Drowsy/n0280.png
0.22855,0.254818,0.241684,0.034879,4.60216,-17.536142,-4.383594,Not Drowsy,Non Drowsy/n0284.png
0.11978,0.120192,0.119986,0.012977,4.088116,-23.5313,-4.14343,Not Drowsy,Non Drowsy/n0288.png
0.197427,0.213371,0.205399,0.028178,6.132022,-23.831911,-4.848351,Not Drowsy,Non Drowsy/n0292.png
0.195217,0.207093,0.201155,0.013304,6.496236,-13.788154,-5.43418,Not Drowsy,Non Drowsy/n0296.png
0.215213,0.197096,0.206154,0.067253,7.169287,-11.333788,-3.222154,Not Drowsy,Non Drowsy/n0300.png
0.266485,0.261818,0.264151,0.018796,6.956419,-18.350912,-5.016017,Not Drowsy,Non Drowsy/n0304.png
0.264956,0.272426,0.268691,0.012322,5.900785,-16.575431,-4.5112,Not Drowsy,Non Drowsy/n0308.png
0.258674,0.255367,0.257021,0.006397,6.363169,-16.284219,-4.652566,Not Drowsy,Non Drowsy/n0311.png
0.252266,0.268462,0.260364,0.009275,5.894427,-17.9738,-5.378017,Not Drowsy,Non Drowsy/n0315.png
0.202956,0.212681,0.207819,0.015849,6.115558,-20.51686,-5.191654,Not Drowsy,Non Drowsy/n0319.png
0.259382,0.242317,0.250849,0.016275,6.525669,-21.10419,-5.456858,Not Drowsy,Non Drowsy/n0323.png
0.233041,0.248688,0.240864,0.01296,5.785671,-17.193964,-5.071637,Not Drowsy,Non Drowsy/n0327.png
0.224353,0.237525,0.230939,0.018078,6.145901,-21.869052,-5.123366,Not Drowsy,Non Drowsy/n0331.png
0.291459,0.278998,0.285228,0.007945,6.211483,-15.115219,-1.005488,Not Drowsy,Non Drowsy/n0338.png
0.233655,0.246986,0.24032,0.027845,3.610744,-18.345611,-0.200891,Not Drowsy,Non Drowsy/n0342.png
0.224851,0.230089,0.22747,0.006304,1.714039,-27.201143,-5.908717,Not Drowsy,Non Drowsy/n0374.png
0.212091,0.207255,0.209673,0.00641,2.336094,-17.404624,-1.143886,Not Drowsy,Non Drowsy/n0377.png
0.232113,0.207071,0.219592,0.006408,3.928232,-18.107805,-1.427058,Not Drowsy,Non Drowsy/n0381.png
0.25,0.219926,0.234963,0.006577,2.819768,-16.808974,-1.229751,Not Drowsy,Non Drowsy/n0385.png
0.204524,0.195881,0.200203,0.012977,3.355812,-23.460799,-1.621012,Not Drowsy,Non Drowsy/n0389.png
0.230089,0.219447,0.224768,0.025514,3.114603,-20.262629,-1.755287,Not Drowsy,Non Drowsy/n0393.png
0.198847,0.192245,0.195546,0.006491,2.700953,-16.380611,-1.58705,Not Drowsy,Non Drowsy/n0397.png
0.244149,0.250311,0.24723,0.0,3.19439,-17.025563,-1.788774,Not Drowsy,Non Drowsy/n0401.png
0.271519,0.256712,0.264116,0.0,3.381024,-17.206825,-1.505703,Not Drowsy,Non Drowsy/n0405.png
0.107576,0.124366,0.115971,0.012642,4.149792,-24.887535,-3.550524,Not Drowsy,Non Drowsy/n0409.png
0.250004,0.256401,0.253202,0.00657,4.344767,-23.475593,-3.157646,Not Drowsy,Non Drowsy/n0412.png
0.258824,0.27579,0.267307,0.012816,2.851922,-22.306703,-2.529946,Not Drowsy,Non Drowsy/n0416.png
0.244218,0.256629,0.250424,0.006246,3.134505,-25.100673,-2.521041,Not Drowsy,Non Drowsy/n0420.png
0.25693,0.244438,0.250684,0.006408,3.178021,-26.384031,-1.886558,Not Drowsy,Non Drowsy/n0424.png
0.239714,0.256953,0.248334,0.006248,3.159864,-26.042219,-1.918326,Not Drowsy,Non Drowsy/n0428.png
0.252759,0.256021,0.25439,0.015084,2.992482,-25.483524,-1.93892,Not Drowsy,Non Drowsy/n0432.png
0.230978,0.24383,0.237404,0.012654,3.074571,-26.927534,-2.278252,Not Drowsy,Non Drowsy/n0436.png
0.260718,0.263608,0.262163,0.006327,3.106322,-23.707064,-1.732022,Not Drowsy,Non Drowsy/n0440.png
0.244383,0.230466,0.237425,0.020263,4.064206,-19.962995,-2.094898,Not Drowsy,Non Drowsy/n0444.png
0.137013,0.168639,0.152826,0.021747,5.773775,-19.369953,-1.939338,Not Drowsy,Non Drowsy/n0447.png
0.220909,0.238118,0.229513,0.005555,3.750156,-24.331365,-1.814517,Not Drowsy,Non Drowsy/n0451.png
0.231885,0.243252,0.237568,0.013411,4.82227,-20.595527,-1.885162,Not Drowsy,Non Drowsy/n0455.png
0.233986,0.232107,0.233047,0.010988,5.475581,-20.782773,-1.362425,Not Drowsy,Non Drowsy/n0459.png
0.225751,0.243613,0.234682,0.005681,4.535796,-21.140693,-1.487416,Not Drowsy,Non Drowsy/n0463.png
0.238217,0.237895,0.238056,0.013874,4.702854,-19.519738,-1.073231,Not Drowsy,Non Drowsy/n0467.png
0.232113,0.24422,0.238167,0.0,4.090136,-19.280052,-0.99828,Not Drowsy,Non Drowsy/n0471.png
0.226102,0.221335,0.223719,0.0,3.983791,-21.671367,-0.941005,Not Drowsy,Non Drowsy/n0475.png
0.25302,0.232107,0.242563,0.011364,3.778278,-20.811557,-1.287202,Not Drowsy,Non Drowsy/n0479.png
0.226102,0.238419,0.232261,0.005555,3.278846,-20.811458,-1.071789,Not Drowsy,Non Drowsy/n0482.png
0.238518,0.256629,0.247574,0.0,3.480082,-20.762617,-0.915209,Not Drowsy,Non Drowsy/n0486.png
0.219385,0.232107,0.225746,0.005814,4.24009,-19.527631,-0.885041,Not Drowsy,Non Drowsy/n0490.png
0.237489,0.250545,0.244017,0.005882,4.495949,-22.025155,-0.243831,Not Drowsy,Non Drowsy/n0494.png
0.23797,0.231638,0.234804,0.005882,4.504008,-20.632033,-0.621202,Not Drowsy,Non Drowsy/n0498.png
0.220063,0.24327,0.231667,0.005952,4.67393,-19.931312,-1.141253,Not Drowsy,Non Drowsy/n0502.png
0.232113,0.232107,0.23211,0.0,3.787063,-20.5426,-0.719787,Not Drowsy,Non Drowsy/n0506.png
0.227392,0.250311,0.238851,0.005814,3.982512,-18.900383,-0.796958,Not Drowsy,Non Drowsy/n0510.png
0.234728,0.256799,0.245764,0.007856,3.809156,-20.152181,-0.212453,Not Drowsy,Non Drowsy/n0514.png
0.226102,0.221514,0.223808,0.005376,4.172344,-21.405225,-0.487637,Not Drowsy,Non Drowsy/n0517.png
0.201493,0.232314,0.216904,0.011364,2.883049,-20.123951,-0.786732,Not Drowsy,Non Drowsy/n0521.png
0.211053,0.226119,0.218586,0.014036,5.042382,-19.909833,-0.388299,Not Drowsy,Non Drowsy/n0525.png
0.234334,0.236038,0.235186,0.005376,1.80944,-15.061377,0.981114,Not Drowsy,Non Drowsy/n0529.png
0.233821,0.247234,0.240528,0.031071,4.372725,-26.014008,-8.021291,Not Drowsy,Non Drowsy/n0543.png
0.251308,0.226427,0.238867,0.008138,3.44448,-27.898614,-15.034219,Not Drowsy,Non Drowsy/n0565.png
0.256276,0.242091,0.249183,0.044436,5.226647,-20.305133,-9.43724,Not Drowsy,Non Drowsy/n0575.png
0.244438,0.252826,0.248632,0.037629,3.947302,-20.807266,0.2467,Not Drowsy,Non Drowsy/n0579.png
0.235681,0.232573,0.234127,0.0,3.483642,-17.042403,-3.553341,Not Drowsy,Non Drowsy/n0583.png
0.232024,0.23711,0.234567,0.010829,1.863803,-23.688067,-5.870152,Not Drowsy,Non Drowsy/n0586.png
0.19269,0.185522,0.189106,0.010051,2.389054,-14.225947,-6.363108,Not Drowsy,Non Drowsy/n0606.png
0.229509,0.207919,0.218714,0.007117,2.991335,-13.197907,-5.105797,Not Drowsy,Non Drowsy/n0611.png
0.232127,0.208475,0.220301,0.0,2.809781,-12.152091,-4.807386,Not Drowsy,Non Drowsy/n0615.png
0.236789,0.237242,0.237016,0.013697,6.956412,-5.40026,-0.882857,Not Drowsy,Non Drowsy/n0619.png
0.251441,0.236942,0.244192,0.014062,6.191888,-7.491857,-3.111132,Not Drowsy,Non Drowsy/n0626.png
0.250642,0.212235,0.231438,0.074627,3.413433,-5.066407,-0.04897,Not Drowsy,Non Drowsy/n0630.png
0.2125,0.208076,0.210288,0.018855,1.915958,-10.983161,0.991798,Not Drowsy,Non Drowsy/n0634.png
0.264105,0.269516,0.26681,0.019917,3.457067,-7.916133,0.47318,Not Drowsy,Non Drowsy/n0638.png
0.26345,0.267974,0.265712,0.065445,2.401842,-8.336577,0.098479,Not Drowsy,Non Drowsy/n0641.png
0.25057,0.250311,0.25044,0.037997,4.144031,-9.384249,-0.404111,Not Drowsy,Non Drowsy/n0645.png
0.238217,0.231264,0.23474,0.021127,3.309665,-9.38328,-0.117431,Not Drowsy,Non Drowsy/n0649.png
0.2383,0.238118,0.238209,0.024041,2.771012,-10.505015,-0.369819,Not Drowsy,Non Drowsy/n0654.png
0.251298,0.256943,0.25412,0.006944,2.846823,-9.668991,-0.49422,Not Drowsy,Non Drowsy/n0658.png
0.271618,0.24999,0.260804,0.023708,2.993161,-9.6995,-0.352122,Not Drowsy,Non Drowsy/n0662.png
0.264379,0.237895,0.251137,0.013699,2.87188,-10.312838,-0.027227,Not Drowsy,Non Drowsy/n0666.png
0.106551,0.118232,0.112392,0.020833,3.274917,-13.820194,-0.25274,Not Drowsy,Non Drowsy/n0671.png
0.216216,0.192965,0.204591,0.024044,3.206463,-11.427843,-0.239283,Not Drowsy,Non Drowsy/n0675.png
0.244939,0.250311,0.247625,0.0,3.14228,-10.368939,-0.289218,Not Drowsy,Non Drowsy/n0678.png
0.244939,0.262795,0.253867,0.0,2.648911,-9.498294,-0.638261,Not Drowsy,Non Drowsy/n0683.png
0.237571,0.25038,0.243975,0.0,3.741538,-11.220619,-0.666333,Not Drowsy,Non Drowsy/n0687.png
0.2375,0.232714,0.235107,0.013697,3.171844,-10.9218,-0.621356,Not Drowsy,Non Drowsy/n0691.png
0.219169,0.231638,0.225404,0.020546,2.997319,-14.343398,-1.101312,Not Drowsy,Non Drowsy/n0697.png
0.251385,0.242872,0.247129,0.020268,3.205575,-10.627913,-0.897386,Not Drowsy,Non Drowsy/n0701.png
0.250642,0.24351,0.247076,0.006942,3.046094,-12.526067,-1.293206,Not Drowsy,Non Drowsy/n0706.png
0.25057,0.256783,0.253676,0.013884,2.952262,-13.12089,-1.984943,Not Drowsy,Non Drowsy/n0710.png
0.203247,0.175833,0.18954,0.021426,3.290102,-16.990418,-1.745489,Not Drowsy,Non Drowsy/n0714.png
0.211272,0.217663,0.214468,0.010097,3.100623,-9.711357,-1.340602,Not Drowsy,Non Drowsy/n0717.png
0.236924,0.216811,0.226868,0.0,4.468344,-9.717219,-4.696402,Not Drowsy,Non Drowsy/n0722.png
0.196116,0.179428,0.187772,0.00724,3.815772,-14.581483,-2.695178,Not Drowsy,Non Drowsy/n0727.png
0.252266,0.242955,0.24761,0.006741,4.847172,-15.80685,-5.793675,Not Drowsy,Non Drowsy/n0734.png
0.231885,0.2375,0.234692,0.006172,0.562281,-31.689939,-0.095352,Not Drowsy,Non Drowsy/n0745.png
0.232113,0.244859,0.238486,0.0,-0.609092,-15.814623,2.36587,Not Drowsy,Non Drowsy/n0749.png
0.240793,0.226314,0.233553,0.0,-0.615322,-18.20384,1.475258,Not Drowsy,Non Drowsy/n0754.png
0.259503,0.231403,0.245453,0.0,-0.701843,-19.821402,1.756818,Not Drowsy,Non Drowsy/n0758.png
0.226314,0.213212,0.219763,0.006408,-0.356398,-17.836719,1.357704,Not Drowsy,Non Drowsy/n0762.png
0.251247,0.231479,0.241363,0.033333,0.38441,-20.291371,0.098727,Not Drowsy,Non Drowsy/n0765.png
0.245046,0.240385,0.242715,0.0,0.745697,-22.398491,-0.011075,Not Drowsy,Non Drowsy/n0769.png
0.246633,0.245046,0.245839,0.014543,1.189934,-24.514765,-0.017413,Not Drowsy,Non Drowsy/n0773.png
0.230466,0.231479,0.230973,0.0,1.45885,-25.872602,-0.858174,Not Drowsy,Non Drowsy/n0777.png
0.225751,0.225,0.225375,0.0,1.076626,-28.796392,-0.810447,Not Drowsy,Non Drowsy/n0781.png
0.158978,0.167323,0.163151,0.006329,0.589685,-28.879975,0.256653,Not Drowsy,Non Drowsy/n0785.png
0.219926,0.222799,0.221362,0.006491,2.566117,2.819109,2.249856,Not Drowsy,Non Drowsy/n0789.png
0.211272,0.203247,0.20726,0.0147,0.551735,-9.108428,-1.55875,Not Drowsy,Non Drowsy/n0793.png
0.154353,0.148162,0.151258,0.020426,0.952577,-18.831297,-6.640338,Not Drowsy,Non Drowsy/n0799.png
0.223865,0.207059,0.215462,0.0,0.327221,-14.593131,-3.869129,Not Drowsy,Non Drowsy/n0802.png
0.251441,0.235748,0.243595,0.014079,1.500395,-13.087208,-2.666924,Not Drowsy,Non Drowsy/n0806.png
0.251298,0.242889,0.247093,0.0,0.405398,-13.343972,-1.632011,Not Drowsy,Non Drowsy/n0810.png
0.204058,0.201594,0.202826,0.007333,-1.351699,3.241162,6.008233,Not Drowsy,Non Drowsy/n0814.png
0.257335,0.237457,0.247396,0.006833,4.518709,-15.951728,-4.254861,Not Drowsy,Non Drowsy/n0822.png
0.252783,0.243909,0.248346,0.006574,1.528507,-17.264104,-2.498441,Not Drowsy,Non Drowsy/n0826.png
0.23602,0.230235,0.233128,0.006944,1.558225,-17.944859,-1.677152,Not Drowsy,Non Drowsy/n0833.png
0.25,0.225622,0.237811,0.0,2.011663,-13.641944,-0.552518,Not Drowsy,Non Drowsy/n0837.png
0.251385,0.257411,0.254398,0.0,0.416084,-14.156018,-0.456775,Not Drowsy,Non Drowsy/n0845.png
0.211272,0.236515,0.223894,0.0,0.420455,-13.243091,-0.514119,Not Drowsy,Non Drowsy/n0848.png
0.24422,0.238217,0.241218,0.006756,0.444647,-13.655182,-0.205148,Not Drowsy,Non Drowsy/n0856.png
0.184147,0.203663,0.193905,0.016093,-0.460653,-16.965582,-0.607786,Not Drowsy,Non Drowsy/n0860.png
0.251385,0.25031,0.250847,0.0,0.608252,-14.166451,-0.821434,Not Drowsy,Non Drowsy/n0865.png
0.134938,0.166602,0.15077,0.007042,0.122213,-18.316877,-0.770008,Not Drowsy,Non Drowsy/n0871.png
0.237571,0.243729,0.24065,0.006849,0.140309,-13.507899,-0.49846,Not Drowsy,Non Drowsy/n0875.png
0.252868,0.237204,0.245036,0.01973,0.197604,-16.918412,-1.66669,Not Drowsy,Non Drowsy/n0879.png
0.193042,0.194017,0.19353,0.013158,-0.196887,-19.049481,-0.331519,Not Drowsy,Non Drowsy/n0883.png
0.171928,0.1973,0.184614,0.016765,-0.688269,-18.739695,-0.146294,Not Drowsy,Non Drowsy/n0887.png
0.251168,0.269782,0.260475,0.006667,-1.388762,-16.44015,-0.388257,Not Drowsy,Non Drowsy/n0890.png
0.244511,0.250623,0.247567,0.006666,-1.39146,-15.573592,0.155704,Not Drowsy,Non Drowsy/n0896.png
0.067395,0.09328,0.080337,0.007142,-0.938586,-20.402864,-0.21226,Not Drowsy,Non Drowsy/n0900.png
0.238816,0.25712,0.247968,0.006756,-0.911507,-17.243491,0.460666,Not Drowsy,Non Drowsy/n0905.png
0.232113,0.24359,0.237851,0.013889,-1.313138,-17.492936,0.298106,Not Drowsy,Non Drowsy/n0909.png
0.245119,0.238192,0.241656,0.016312,-1.236281,-15.355809,0.097099,Not Drowsy,Non Drowsy/n0913.png
0.226385,0.231567,0.228976,0.013697,-0.904221,-15.184712,0.401965,Not Drowsy,Non Drowsy/n0917.png
0.251168,0.24359,0.247379,0.013514,-1.353087,-16.849623,0.035607,Not Drowsy,Non Drowsy/n0921.png
0.25057,0.237489,0.244029,0.006754,0.777748,-18.246926,-1.827582,Not Drowsy,Non Drowsy/n0925.png
0.251107,0.251807,0.251457,0.019166,3.527893,-26.493471,-12.046829,Not Drowsy,Non Drowsy/n0928.png
0.227849,0.2493,0.238574,0.006459,2.789646,-21.476101,-5.77478,Not Drowsy,Non Drowsy/n0932.png
0.222102,0.254887,0.238495,0.006075,0.466745,-29.288464,-6.028396,Not Drowsy,Non Drowsy/n0936.png
0.252614,0.254214,0.253414,0.037582,3.520168,-27.519645,-6.510621,Not Drowsy,Non Drowsy/n0940.png
0.245528,0.242319,0.243923,0.009387,1.364038,-25.726697,-5.864689,Not Drowsy,Non Drowsy/n0944.png
0.246932,0.230271,0.238602,0.028125,0.239811,-27.578723,-6.817933,Not Drowsy,Non Drowsy/n0949.png
0.247733,0.242319,0.245026,0.016004,0.944548,-27.209528,-6.391298,Not Drowsy,Non Drowsy/n0953.png
0.221579,0.217307,0.219443,0.006818,0.701169,-25.713502,-5.981748,Not Drowsy,Non Drowsy/n0957.png
0.240274,0.230089,0.235182,0.025379,1.78046,-26.763085,-6.510284,Not Drowsy,Non Drowsy/n0961.png
0.224851,0.229565,0.227208,0.013276,1.081712,-25.408673,-6.658146,Not Drowsy,Non Drowsy/n0964.png
0.239279,0.235541,0.23741,0.03073,0.802313,-27.04375,-8.207231,Not Drowsy,Non Drowsy/n0968.png
0.250512,0.247661,0.249086,0.023169,1.618151,-23.385625,-8.369726,Not Drowsy,Non Drowsy/n0972.png
0.23298,0.228896,0.230938,0.006619,2.268839,-25.322196,-7.518901,Not Drowsy,Non Drowsy/n0976.png
0.193005,0.166243,0.179624,0.012948,3.446259,-15.371284,-4.941486,Not Drowsy,Non Drowsy/n0983.png
0.256965,0.251063,0.254014,0.0125,3.578156,-16.202381,0.358797,Not Drowsy,Non Drowsy/n0987.png
0.244734,0.24275,0.243742,0.013435,4.129989,-22.476725,-7.131034,Not Drowsy,Non Drowsy/n0991.png
0.224851,0.230089,0.22747,0.025379,1.317349,-23.377145,-6.701025,Not Drowsy,Non Drowsy/n0995.png
0.241983,0.261765,0.251874,0.015059,-0.311238,-26.029247,-4.369135,Not Drowsy,Non Drowsy/n0999.png
0.235165,0.213212,0.224188,0.019191,-0.683061,-29.13961,-3.860314,Not Drowsy,Non Drowsy/n1002.png
0.231505,0.217877,0.224691,0.006565,-0.238234,-27.777561,-3.070024,Not Drowsy,Non Drowsy/n1009.png
0.239672,0.256021,0.247847,0.0,0.064015,-29.695585,-2.726212,Not Drowsy,Non Drowsy/n1014.png
0.234172,0.244438,0.239305,0.017837,-0.704986,-27.100977,-2.708498,Not Drowsy,Non Drowsy/n1018.png
0.224267,0.238621,0.231444,0.0,-1.481174,-26.327469,-2.779462,Not Drowsy,Non Drowsy/n1022.png
0.227303,0.238118,0.23271,0.0,0.317151,-26.973401,-2.587277,Not Drowsy,Non Drowsy/n1028.png
0.21495,0.212434,0.213692,0.012181,0.34083,-30.530356,-3.480247,Not Drowsy,Non Drowsy/n1032.png
0.226894,0.229867,0.228381,0.017541,2.403214,-29.549846,-8.524773,Not Drowsy,Non Drowsy/n1036.png
0.2583,0.228402,0.243351,0.013166,3.829517,-26.612517,-9.911917,Not Drowsy,Non Drowsy/n1040.png
0.203084,0.205792,0.204438,0.024379,3.353386,-25.662382,-7.951166,Not Drowsy,Non Drowsy/n1044.png
0.233898,0.254887,0.244393,0.012465,1.929544,-28.986115,-5.815316,Not Drowsy,Non Drowsy/n1047.png
0.230527,0.237457,0.233992,0.022052,1.088597,-30.965506,-6.40945,Not Drowsy,Non Drowsy/n1051.png
0.227849,0.248759,0.238304,0.021822,0.21269,-29.49502,-5.583965,Not Drowsy,Non Drowsy/n1055.png
0.232024,0.249903,0.240964,0.014334,0.63907,-29.816332,-5.351389,Not Drowsy,Non Drowsy/n1059.png
0.250512,0.230612,0.240562,0.0,0.825384,-30.407917,-5.579992,Not Drowsy,Non Drowsy/n1063.png
0.209725,0.243252,0.226488,0.012173,0.166746,-29.016746,-5.401299,Not Drowsy,Non Drowsy/n1067.png
0.246932,0.242955,0.244944,0.012934,1.257494,-31.740701,-6.003895,Not Drowsy,Non Drowsy/n1071.png
0.251324,0.230612,0.240968,0.01522,1.181827,-30.244409,-5.529027,Not Drowsy,Non Drowsy/n1075.png
0.226884,0.235666,0.231275,0.021499,2.104102,-30.50728,-6.695534,Not Drowsy,Non Drowsy/n1079.png
0.23812,0.228896,0.233508,0.019825,2.096588,-30.873409,-8.352997,Not Drowsy,Non Drowsy/n1082.png
0.266052,0.254214,0.260133,0.0,4.650918,-4.39469,-5.299166,Not Drowsy,Non Drowsy/n1098.png
0.276384,0.247487,0.261936,0.026516,6.047047,-15.651702,-7.628184,Not Drowsy,Non Drowsy/n1102.png
0.223178,0.187444,0.205311,0.006754,8.497968,-17.516011,-1.795442,Not Drowsy,Non Drowsy/n1106.png
0.318918,0.328339,0.323629,0.05911,0.997993,-2.622233,-4.507943,Not Drowsy,Non Drowsy/o0004.png
0.305281,0.321976,0.313628,0.035878,-0.96943,-2.924653,-2.169494,Not Drowsy,Non Drowsy/o0008.png
0.335195,0.336855,0.336025,0.050493,6.533394,-1.755811,-7.032617,Not Drowsy,Non Drowsy/o0012.png
0.331865,0.319263,0.325564,0.050493,4.5238,-3.298538,-5.581587,Not Drowsy,Non Drowsy/o0016.png
0.313845,0.319263,0.316554,0.033777,1.228483,-3.917675,-4.163306,Not Drowsy,Non Drowsy/o0020.png
0.297547,0.315582,0.306564,0.040317,-8.913875,-4.596713,3.16876,Not Drowsy,Non Drowsy/o0023.png
0.31751,0.322942,0.320226,0.033879,-1.723682,-3.146384,-1.445964,Not Drowsy,Non Drowsy/o0027.png
0.31738,0.313783,0.315582,0.050782,-0.767916,-3.779351,-1.705107,Not Drowsy,Non Drowsy/o0031.png
0.315453,0.31635,0.315902,0.036739,1.641597,-5.172371,-1.899228,Not Drowsy,Non Drowsy/o0035.png
0.325584,0.288894,0.307239,0.04209,5.332942,-6.322298,-4.293299,Not Drowsy,Non Drowsy/o0039.png
0.351104,0.334795,0.342949,0.04747,3.107521,-4.661734,-3.463907,Not Drowsy,Non Drowsy/o0043.png
0.30429,0.298704,0.301497,0.046159,1.767249,-6.240519,-3.671523,Not Drowsy,Non Drowsy/o0047.png
0.314252,0.323606,0.318929,0.051602,2.157903,-5.130431,-2.993025,Not Drowsy,Non Drowsy/o0051.png
0.308571,0.32709,0.317831,0.038704,1.267335,-4.647554,-2.555376,Not Drowsy,Non Drowsy/o0055.png
0.320158,0.305194,0.312676,0.022662,9.877262,-4.760838,-3.844811,Not Drowsy,Non Drowsy/o0058.png
0.319308,0.317603,0.318456,0.032747,4.661876,-3.940333,-2.995653,Not Drowsy,Non Drowsy/o0062.png
0.303165,0.326446,0.314806,0.048331,4.973374,-3.832919,-3.040556,Not Drowsy,Non Drowsy/o0066.png
0.31537,0.317603,0.316486,0.039638,2.854755,-2.675009,-2.697597,Not Drowsy,Non Drowsy/o0070.png
0.332969,0.304939,0.318954,0.049075,2.911492,-4.634004,-3.483441,Not Drowsy,Non Drowsy/o0074.png
0.318918,0.312897,0.315907,0.025366,3.819622,-4.421271,-3.797546,Not Drowsy,Non Drowsy/o0078.png
0.332969,0.313138,0.323053,0.032191,2.484986,-4.369002,-3.030199,Not Drowsy,Non Drowsy/o0082.png
0.326285,0.318691,0.322488,0.053867,3.999176,-4.656591,-2.951536,Not Drowsy,Non Drowsy/o0086.png
0.308215,0.304939,0.306577,0.03171,2.408579,-3.871919,-2.749829,Not Drowsy,Non Drowsy/o0090.png
0.324123,0.318117,0.32112,0.023762,1.665989,-3.794154,-2.849003,Not Drowsy,Non Drowsy/o0093.png
0.315025,0.309569,0.312297,0.048624,2.703466,-3.969609,-3.087268,Not Drowsy,Non Drowsy/o0097.png
0.314252,0.351739,0.332995,0.033821,4.18477,-3.399943,-3.25805,Not Drowsy,Non Drowsy/o0101.png
0.333376,0.332443,0.33291,0.048287,2.852433,-4.32678,-2.966483,Not Drowsy,Non Drowsy/o0105.png
0.313171,0.304939,0.309055,0.054402,6.63552,-5.350003,-4.70957,Not Drowsy,Non Drowsy/o0109.png
0.310246,0.298414,0.30433,0.07158,-3.148257,-5.889982,1.184133,Not Drowsy,Non Drowsy/o0113.png
0.291705,0.311641,0.301673,0.364868,2.826132,-8.4442,-6.580298,Not Drowsy,Non Drowsy/o0117.png
0.28506,0.281606,0.283333,0.284628,6.636403,-5.7648,-4.838528,Not Drowsy,Non Drowsy/o0121.png
0.310565,0.305756,0.30816,0.023426,0.387939,-2.527955,-1.561743,Not Drowsy,Non Drowsy/o0125.png
0.337931,0.331309,0.33462,0.048852,3.956619,-3.92696,-2.713795,Not Drowsy,Non Drowsy/o0128.png
0.327004,0.323004,0.325004,0.025839,1.372821,-2.963608,-2.346973,Not Drowsy,Non Drowsy/o0132.png
0.322403,0.331295,0.326849,0.027066,1.257617,-3.332578,-2.284562,Not Drowsy,Non Drowsy/o0136.png
0.333512,0.327681,0.330596,0.027502,1.720821,-3.22361,-2.166689,Not Drowsy,Non Drowsy/o0140.png
0.308571,0.332443,0.320507,0.03171,1.135368,-2.686824,-2.328043,Not Drowsy,Non Drowsy/o0144.png
0.315485,0.318691,0.317088,0.026644,-0.24278,-3.282001,-1.987508,Not Drowsy,Non Drowsy/o0148.png
0.324248,0.318691,0.32147,0.031682,2.248849,-3.0265,-2.568228,Not Drowsy,Non Drowsy/o0152.png
0.313546,0.332443,0.322995,0.032524,0.955356,-3.325747,-2.030385,Not Drowsy,Non Drowsy/o0156.png
0.315485,0.304313,0.309899,0.031216,0.645882,-3.407577,-1.945076,Not Drowsy,Non Drowsy/o0160.png
0.320652,0.332443,0.326548,0.023412,0.100916,-2.810336,-2.0191,Not Drowsy,Non Drowsy/o0163.png
0.308571,0.305128,0.30685,0.023412,-0.384396,-4.036986,-1.286515,Not Drowsy,Non Drowsy/o0167.png
0.327004,0.304939,0.315971,0.03257,1.031003,-3.740999,-1.577347,Not Drowsy,Non Drowsy/o0171.png
0.305552,0.323824,0.314688,0.029821,0.001491,-4.477678,-1.552793,Not Drowsy,Non Drowsy/o0175.png
0.313695,0.323004,0.31835,0.022704,0.684989,-3.649437,-1.839507,Not Drowsy,Non Drowsy/o0179.png
0.334489,0.332758,0.333623,0.023426,-0.010147,-3.22827,-1.224776,Not Drowsy,Non Drowsy/o0183.png
0.315485,0.323004,0.319245,0.032077,1.317815,-3.818088,-1.425299,Not Drowsy,Non Drowsy/o0187.png
0.315582,0.326446,0.321014,0.039043,0.359661,-4.261992,-1.838541,Not Drowsy,Non Drowsy/o0191.png
0.322403,0.332758,0.32758,0.022704,0.817936,-4.173603,-1.746047,Not Drowsy,Non Drowsy/o0195.png
0.300238,0.333333,0.316786,0.033058,0.70362,-4.166684,-1.644375,Not Drowsy,Non Drowsy/o0198.png
0.306697,0.313783,0.31024,0.034994,0.977208,-4.562578,-1.795884,Not Drowsy,Non Drowsy/o0202.png
0.315453,0.304939,0.310196,0.040887,2.247656,-4.237608,-2.023934,Not Drowsy,Non Drowsy/o0206.png
0.324123,0.323824,0.323973,0.033058,1.063259,-4.386469,-1.757182,Not Drowsy,Non Drowsy/o0210.png
0.320529,0.318341,0.319435,0.022704,0.675728,-5.032922,-1.649196,Not Drowsy,Non Drowsy/o0214.png
0.357655,0.32596,0.341807,0.042554,12.56473,-0.89696,-6.333645,Not Drowsy,Non Drowsy/o0218.png
0.320652,0.310354,0.315503,0.032088,2.725382,-4.593359,-0.620817,Not Drowsy,Non Drowsy/o0222.png
0.31381,0.323824,0.318817,0.029895,1.95448,-3.9104,-0.999679,Not Drowsy,Non Drowsy/o0226.png
0.337931,0.323004,0.330468,0.018562,1.916543,-3.646664,-1.478206,Not Drowsy,Non Drowsy/o0230.png
0.331742,0.318691,0.325216,0.033603,4.06667,-4.692748,-1.69665,Not Drowsy,Non Drowsy/o0233.png
0.351645,0.323563,0.337604,0.03255,2.900214,-3.429162,-1.988806,Not Drowsy,Non Drowsy/o0237.png
0.317644,0.328408,0.323026,0.07892,5.357843,-2.743219,-3.143672,Not Drowsy,Non Drowsy/o0241.png
0.319438,0.315457,0.317447,0.063694,3.005184,-3.966812,-2.895265,Not Drowsy,Non Drowsy/o0245.png
0.30869,0.311127,0.309909,0.049437,0.811051,-3.892038,-2.28415,Not Drowsy,Non Drowsy/o0249.png
0.331607,0.323004,0.327305,0.047565,2.233406,-4.576744,-2.119019,Not Drowsy,Non Drowsy/o0253.png
0.322249,0.323004,0.322627,0.030755,1.508629,-4.011741,-2.107602,Not Drowsy,Non Drowsy/o0257.png
0.324123,0.323004,0.323564,0.058325,2.001651,-4.404392,-2.333114,Not Drowsy,Non Drowsy/o0261.png
0.319308,0.331869,0.325588,0.041473,1.63044,-4.199687,-2.245734,Not Drowsy,Non Drowsy/o0265.png
0.306697,0.304313,0.305505,0.042177,1.12894,-3.504174,-2.103708,Not Drowsy,Non Drowsy/o0268.png
0.32203,0.318691,0.320361,0.049437,2.7038,-4.600362,-2.453819,Not Drowsy,Non Drowsy/o0272.png
0.320529,0.295575,0.308052,0.040862,1.47706,-4.157697,-1.947923,Not Drowsy,Non Drowsy/o0276.png
0.310445,0.309569,0.310007,0.042139,0.621768,-4.708771,-2.156658,Not Drowsy,Non Drowsy/o0280.png
0.298393,0.299895,0.299144,0.040722,5.693277,-6.166073,-11.527147,Not Drowsy,Non Drowsy/o0284.png
0.306869,0.330251,0.31856,0.040636,-3.640061,-5.724813,-5.380368,Not Drowsy,Non Drowsy/o0309.png
0.30637,0.309767,0.308069,0.040068,-3.142753,-4.594455,-5.112104,Not Drowsy,Non Drowsy/o0313.png
0.30429,0.315338,0.309814,0.040636,-3.214356,-4.874568,-4.919332,Not Drowsy,Non Drowsy/o0317.png
0.287223,0.312253,0.299738,0.056496,-4.296242,-5.169481,-4.148289,Not Drowsy,Non Drowsy/o0321.png
0.30343,0.306197,0.304814,0.040068,-4.002946,-5.343781,-4.6546,Not Drowsy,Non Drowsy/o0324.png
0.285654,0.320747,0.3032,0.048082,-2.604188,-5.468024,-4.915619,Not Drowsy,Non Drowsy/o0328.png
0.30429,0.301398,0.302844,0.041302,5.019998,-3.837095,-6.090446,Not Drowsy,Non Drowsy/o0332.png
0.309492,0.311127,0.31031,0.02736,1.812454,-3.938203,-4.943686,Not Drowsy,Non Drowsy/o0336.png
0.335445,0.336199,0.335822,0.033414,2.129696,-4.304172,-5.734799,Not Drowsy,Non Drowsy/o0340.png
0.329013,0.327205,0.328109,0.034754,2.213131,-3.899567,-5.68427,Not Drowsy,Non Drowsy/o0344.png
0.298905,0.314697,0.306801,0.038982,5.53197,-6.907743,-11.04522,Not Drowsy,Non Drowsy/o0348.png
0.289488,0.311768,0.300628,0.042628,2.437092,-5.722563,-5.656943,Not Drowsy,Non Drowsy/o0352.png
0.299425,0.290988,0.295206,0.042222,1.297474,-4.601402,-4.529882,Not Drowsy,Non Drowsy/o0356.png
0.30429,0.324486,0.314388,0.052796,1.332294,-5.081849,-4.928126,Not Drowsy,Non Drowsy/o0359.png
0.316593,0.314139,0.315366,0.034355,-1.365469,-1.057351,-3.907809,Not Drowsy,Non Drowsy/o0363.png
0.318918,0.319263,0.319091,0.042639,1.6284,-5.859928,-5.171588,Not Drowsy,Non Drowsy/o0367.png
0.311722,0.288894,0.300308,0.073415,2.021125,-7.124312,-5.720994,Not Drowsy,Non Drowsy/o0371.png
0.30343,0.30265,0.30304,0.040728,2.585105,-5.505037,-4.84476,Not Drowsy,Non Drowsy/o0375.png
0.330804,0.311127,0.320966,0.240864,4.75848,-7.315327,-5.790637,Not Drowsy,Non Drowsy/o0379.png
0.30429,0.296985,0.300637,0.117818,1.93371,-7.029911,-5.198569,Not Drowsy,Non Drowsy/o0383.png
0.318271,0.303274,0.310773,0.096598,2.162923,-6.14023,-5.262183,Not Drowsy,Non Drowsy/o0387.png
0.306869,0.297626,0.302248,0.089136,2.81561,-6.886786,-5.601137,Not Drowsy,Non Drowsy/o0391.png
0.323128,0.301398,0.312263,0.110252,0.618186,-6.359841,-4.968752,Not Drowsy,Non Drowsy/o0394.png
0.313157,0.299938,0.306548,0.066001,3.083693,-3.76145,-5.531371,Not Drowsy,Non Drowsy/o0398.png
0.331069,0.332502,0.331785,0.101729,0.217961,-3.890594,-4.816493,Not Drowsy,Non Drowsy/o0402.png
0.313171,0.321976,0.317574,0.066218,0.235547,-5.726037,-4.584521,Not Drowsy,Non Drowsy/o0406.png
0.313171,0.319263,0.316217,0.11168,1.403926,-5.33139,-4.442814,Not Drowsy,Non Drowsy/o0410.png
0.377789,0.401448,0.389618,0.062698,-6.162562,0.109825,0.236472,Not Drowsy,Non Drowsy/o0414.png
0.4122,0.372536,0.392368,0.051006,-4.574118,-0.282995,2.694155,Not Drowsy,Non Drowsy/o0418.png
0.337801,0.363211,0.350506,0.040035,-3.524676,-0.145617,-2.281526,Not Drowsy,Non Drowsy/o0422.png
0.346318,0.371147,0.358733,0.043001,-2.713328,-1.479026,-3.10331,Not Drowsy,Non Drowsy/o0426.png
0.314252,0.325911,0.320081,0.04146,1.074201,-3.189282,-3.956516,Not Drowsy,Non Drowsy/o0429.png
0.314252,0.320087,0.317169,0.043537,1.108642,-2.941537,-3.936358,Not Drowsy,Non Drowsy/o0433.png
0.30874,0.311768,0.310254,0.032677,-0.436024,-3.631703,-3.316536,Not Drowsy,Non Drowsy/o0437.png
0.303353,0.324303,0.313828,0.05278,-4.650917,-4.646789,-0.973033,Not Drowsy,Non Drowsy/o0441.png
0.324248,0.28609,0.305169,0.036138,-3.797992,-3.662358,-1.80799,Not Drowsy,Non Drowsy/o0445.png
0.315485,0.304313,0.309899,0.032191,-2.952495,-4.263565,-2.150451,Not Drowsy,Non Drowsy/o0449.png
0.31738,0.326499,0.32194,0.035525,-1.303779,-4.049994,-2.597524,Not Drowsy,Non Drowsy/o0453.png
0.33053,0.30901,0.31977,0.030639,2.784862,-6.206154,-3.199138,Not Drowsy,Non Drowsy/o0457.png
0.262365,0.293497,0.277931,0.045765,0.362455,-8.987584,8.132316,Not Drowsy,Non Drowsy/o0469.png
0.288794,0.29727,0.293032,0.016711,-1.996799,-7.984048,10.144712,Not Drowsy,Non Drowsy/o0472.png
0.286299,0.305896,0.296098,0.044348,-5.475994,-8.488308,11.492437,Not Drowsy,Non Drowsy/o0478.png
0.290988,0.288444,0.289716,0.043767,-0.793999,-9.107745,8.230967,Not Drowsy,Non Drowsy/o0482.png
0.296985,0.296751,0.296868,0.038892,-2.599841,-8.862034,7.168158,Not Drowsy,Non Drowsy/o0486.png
0.287022,0.314805,0.300914,0.02753,0.227317,-6.799545,-0.089645,Not Drowsy,Non Drowsy/o0490.png
0.31738,0.306343,0.311862,0.019151,1.481012,-6.495816,-0.72909,Not Drowsy,Non Drowsy/o0494.png
0.31738,0.313138,0.315259,0.026644,1.421688,-5.744797,-1.937422,Not Drowsy,Non Drowsy/o0498.png
0.261119,0.265484,0.263301,0.030258,8.711383,-7.933719,-9.889956,Not Drowsy,Non Drowsy/o0505.png
0.321561,0.329572,0.325567,0.041989,2.128244,-7.276781,-5.416038,Not Drowsy,Non Drowsy/o0509.png
0.327603,0.327205,0.327404,0.039387,9.241183,-4.444026,-5.8389,Not Drowsy,Non Drowsy/o0512.png
0.331517,0.334348,0.332932,0.025293,5.68284,-4.197487,-5.219251,Not Drowsy,Non Drowsy/o0516.png
0.328691,0.312253,0.320472,0.036704,3.298838,-4.344304,-3.081605,Not Drowsy,Non Drowsy/o0520.png
0.323766,0.322638,0.323202,0.052502,2.359552,-5.242959,-2.820932,Not Drowsy,Non Drowsy/o0524.png
0.32203,0.325269,0.32365,0.038035,0.909627,-4.065525,-2.96862,Not Drowsy,Non Drowsy/o0528.png
0.316993,0.317031,0.317012,0.027012,1.811278,-4.451477,-3.479822,Not Drowsy,Non Drowsy/o0532.png
0.318918,0.313541,0.316229,0.042827,2.054148,-5.118391,-3.768801,Not Drowsy,Non Drowsy/o0536.png
0.310445,0.318065,0.314255,0.027445,0.548013,-3.597782,-3.15943,Not Drowsy,Non Drowsy/o0540.png
0.37217,0.329938,0.351054,0.043417,8.424685,-2.716093,-5.26824,Not Drowsy,Non Drowsy/o0544.png
0.345675,0.329938,0.337806,0.040187,7.957406,-1.649215,-2.520888,Not Drowsy,Non Drowsy/o0547.png
0.348333,0.343068,0.345701,0.040148,6.997753,-2.909769,-3.671615,Not Drowsy,Non Drowsy/o0551.png
0.347445,0.316289,0.331867,0.031603,4.00088,-3.449222,-4.110331,Not Drowsy,Non Drowsy/o0555.png
0.331202,0.325269,0.328235,0.032154,2.587332,-3.855319,-3.559168,Not Drowsy,Non Drowsy/o0559.png
0.343173,0.311768,0.327471,0.032717,4.168788,-4.577023,-3.084238,Not Drowsy,Non Drowsy/o0563.png
0.333376,0.339411,0.336394,0.036704,3.17081,-3.435179,-3.296167,Not Drowsy,Non Drowsy/o0567.png
0.343173,0.327681,0.335427,0.03326,4.453806,-3.737435,-3.264273,Not Drowsy,Non Drowsy/o0571.png
0.331202,0.317603,0.324403,0.036105,2.41885,-3.107499,-3.052329,Not Drowsy,Non Drowsy/o0575.png
0.353265,0.341929,0.347597,0.034953,4.727717,-0.944059,-4.47865,Not Drowsy,Non Drowsy/o0579.png
0.35781,0.352594,0.355202,0.035817,7.629917,-1.591139,-3.778263,Not Drowsy,Non Drowsy/o0582.png
0.363646,0.336782,0.350214,0.040896,7.522097,-1.26243,-4.425943,Not Drowsy,Non Drowsy/o0586.png
0.354476,0.35725,0.355863,0.024537,4.850029,-1.574556,-3.945218,Not Drowsy,Non Drowsy/o0590.png
0.333376,0.331309,0.332342,0.050128,3.325745,-3.84144,-3.257752,Not Drowsy,Non Drowsy/o0594.png
0.333376,0.331309,0.332342,0.024537,3.904258,-4.25589,-3.10092,Not Drowsy,Non Drowsy/o0598.png
0.333376,0.330736,0.332056,0.036105,1.678791,-3.92492,-3.008224,Not Drowsy,Non Drowsy/o0602.png
0.27735,0.304124,0.290737,0.037793,6.08948,-5.02365,-7.104884,Not Drowsy,Non Drowsy/o0606.png
0.313171,0.324433,0.318802,0.035946,5.056186,-3.956218,-5.77822,Not Drowsy,Non Drowsy/o0610.png
0.328266,0.325857,0.327062,0.033168,4.92794,-4.418186,-5.430178,Not Drowsy,Non Drowsy/o0614.png
0.282277,0.277244,0.279761,0.040135,4.404986,-5.026719,-4.948467,Not Drowsy,Non Drowsy/o0618.png
0.328266,0.311768,0.320017,0.046159,1.487512,-4.873055,-3.774156,Not Drowsy,Non Drowsy/o0621.png
0.29725,0.284574,0.290912,0.019429,1.82442,-4.531345,-3.048422,Not Drowsy,Non Drowsy/o0625.png
0.306186,0.306697,0.306441,0.039062,-2.465189,-5.809028,1.316506,Not Drowsy,Non Drowsy/o0629.png
0.317644,0.326499,0.322071,0.409991,1.527766,-2.941859,-3.058343,Not Drowsy,Non Drowsy/o0633.png
0.256738,0.269406,0.263072,0.363445,3.034131,-4.378419,-3.804039,Not Drowsy,Non Drowsy/o0637.png
0.302075,0.26148,0.281778,0.380896,7.803765,-5.35191,-6.106227,Not Drowsy,Non Drowsy/o0641.png
0.293667,0.276439,0.285053,0.049706,3.904582,-3.05981,-4.799699,Not Drowsy,Non Drowsy/o0645.png
0.30889,0.292439,0.300664,0.051602,4.70902,-3.499143,-4.131113,Not Drowsy,Non Drowsy/o0649.png
0.285429,0.277164,0.281297,0.038626,3.74913,-3.612003,-4.048644,Not Drowsy,Non Drowsy/o0653.png
0.299813,0.306923,0.303368,0.03237,0.077213,-3.184754,-3.310242,Not Drowsy,Non Drowsy/o0656.png
0.299425,0.306923,0.303174,0.044272,2.415514,-3.560921,-3.659646,Not Drowsy,Non Drowsy/o0660.png
0.308465,0.277244,0.292855,0.055662,2.709371,-3.999888,-3.986932,Not Drowsy,Non Drowsy/o0664.png
0.288984,0.301105,0.295044,0.034401,1.213426,-3.571012,-4.0894,Not Drowsy,Non Drowsy/o0668.png
0.299425,0.297626,0.298526,0.041574,2.335278,-4.086089,-3.829409,Not Drowsy,Non Drowsy/o0672.png
0.305281,0.306197,0.305739,0.049889,-0.465749,-5.030331,-3.448184,Not Drowsy,Non Drowsy/o0676.png
0.305107,0.294062,0.299585,0.058672,8.470285,-5.536525,-15.302557,Not Drowsy,Non Drowsy/o0687.png
0.299732,0.286206,0.292969,0.055564,8.223946,-5.097094,-15.116131,Not Drowsy,Non Drowsy/o0693.png
0.293892,0.308626,0.301259,0.049322,8.908809,-5.61798,-15.920898,Not Drowsy,Non Drowsy/o0697.png
0.299732,0.294062,0.296897,0.048731,6.581051,-4.992606,-14.714223,Not Drowsy,Non Drowsy/o0701.png
0.324574,0.314929,0.319752,0.046237,-2.788308,-3.218902,-6.689305,Not Drowsy,Non Drowsy/o0705.png
0.317402,0.319263,0.318333,0.042944,-0.594061,-1.655486,-4.258094,Not Drowsy,Non Drowsy/o0709.png
0.321423,0.34629,0.333856,0.028786,-0.868134,-1.028567,-5.249944,Not Drowsy,Non Drowsy/o0713.png
0.241332,0.245695,0.243513,0.014884,1.057614,2.425905,5.211006,Not Drowsy,Non Drowsy/p0002.png
0.253946,0.265378,0.259662,0.0,-0.988946,0.305153,3.875397,Not Drowsy,Non Drowsy/p0006.png
0.243316,0.241047,0.242181,0.0,0.205266,1.259517,3.878325,Not Drowsy,Non Drowsy/p0010.png
0.248874,0.246926,0.2479,0.022686,-0.144809,0.141502,3.519993,Not Drowsy,Non Drowsy/p0014.png
0.230003,0.246926,0.238465,0.023052,-0.118936,0.395804,3.408722,Not Drowsy,Non Drowsy/p0018.png
0.242713,0.246926,0.244819,0.010858,-0.022361,0.796266,3.482953,Not Drowsy,Non Drowsy/p0021.png
0.242109,0.248733,0.245421,0.0,-0.027675,0.561193,3.743985,Not Drowsy,Non Drowsy/p0025.png
0.243316,0.252868,0.248092,0.023052,-3.657466,-8.476398,-3.094748,Not Drowsy,Non Drowsy/p0029.png
0.231278,0.22672,0.228999,0.022686,-0.019672,0.651962,3.502406,Not Drowsy,Non Drowsy/p0033.png
0.224604,0.241047,0.232826,0.015124,-0.118816,1.306888,3.83815,Not Drowsy,Non Drowsy/p0037.png
0.334894,0.33832,0.336607,0.027083,-1.225071,-0.104029,3.333454,Not Drowsy,Non Drowsy/p0041.png
0.218475,0.219926,0.219201,0.007678,-1.011849,-4.456996,3.85812,Not Drowsy,Non Drowsy/p0048.png
0.219819,0.220797,0.220308,0.018237,-1.483568,-5.09128,4.01204,Not Drowsy,Non Drowsy/p0052.png
0.219147,0.220055,0.219601,0.015356,-0.551571,-5.273561,4.031351,Not Drowsy,Non Drowsy/p0061.png
0.218927,0.207745,0.213336,0.022686,-0.77263,-5.086546,3.845743,Not Drowsy,Non Drowsy/p0113.png
0.21332,0.214702,0.214011,0.015124,-0.712327,-5.200531,4.072782,Not Drowsy,Non Drowsy/p0117.png
0.206337,0.232246,0.219292,0.022348,-0.574116,-6.168117,3.730488,Not Drowsy,Non Drowsy/p0140.png
0.23701,0.23204,0.234525,0.007797,-0.267021,-6.286879,4.035052,Not Drowsy,Non Drowsy/p0147.png
0.22506,0.226102,0.225581,0.007797,0.556438,-5.356508,3.751183,Not Drowsy,Non Drowsy/p0153.png
0.20701,0.219447,0.213228,0.007554,-0.27075,-6.084889,4.06831,Not Drowsy,Non Drowsy/p0157.png
0.225172,0.239215,0.232193,0.015356,0.017287,-4.71594,4.038744,Not Drowsy,Non Drowsy/p0161.png
0.219819,0.214884,0.217352,0.025434,0.422474,-5.393586,3.693208,Not Drowsy,Non Drowsy/p0166.png
0.20701,0.219926,0.213468,0.023052,-0.815273,-5.917522,3.809091,Not Drowsy,Non Drowsy/p0170.png
0.21008,0.214702,0.212391,0.025818,0.12287,-5.061435,3.674247,Not Drowsy,Non Drowsy/p0173.png
0.225172,0.22145,0.223311,0.007554,-0.38149,-3.727753,4.277215,Not Drowsy,Non Drowsy/p0180.png
0.202606,0.219926,0.211266,0.015595,-1.168286,-5.115613,4.032578,Not Drowsy,Non Drowsy/p0186.png
0.219147,0.207745,0.213446,0.022686,-0.858683,-6.228375,4.127278,Not Drowsy,Non Drowsy/p0191.png
0.187861,0.212926,0.200394,0.023392,0.178244,-7.630911,3.94891,Not Drowsy,Non Drowsy/p0195.png
0.218475,0.219926,0.219201,0.023033,-0.694377,-6.391017,4.227768,Not Drowsy,Non Drowsy/p0199.png
0.034493,0.028452,0.031472,0.016096,-0.527749,-8.424249,4.037872,Not Drowsy,Non Drowsy/p0205.png
0.206764,0.212235,0.2095,0.015578,-1.219216,-6.754578,4.253122,Not Drowsy,Non Drowsy/p0211.png
0.212681,0.212926,0.212804,0.008048,-1.148403,-6.452206,4.397337,Not Drowsy,Non Drowsy/p0215.png
0.212681,0.207745,0.210213,0.023366,-0.685413,-7.27584,4.317349,Not Drowsy,Non Drowsy/p0218.png
0.219147,0.200528,0.209837,0.007797,-1.222396,-5.807392,4.16604,Not Drowsy,Non Drowsy/p0222.png
0.219147,0.219926,0.219537,0.0,-1.103359,-7.121016,4.20939,Not Drowsy,Non Drowsy/p0226.png
0.219147,0.23204,0.225593,0.011015,-0.498538,-5.446616,4.67506,Not Drowsy,Non Drowsy/p0230.png
0.219147,0.21536,0.217254,0.023033,-0.361135,-5.110536,4.11757,Not Drowsy,Non Drowsy/p0234.png
0.194956,0.207931,0.201443,0.023392,-0.854251,-6.436014,4.220276,Not Drowsy,Non Drowsy/p0240.png
0.212681,0.213704,0.213192,0.023392,-0.80082,-7.088518,4.286004,Not Drowsy,Non Drowsy/p0245.png
0.219147,0.220122,0.219635,0.007797,-0.329856,-5.226127,4.111668,Not Drowsy,Non Drowsy/p0253.png
0.218568,0.207745,0.213157,0.015841,-1.173833,-5.153871,4.617987,Not Drowsy,Non Drowsy/p0259.png
0.219147,0.219251,0.219199,0.023392,-1.103158,-6.545711,4.309603,Not Drowsy,Non Drowsy/p0263.png
0.194956,0.196407,0.195681,0.007921,-0.222567,-6.212901,4.29533,Not Drowsy,Non Drowsy/p0290.png
0.219147,0.207745,0.213446,0.026593,-0.90527,-6.06378,4.598882,Not Drowsy,Non Drowsy/p0294.png
0.194956,0.215753,0.205354,0.023762,-0.13881,-5.877867,4.391079,Not Drowsy,Non Drowsy/p0298.png
0.194956,0.207829,0.201392,0.023392,-0.668144,-5.779481,4.36273,Not Drowsy,Non Drowsy/p0303.png
0.22506,0.213371,0.219216,0.007921,-1.261174,-5.385441,4.396038,Not Drowsy,Non Drowsy/p0311.png
0.21222,0.238741,0.22548,0.023366,-0.573819,-6.212135,4.429947,Not Drowsy,Non Drowsy/p0315.png
0.225172,0.227186,0.226179,0.029851,-0.942845,-4.321095,4.484383,Not Drowsy,Non Drowsy/p0320.png
0.253996,0.244199,0.249097,0.0,-2.900539,-3.53213,0.514984,Not Drowsy,Non Drowsy/q0003.png
0.244199,0.243256,0.243727,0.0,-2.506005,-3.344254,0.673874,Not Drowsy,Non Drowsy/q0006.png
0.206838,0.214176,0.210507,0.0,-1.564066,-4.877279,0.980621,Not Drowsy,Non Drowsy/q0010.png
0.251296,0.26636,0.258828,0.016664,-4.027711,-4.188025,0.976386,Not Drowsy,Non Drowsy/q0014.png
0.229293,0.243863,0.236578,0.0,-1.635648,-2.950602,-0.733504,Not Drowsy,Non Drowsy/q0018.png
0.232978,0.234888,0.233933,0.008332,-0.821634,-4.173306,-0.544345,Not Drowsy,Non Drowsy/q0022.png
0.264633,0.251455,0.258044,0.008473,-5.045262,-2.032175,-0.752458,Not Drowsy,Non Drowsy/q0026.png
0.23208,0.251823,0.241951,0.011592,0.658969,-3.93109,-0.934913,Not Drowsy,Non Drowsy/q0030.png
0.266942,0.243863,0.255403,0.008619,-0.978615,-2.634691,0.688083,Not Drowsy,Non Drowsy/q0034.png
0.259239,0.267333,0.263286,0.017241,-2.665322,-3.718564,0.447601,Not Drowsy,Non Drowsy/q0038.png
0.265875,0.258296,0.262086,0.0,-2.805782,-3.199073,1.238719,Not Drowsy,Non Drowsy/q0041.png
0.236716,0.237023,0.236869,0.008464,-2.912603,-5.047247,2.75591,Not Drowsy,Non Drowsy/q0045.png
0.280838,0.257576,0.269207,0.008192,-5.539089,-4.993111,1.629828,Not Drowsy,Non Drowsy/q0049.png
0.264633,0.258519,0.261576,0.008333,-4.204425,-4.960154,0.552402,Not Drowsy,Non Drowsy/q0053.png
0.251296,0.259239,0.255267,0.0,-2.645082,-3.871019,0.944349,Not Drowsy,Non Drowsy/q0057.png
0.229188,0.244199,0.236693,0.025858,-0.757795,-4.204563,0.688452,Not Drowsy,Non Drowsy/q0061.png
0.251296,0.259239,0.255267,0.011783,-2.222933,-4.077474,1.206312,Not Drowsy,Non Drowsy/q0065.png
0.230256,0.251621,0.240939,0.008063,-2.533572,-4.680297,0.707471,Not Drowsy,Non Drowsy/q0069.png
0.244199,0.219753,0.231976,0.008475,-4.207477,-4.668229,0.376973,Not Drowsy,Non Drowsy/q0073.png
0.250807,0.251621,0.251214,0.008333,-2.053976,-3.244097,0.173947,Not Drowsy,Non Drowsy/q0076.png
0.23208,0.227931,0.230006,0.011783,-1.848106,-3.787873,-0.235224,Not Drowsy,Non Drowsy/q0080.png
0.235606,0.228111,0.231859,0.016127,-2.185046,-3.641188,-0.47349,Not Drowsy,Non Drowsy/q0084.png
0.215213,0.228111,0.221662,0.008196,-3.795083,-3.790056,0.390586,Not Drowsy,Non Drowsy/q0088.png
0.237023,0.237023,0.237023,0.016667,-2.908295,-1.751127,0.021905,Not Drowsy,Non Drowsy/q0092.png
0.22823,0.235233,0.231731,0.008475,-3.301143,-2.76332,-0.264636,Not Drowsy,Non Drowsy/q0096.png
0.251621,0.243863,0.247742,0.020118,-2.800108,-2.184877,-0.029354,Not Drowsy,Non Drowsy/q0100.png
0.229975,0.258296,0.244136,0.016667,-5.009675,-2.502696,0.78594,Not Drowsy,Non Drowsy/q0104.png
0.237023,0.242922,0.239972,0.0,-3.414241,-2.642899,-0.087768,Not Drowsy,Non Drowsy/q0108.png
0.267709,0.27428,0.270994,0.008473,-5.508651,-3.233955,1.655986,Not Drowsy,Non Drowsy/q0111.png
0.251296,0.259239,0.255267,0.008332,-6.207694,-1.231195,1.139098,Not Drowsy,Non Drowsy/q0115.png
0.246782,0.27428,0.260531,0.019786,-5.518857,-2.420486,0.885572,Not Drowsy,Non Drowsy/q0119.png
0.256738,0.273903,0.265321,0.016949,-5.520614,-2.127687,0.643809,Not Drowsy,Non Drowsy/q0123.png
0.237023,0.266942,0.251983,0.016664,-2.831593,-3.28589,0.16165,Not Drowsy,Non Drowsy/q0127.png
0.246782,0.251621,0.249202,0.020118,-4.5601,-1.667637,0.560935,Not Drowsy,Non Drowsy/q0131.png
0.237023,0.222165,0.229594,0.016664,-3.25303,-1.97334,0.506741,Not Drowsy,Non Drowsy/q0135.png
0.251621,0.244199,0.24791,0.016949,-5.569865,-1.683594,0.604417,Not Drowsy,Non Drowsy/q0139.png
0.256738,0.258883,0.257811,0.008473,-4.310818,-0.902982,0.014516,Not Drowsy,Non Drowsy/q0143.png
0.254325,0.265324,0.259825,0.008333,-2.437443,-1.390889,-0.249922,Not Drowsy,Non Drowsy/q0146.png
0.254325,0.250756,0.252541,0.0,-2.929564,-1.51298,-0.383916,Not Drowsy,Non Drowsy/q0150.png
0.271046,0.258883,0.264965,0.008333,-3.048744,-1.230155,-0.23073,Not Drowsy,Non Drowsy/q0154.png
0.247065,0.250483,0.248774,0.011785,-3.210165,-1.839247,-0.398732,Not Drowsy,Non Drowsy/q0158.png
0.276942,0.276706,0.276824,0.00847,-4.536052,-1.904434,1.282862,Not Drowsy,Non Drowsy/q0162.png
0.260645,0.265875,0.26326,0.008475,-3.674706,-1.502574,0.451826,Not Drowsy,Non Drowsy/q0166.png
0.201948,0.207973,0.20496,0.008333,-4.358263,-1.966225,0.550692,Not Drowsy,Non Drowsy/q0170.png
0.230256,0.237023,0.233639,0.016667,-4.255198,-1.902192,0.481315,Not Drowsy,Non Drowsy/q0174.png
0.23551,0.258883,0.247197,0.008063,-3.311409,-0.875359,-0.048461,Not Drowsy,Non Drowsy/q0178.png
0.246763,0.243863,0.245313,0.0,-2.127756,-0.671749,-0.184269,Not Drowsy,Non Drowsy/q0181.png
0.262987,0.253706,0.258346,0.024997,-2.773617,-0.378255,0.010157,Not Drowsy,Non Drowsy/q0185.png
0.264511,0.258883,0.261697,0.008475,-2.652217,-0.781934,0.298093,Not Drowsy,Non Drowsy/q0189.png
0.268633,0.273903,0.271268,0.008332,-2.23473,-0.975975,-0.165367,Not Drowsy,Non Drowsy/q0193.png
0.256406,0.258883,0.257645,0.008197,-3.542592,-0.287112,1.038358,Not Drowsy,Non Drowsy/q0197.png
0.253996,0.243863,0.24893,0.020118,-2.338977,-0.409929,0.523212,Not Drowsy,Non Drowsy/q0201.png
0.236716,0.243863,0.24029,0.008333,-2.113783,-2.174227,0.472202,Not Drowsy,Non Drowsy/q0205.png
0.222453,0.229188,0.22582,0.016947,-2.508462,-0.539605,0.18654,Not Drowsy,Non Drowsy/q0209.png
0.251621,0.253706,0.252663,0.008332,-2.422909,-0.466303,0.099606,Not Drowsy,Non Drowsy/q0213.png
0.256738,0.251296,0.254017,0.008196,-1.793309,-0.595484,-0.090537,Not Drowsy,Non Drowsy/q0216.png
0.268633,0.253706,0.261169,0.016664,-1.646119,-0.700365,-0.170354,Not Drowsy,Non Drowsy/q0220.png
0.254034,0.273279,0.263656,0.008196,-0.796058,0.041221,-0.21953,Not Drowsy,Non Drowsy/q0224.png
0.260645,0.265304,0.262975,0.008192,-1.437843,-0.092494,-0.358301,Not Drowsy,Non Drowsy/q0228.png
0.254034,0.243308,0.248671,0.008475,-1.578036,-0.218241,-0.310448,Not Drowsy,Non Drowsy/q0232.png
0.256738,0.261366,0.259052,0.008332,-1.75074,-0.3515,-0.283827,Not Drowsy,Non Drowsy/q0236.png
0.239727,0.243863,0.241795,0.016664,-0.719818,-1.022116,-0.413875,Not Drowsy,Non Drowsy/q0240.png
0.239727,0.251296,0.245511,0.016391,-1.155751,-1.0839,-0.286221,Not Drowsy,Non Drowsy/q0244.png
0.227934,0.253996,0.240965,0.011783,-1.060308,0.12754,-0.297352,Not Drowsy,Non Drowsy/q0248.png
0.239727,0.273279,0.256503,0.016664,-0.451911,-0.709992,-0.777348,Not Drowsy,Non Drowsy/q0251.png
0.249771,0.269811,0.259791,0.020118,-0.19717,-0.427168,-0.438272,Not Drowsy,Non Drowsy/q0255.png
0.264148,0.258293,0.261221,0.008196,-0.401558,-0.962342,-0.683545,Not Drowsy,Non Drowsy/q0259.png
0.27938,0.273279,0.276329,0.008329,-1.236137,-0.480212,-1.189944,Not Drowsy,Non Drowsy/q0263.png
0.239727,0.272412,0.256069,0.008332,-0.629282,-0.503258,-1.202498,Not Drowsy,Non Drowsy/q0267.png
0.260964,0.251296,0.25613,0.016391,-0.623148,-0.857402,-1.101482,Not Drowsy,Non Drowsy/q0271.png
0.256738,0.265304,0.261021,0.024986,-1.63541,-0.174233,-0.984271,Not Drowsy,Non Drowsy/q0275.png
0.249771,0.273279,0.261525,0.008473,-0.585453,-1.118958,-0.494459,Not Drowsy,Non Drowsy/q0279.png
0.247065,0.25778,0.252422,0.008196,0.250531,0.082677,-0.960543,Not Drowsy,Non Drowsy/q0283.png
0.264511,0.243308,0.253909,0.0,-0.488165,0.162788,-0.985406,Not Drowsy,Non Drowsy/q0286.png
0.261725,0.273279,0.267502,0.017231,0.45278,0.452188,-1.175806,Not Drowsy,Non Drowsy/q0290.png
0.264511,0.258293,0.261402,0.016657,-0.494419,0.368024,-1.333249,Not Drowsy,Non Drowsy/q0294.png
0.23551,0.264511,0.25001,0.020107,-1.489997,0.847169,-1.351427,Not Drowsy,Non Drowsy/q0298.png
0.271046,0.252403,0.261725,0.020107,-0.969677,1.000889,-1.293074,Not Drowsy,Non Drowsy/q0302.png
0.264511,0.281745,0.273128,0.016657,-0.705143,-0.139511,-1.121697,Not Drowsy,Non Drowsy/q0306.png
0.264511,0.258293,0.261402,0.016939,-0.698922,0.867838,-1.413247,Not Drowsy,Non Drowsy/q0310.png
0.242536,0.258883,0.250709,0.016657,-1.753683,0.026129,-1.008883,Not Drowsy,Non Drowsy/q0314.png
0.239464,0.236208,0.237836,0.016385,-0.737756,0.472651,-1.043666,Not Drowsy,Non Drowsy/q0318.png
0.249771,0.258293,0.254032,0.028917,-0.875125,0.321396,-1.057068,Not Drowsy,Non Drowsy/q0322.png
0.239464,0.243308,0.241386,0.016664,-0.576212,0.061807,-0.783342,Not Drowsy,Non Drowsy/q0325.png
0.244199,0.243863,0.244031,0.008332,-0.583245,-0.356602,-0.4973,Not Drowsy,Non Drowsy/q0329.png
0.246985,0.261725,0.254355,0.017239,-2.009692,-0.70036,0.187338,Not Drowsy,Non Drowsy/q0333.png
0.193439,0.178827,0.186133,0.008473,-1.899125,-1.146265,-0.017246,Not Drowsy,Non Drowsy/q0337.png
0.279252,0.273279,0.276265,0.00847,-1.802892,0.303022,-0.816647,Not Drowsy,Non Drowsy/q0341.png
0.251621,0.273279,0.26245,0.008329,-0.758378,0.227426,-0.836058,Not Drowsy,Non Drowsy/q0345.png
0.256406,0.257354,0.25688,0.016664,-1.541454,-0.049099,-0.655776,Not Drowsy,Non Drowsy/q0349.png
0.249771,0.243308,0.246539,0.016947,-0.605442,0.07151,-0.989783,Not Drowsy,Non Drowsy/q0353.png
0.264511,0.254324,0.259417,0.0,-2.161338,0.036643,-0.532255,Not Drowsy,Non Drowsy/q0357.png
0.242431,0.261366,0.251898,0.011978,-1.425699,-0.059738,-0.836712,Not Drowsy,Non Drowsy/q0360.png
0.254695,0.250876,0.252786,0.017231,-0.299405,0.173112,-0.784138,Not Drowsy,Non Drowsy/q0364.png
0.242642,0.265304,0.253973,0.008473,-1.462907,0.447239,-1.026024,Not Drowsy,Non Drowsy/q0368.png
0.260645,0.253161,0.256903,0.008197,-2.883709,0.144291,0.190806,Not Drowsy,Non Drowsy/q0372.png
0.264511,0.253707,0.259109,0.008621,-1.152136,0.04468,-0.442932,Not Drowsy,Non Drowsy/q0376.png
0.256406,0.273279,0.264842,0.016664,-0.634829,0.337734,-0.424719,Not Drowsy,Non Drowsy/q0380.png
0.249409,0.279035,0.264222,0.016657,-0.605882,0.180403,-1.10603,Not Drowsy,Non Drowsy/q0384.png
0.259239,0.246645,0.252942,0.016947,-2.062766,0.037772,-0.533932,Not Drowsy,Non Drowsy/q0388.png
0.222453,0.253707,0.23808,0.016947,-1.259524,-0.108927,-0.584319,Not Drowsy,Non Drowsy/q0392.png
0.253706,0.258293,0.255999,0.008473,-2.678123,-0.062406,-0.606117,Not Drowsy,Non Drowsy/q0395.png
0.221443,0.236716,0.22908,0.008332,-1.453569,-0.560656,-0.36808,Not Drowsy,Non Drowsy/q0399.png
0.260645,0.250756,0.255701,0.008196,-1.863927,0.3868,-0.545286,Not Drowsy,Non Drowsy/q0403.png
0.257568,0.284299,0.270934,0.0,0.881527,-0.196197,-0.573442,Not Drowsy,Non Drowsy/q0407.png
0.244199,0.261366,0.252782,0.016947,-0.094748,-0.737408,-0.622073,Not Drowsy,Non Drowsy/q0411.png
0.264148,0.258883,0.261516,0.016939,-2.596965,-0.316469,-0.223884,Not Drowsy,Non Drowsy/q0415.png
0.249428,0.243308,0.246368,0.020456,0.009123,0.395973,-0.631152,Not Drowsy,Non Drowsy/q0419.png
0.251621,0.250756,0.251189,0.008196,-0.470533,-0.25112,-0.968057,Not Drowsy,Non Drowsy/q0423.png
0.256738,0.249844,0.253291,0.019778,-0.573308,0.039751,-1.099404,Not Drowsy,Non Drowsy/q0427.png
0.254034,0.243308,0.248671,0.01159,-0.805109,-0.27895,-1.414111,Not Drowsy,Non Drowsy/q0430.png
0.239417,0.243308,0.241362,0.016657,-0.08075,0.559196,-1.241198,Not Drowsy,Non Drowsy/q0434.png
0.264511,0.258883,0.261697,0.016949,-1.427519,-0.662595,-0.305067,Not Drowsy,Non Drowsy/q0438.png
0.242431,0.242368,0.242399,0.016391,-1.680552,-0.273277,-0.663756,Not Drowsy,Non Drowsy/q0442.png
0.232883,0.236208,0.234545,0.0,-0.90192,-0.300895,-0.837327,Not Drowsy,Non Drowsy/q0446.png
0.23551,0.273279,0.254394,0.016657,-1.744103,-0.287347,-0.999163,Not Drowsy,Non Drowsy/q0450.png
0.256,0.229975,0.242987,0.00806,-1.972008,0.189941,-0.801032,Not Drowsy,Non Drowsy/q0454.png
0.225157,0.258293,0.241725,0.016947,0.011005,-0.347195,-0.901626,Not Drowsy,Non Drowsy/q0458.png
0.249104,0.268285,0.258695,0.008332,-1.812177,0.526391,-0.748375,Not Drowsy,Non Drowsy/q0462.png
0.232883,0.236716,0.2348,0.0,-0.386233,-0.622106,-1.242241,Not Drowsy,Non Drowsy/q0465.png
0.254034,0.235195,0.244615,0.024986,-1.213854,-0.818103,-0.91616,Not Drowsy,Non Drowsy/q0469.png
0.270695,0.258293,0.264494,0.016657,-2.213681,-0.052959,-0.78247,Not Drowsy,Non Drowsy/q0473.png
0.270695,0.257474,0.264084,0.008332,-1.604969,0.634401,-0.938668,Not Drowsy,Non Drowsy/q0477.png
0.239727,0.273279,0.256503,0.016947,0.685297,0.421012,-1.304795,Not Drowsy,Non Drowsy/q0481.png
0.271046,0.236208,0.253627,0.0,0.384709,0.429467,-1.457761,Not Drowsy,Non Drowsy/q0485.png
0.242117,0.257474,0.249795,0.03244,-0.540142,0.692403,-1.431959,Not Drowsy,Non Drowsy/q0489.png
0.254695,0.25,0.252348,0.021174,-0.108869,0.287262,-1.389243,Not Drowsy,Non Drowsy/q0493.png
0.249771,0.252852,0.251311,0.008767,0.04277,1.318998,-1.653519,Not Drowsy,Non Drowsy/q0497.png
0.257568,0.238288,0.247928,0.017231,0.167222,0.735849,-1.657461,Not Drowsy,Non Drowsy/q0500.png
0.278868,0.257474,0.268171,0.017231,0.053446,1.798332,-1.544539,Not Drowsy,Non Drowsy/q0504.png
0.249537,0.252852,0.251194,0.00847,-1.02913,0.929028,-1.507075,Not Drowsy,Non Drowsy/q0508.png
0.292145,0.280796,0.28647,0.0,-0.682419,1.341386,-2.075738,Not Drowsy,Non Drowsy/q0512.png
0.264511,0.257474,0.260992,0.025409,1.040773,1.243266,-2.027073,Not Drowsy,Non Drowsy/q0516.png
0.249771,0.26825,0.25901,0.008609,-0.48059,1.707448,-2.076742,Not Drowsy,Non Drowsy/q0520.png
0.377038,0.385557,0.381298,0.136975,-2.919846,-10.060606,-1.261653,Not Drowsy,Non Drowsy/r0003.png
0.35947,0.378094,0.368782,0.046148,-5.656931,-9.276078,-1.760441,Not Drowsy,Non Drowsy/r0007.png
0.377038,0.381693,0.379366,0.022056,-5.595381,-8.984819,-1.447222,Not Drowsy,Non Drowsy/r0011.png
0.383676,0.396374,0.390025,0.024717,-2.556213,-11.706838,-3.000192,Not Drowsy,Non Drowsy/r0014.png
0.362512,0.397452,0.379982,0.047221,-5.495851,-10.805788,-1.750641,Not Drowsy,Non Drowsy/r0018.png
0.377038,0.400346,0.388692,0.235604,-6.706703,-10.602,-0.542859,Not Drowsy,Non Drowsy/r0022.png
0.372795,0.357154,0.364975,0.024738,-5.324522,-11.14786,-0.867573,Not Drowsy,Non Drowsy/r0026.png
0.34992,0.371977,0.360948,0.281604,-8.29055,-10.622848,0.774446,Not Drowsy,Non Drowsy/r0030.png
0.331202,0.364099,0.347651,0.040323,-9.065106,-9.467974,-0.068393,Not Drowsy,Non Drowsy/r0034.png
0.355373,0.364099,0.359736,0.036177,-3.460496,-9.352408,-1.31806,Not Drowsy,Non Drowsy/r0038.png
0.371468,0.362143,0.366805,0.092577,9.422174,-13.262916,-4.967259,Not Drowsy,Non Drowsy/r0042.png
0.355375,0.396657,0.376016,0.090152,-5.326495,-12.306638,1.688404,Not Drowsy,Non Drowsy/r0046.png
0.355222,0.38,0.367611,0.025476,-3.737622,-13.554502,-0.039177,Not Drowsy,Non Drowsy/r0049.png
0.385,0.422826,0.403913,0.025479,-8.280058,-14.079466,0.551676,Not Drowsy,Non Drowsy/r0053.png
0.370348,0.394922,0.382635,0.238857,-7.146319,-13.543464,0.856882,Not Drowsy,Non Drowsy/r0057.png
0.369869,0.391275,0.380572,0.04797,-6.658567,-14.061428,0.234141,Not Drowsy,Non Drowsy/r0061.png
0.377878,0.394922,0.3864,0.104152,-7.044285,-12.441198,-0.502028,Not Drowsy,Non Drowsy/r0065.png
0.35947,0.385167,0.372318,0.123762,-6.489766,-12.533316,-0.139794,Not Drowsy,Non Drowsy/r0069.png
0.357192,0.40685,0.382021,0.07388,-6.56063,-12.950035,-0.59101,Not Drowsy,Non Drowsy/r0073.png
0.35814,0.41176,0.38495,0.16984,-9.167466,-12.99943,1.658509,Not Drowsy,Non Drowsy/r0077.png
0.339367,0.349642,0.344505,0.115763,-8.561682,-13.548058,0.908711,Not Drowsy,Non Drowsy/r0081.png
0.349162,0.338756,0.343959,0.099356,1.061992,-12.80482,-2.074635,Not Drowsy,Non Drowsy/r0084.png
0.362136,0.362016,0.362076,0.060336,-1.638925,-11.892826,-1.39137,Not Drowsy,Non Drowsy/r0088.png
0.331607,0.364228,0.347918,0.121766,-9.055573,-11.98873,1.245208,Not Drowsy,Non Drowsy/r0092.png
0.370006,0.40745,0.388728,0.134984,-7.42064,-12.679254,0.142422,Not Drowsy,Non Drowsy/r0096.png
0.357192,0.383317,0.370254,0.121766,-5.612033,-11.429076,-0.411371,Not Drowsy,Non Drowsy/r0100.png
0.370348,0.378236,0.374292,0.131941,-11.0936,-11.761463,1.503381,Not Drowsy,Non Drowsy/r0104.png
0.351203,0.3763,0.363751,0.067787,-4.428491,-12.538129,0.286839,Not Drowsy,Non Drowsy/r0108.png
0.366606,0.390234,0.37842,0.060662,-12.238626,-10.663872,2.161956,Not Drowsy,Non Drowsy/r0112.png
0.366103,0.396657,0.38138,0.051115,-4.204655,-10.094703,-0.901869,Not Drowsy,Non Drowsy/r0116.png
0.34576,0.359908,0.352834,0.029394,1.302523,-10.687832,-3.15987,Not Drowsy,Non Drowsy/r0119.png
0.329161,0.362771,0.345966,0.025801,5.461085,-10.605947,-5.296095,Not Drowsy,Non Drowsy/r0123.png
0.353905,0.345953,0.349929,0.025801,10.488066,-11.53706,-6.990454,Not Drowsy,Non Drowsy/r0127.png
0.365974,0.38892,0.377447,0.020093,0.796182,-10.770182,-4.075938,Not Drowsy,Non Drowsy/r0131.png
0.351155,0.378723,0.364939,0.025391,1.63564,-9.775546,-3.710033,Not Drowsy,Non Drowsy/r0135.png
0.350403,0.378723,0.364563,0.028448,-0.546944,-9.839277,-2.253302,Not Drowsy,Non Drowsy/r0139.png
0.356812,0.359908,0.35836,0.034483,0.839725,-10.835008,-1.936688,Not Drowsy,Non Drowsy/r0143.png
0.367977,0.364099,0.366038,0.025424,-0.245157,-9.435122,-1.418379,Not Drowsy,Non Drowsy/r0147.png
0.353563,0.354011,0.353787,0.060642,-2.454098,-9.714239,-0.852837,Not Drowsy,Non Drowsy/r0151.png
0.367977,0.364099,0.366038,0.042226,-1.601412,-9.708202,-1.316412,Not Drowsy,Non Drowsy/r0154.png
0.370486,0.39434,0.382413,0.015871,-2.035963,-8.902056,-0.884139,Not Drowsy,Non Drowsy/r0158.png
0.370486,0.379826,0.375156,0.02459,-2.502822,-8.267813,-0.600923,Not Drowsy,Non Drowsy/r0162.png
0.354011,0.3763,0.365156,0.040962,-5.437528,-9.30367,0.474139,Not Drowsy,Non Drowsy/r0166.png
0.366103,0.3763,0.371201,0.041661,-4.320396,-8.706099,0.046805,Not Drowsy,Non Drowsy/r0170.png
0.349642,0.376116,0.362879,0.297176,-5.096842,-10.045878,0.696033,Not Drowsy,Non Drowsy/r0174.png
0.355833,0.366144,0.360989,0.081543,-5.389465,-9.570707,1.007129,Not Drowsy,Non Drowsy/r0178.png
0.359909,0.364897,0.362403,0.023807,-5.720436,-8.606868,0.602951,Not Drowsy,Non Drowsy/r0182.png
0.319478,0.331766,0.325622,0.051902,-7.728821,-9.245301,1.935234,Not Drowsy,Non Drowsy/r0186.png
0.353553,0.368053,0.360803,0.095674,1.969556,-10.755687,-2.157478,Not Drowsy,Non Drowsy/r0189.png
0.369443,0.372374,0.370908,0.046869,-2.802572,-10.57247,-0.341024,Not Drowsy,Non Drowsy/r0193.png
0.345675,0.38,0.362837,0.058325,-5.444933,-9.622089,0.58432,Not Drowsy,Non Drowsy/r0197.png
0.370486,0.38,0.375243,0.107509,-6.889562,-9.27543,1.186692,Not Drowsy,Non Drowsy/r0201.png
0.355375,0.366606,0.360991,0.062233,-5.83894,-10.362808,1.352426,Not Drowsy,Non Drowsy/r0205.png
0.364729,0.391684,0.378207,0.024587,-8.291453,-11.001978,1.336633,Not Drowsy,Non Drowsy/r0209.png
0.3534,0.366103,0.359751,0.040192,-11.587692,-11.466642,4.309838,Not Drowsy,Non Drowsy/r0213.png
0.379826,0.389627,0.384727,0.051902,-12.704591,-10.708967,3.706907,Not Drowsy,Non Drowsy/r0217.png
0.370081,0.391684,0.380883,0.065539,-6.30759,-11.152468,1.860612,Not Drowsy,Non Drowsy/r0221.png
0.355375,0.390234,0.372805,0.127046,-9.70894,-11.425823,2.561723,Not Drowsy,Non Drowsy/r0224.png
0.351519,0.393211,0.372365,0.045112,-6.816347,-10.908461,1.351376,Not Drowsy,Non Drowsy/r0228.png
0.387227,0.365129,0.376178,0.034401,10.805848,-11.579769,-5.650089,Not Drowsy,Non Drowsy/r0232.png
0.277588,0.251946,0.264767,0.060345,-1.89169,-11.103108,-0.661792,Not Drowsy,Non Drowsy/r0236.png
0.3534,0.378236,0.365818,0.128778,-10.547461,-10.660734,1.320232,Not Drowsy,Non Drowsy/r0240.png
0.34074,0.375467,0.358103,0.06663,-11.059255,-10.236704,1.762472,Not Drowsy,Non Drowsy/r0244.png
0.329679,0.376116,0.352898,0.05196,-11.025092,-9.238617,1.518107,Not Drowsy,Non Drowsy/r0248.png
0.343905,0.376116,0.360011,0.058301,-10.659041,-9.424977,1.610992,Not Drowsy,Non Drowsy/r0252.png
0.343905,0.391875,0.36789,0.041661,-11.5316,-8.155236,1.477818,Not Drowsy,Non Drowsy/r0256.png
0.354011,0.379826,0.366919,0.0675,-11.228491,-9.830735,1.72482,Not Drowsy,Non Drowsy/r0259.png
0.341351,0.364729,0.35304,0.044373,-11.334391,-9.207162,1.516191,Not Drowsy,Non Drowsy/r0263.png
0.341351,0.390234,0.365793,0.05196,-11.447549,-9.594584,1.438109,Not Drowsy,Non Drowsy/r0267.png
0.354011,0.376116,0.365064,0.049993,-11.939667,-10.068345,2.330168,Not Drowsy,Non Drowsy/r0271.png
0.355373,0.40745,0.381411,0.041661,-10.905686,-9.22063,1.218467,Not Drowsy,Non Drowsy/r0275.png
0.355833,0.377402,0.366618,0.051108,-10.651898,-9.057125,1.683653,Not Drowsy,Non Drowsy/r0279.png
0.355987,0.393665,0.374826,0.150606,-11.47588,-9.355036,2.373931,Not Drowsy,Non Drowsy/r0283.png
0.370646,0.413172,0.391909,0.054778,-12.149001,-10.191933,3.242802,Not Drowsy,Non Drowsy/r0287.png
0.295457,0.30473,0.300093,0.045824,-12.263013,-11.271876,3.120643,Not Drowsy,Non Drowsy/r0291.png
0.369736,0.391894,0.380815,0.046612,-14.277486,-10.955805,3.681741,Not Drowsy,Non Drowsy/r0294.png
0.194782,0.16388,0.179331,0.068398,-19.457708,-15.304355,6.033063,Not Drowsy,Non Drowsy/r0298.png
0.371919,0.376585,0.374252,0.051902,-16.888094,-11.518073,4.502639,Not Drowsy,Non Drowsy/r0302.png
0.351203,0.388237,0.36972,0.052623,-13.978062,-10.837842,1.904946,Not Drowsy,Non Drowsy/r0306.png
0.349291,0.378723,0.364007,0.143738,-5.112307,-10.54219,-3.452183,Not Drowsy,Non Drowsy/r0310.png
0.372795,0.39434,0.383568,0.119033,-7.433692,-11.197969,-0.810619,Not Drowsy,Non Drowsy/r0314.png
0.367172,0.376116,0.371644,0.127884,-7.874208,-9.547512,-1.031133,Not Drowsy,Non Drowsy/r0318.png
0.340177,0.364099,0.352138,0.133949,-8.255835,-9.535886,-0.800093,Not Drowsy,Non Drowsy/r0322.png
0.367138,0.403059,0.385099,0.047464,-8.176619,-8.708695,-1.70006,Not Drowsy,Non Drowsy/r0326.png
0.351203,0.392823,0.372013,0.029931,-7.797889,-8.85535,-1.11345,Not Drowsy,Non Drowsy/r0329.png
0.37345,0.36569,0.36957,0.061169,9.877207,-11.42878,-6.513952,Not Drowsy,Non Drowsy/r0333.png
0.358493,0.354833,0.356663,0.033724,9.205286,-9.299032,-6.743042,Not Drowsy,Non Drowsy/r0337.png
0.371468,0.354142,0.362805,0.016889,10.901121,-9.849671,-7.058719,Not Drowsy,Non Drowsy/r0341.png
0.353905,0.346635,0.35027,0.079929,10.255635,-10.985665,-7.439244,Not Drowsy,Non Drowsy/r0345.png
0.361962,0.367696,0.364829,0.044895,9.891641,-9.399296,-6.48555,Not Drowsy,Non Drowsy/r0349.png
0.341499,0.378052,0.359775,0.072357,-10.391216,-9.049109,2.342552,Not Drowsy,Non Drowsy/r0353.png
0.382257,0.417074,0.399666,0.11921,-13.339936,-12.114447,3.930339,Not Drowsy,Non Drowsy/r0370.png
0.137224,0.096324,0.116774,0.023077,-7.30011,-15.079685,-0.011414,Not Drowsy,Non Drowsy/r0374.png
0.369212,0.375467,0.372339,0.049154,-8.730274,-10.648214,-1.606649,Not Drowsy,Non Drowsy/r0377.png
0.173953,0.081456,0.127704,0.032769,-9.226461,-12.20377,-0.09631,Not Drowsy,Non Drowsy/r0381.png
0.351203,0.348533,0.349868,0.023798,-0.940564,-10.654374,-2.591765,Not Drowsy,Non Drowsy/r0385.png
0.350403,0.364228,0.357316,0.145753,-4.832157,-10.861169,-1.815508,Not Drowsy,Non Drowsy/r0389.png
0.337189,0.363599,0.350394,0.064483,-3.203541,-11.007627,-2.386731,Not Drowsy,Non Drowsy/r0393.png
0.340177,0.365474,0.352826,0.23809,-8.143614,-9.503132,-1.394005,Not Drowsy,Non Drowsy/r0397.png
0.342729,0.376116,0.359423,0.151295,-8.108963,-9.859521,-1.375119,Not Drowsy,Non Drowsy/r0401.png
0.339236,0.359383,0.349309,0.162326,-7.972685,-10.473932,-1.834454,Not Drowsy,Non Drowsy/r0405.png
0.320548,0.318791,0.31967,0.091616,-4.107373,-10.890253,-2.499983,Not Drowsy,Non Drowsy/r0409.png
0.340748,0.362771,0.351759,0.062343,3.470947,-11.609849,-3.879479,Not Drowsy,Non Drowsy/r0412.png
0.34091,0.355373,0.348141,0.108561,-1.898732,-11.649171,-2.08801,Not Drowsy,Non Drowsy/r0416.png
0.3382,0.3534,0.3458,0.099316,-2.897849,-11.86756,-1.86623,Not Drowsy,Non Drowsy/r0420.png
0.326489,0.334708,0.330598,0.147521,-6.121225,-13.048682,-0.741253,Not Drowsy,Non Drowsy/r0424.png
0.265875,0.281566,0.273721,0.072716,-8.205551,-14.032603,0.685226,Not Drowsy,Non Drowsy/r0428.png
0.249944,0.266079,0.258012,0.235126,-6.459845,-15.639951,-0.119628,Not Drowsy,Non Drowsy/r0432.png
0.265304,0.249878,0.257591,0.039058,-8.179753,-13.25546,-0.334905,Not Drowsy,Non Drowsy/r0436.png
0.296611,0.29852,0.297565,0.022378,-6.950502,-11.905615,-1.245085,Not Drowsy,Non Drowsy/r0440.png
0.273279,0.282843,0.278061,0.048362,-8.475895,-12.382996,-0.812979,Not Drowsy,Non Drowsy/r0444.png
0.272443,0.281978,0.27721,0.083286,-8.258716,-12.065358,-0.558677,Not Drowsy,Non Drowsy/r0448.png
0.267709,0.281113,0.274411,0.056504,-8.642217,-13.516596,-0.806318,Not Drowsy,Non Drowsy/r0451.png
0.273279,0.281113,0.277196,0.050265,-8.642547,-12.982207,-0.825599,Not Drowsy,Non Drowsy/r0455.png
0.32128,0.345168,0.333224,0.02752,-6.567836,-12.371656,-1.350024,Not Drowsy,Non Drowsy/r0459.png
0.264511,0.242313,0.253412,0.065748,-8.307963,-12.756346,-1.481711,Not Drowsy,Non Drowsy/r0463.png
0.349162,0.345168,0.347165,0.049486,-6.921889,-13.767811,-0.992931,Not Drowsy,Non Drowsy/r0467.png
0.325584,0.328904,0.327244,0.031235,-6.415146,-11.997618,-1.251871,Not Drowsy,Non Drowsy/r0471.png
0.242368,0.272919,0.257643,0.047613,-10.293271,-14.378505,0.518946,Not Drowsy,Non Drowsy/r0475.png
0.250756,0.251455,0.251105,0.049486,-8.480609,-13.961061,-0.343116,Not Drowsy,Non Drowsy/r0479.png
0.258293,0.273625,0.265959,0.07377,-8.808724,-13.470693,0.221805,Not Drowsy,Non Drowsy/r0483.png
0.273279,0.281566,0.277422,0.081956,-7.769006,-13.377665,0.16576,Not Drowsy,Non Drowsy/r0486.png
0.314421,0.334554,0.324488,0.254692,-7.326315,-13.720596,0.310943,Not Drowsy,Non Drowsy/r0490.png
0.242536,0.258065,0.2503,0.193884,-5.884504,-13.03982,-1.517474,Not Drowsy,Non Drowsy/r0494.png
0.273279,0.25085,0.262065,0.125755,-7.168236,-13.106746,-0.736122,Not Drowsy,Non Drowsy/r0498.png
0.325584,0.347107,0.336345,0.099316,-6.412059,-12.841609,-0.841749,Not Drowsy,Non Drowsy/r0502.png
0.324303,0.376116,0.35021,0.14581,-7.154806,-12.767644,-0.618725,Not Drowsy,Non Drowsy/r0506.png
0.241599,0.251455,0.246527,0.10097,-6.377396,-12.975643,-0.901967,Not Drowsy,Non Drowsy/r0510.png
0.291184,0.313905,0.302545,0.068596,-5.601591,-12.534973,-1.368621,Not Drowsy,Non Drowsy/r0514.png
0.336136,0.347107,0.341622,0.076271,-11.24227,-12.166475,1.146729,Not Drowsy,Non Drowsy/r0519.png
0.34097,0.333333,0.337152,0.025468,-8.65629,-12.914412,-1.22837,Not Drowsy,Non Drowsy/r0522.png
0.328408,0.338089,0.333248,0.029768,-4.861442,-13.223075,-3.670074,Not Drowsy,Non Drowsy/r0526.png
0.340177,0.347738,0.343958,0.21816,-2.073577,-9.739035,-2.519032,Not Drowsy,Non Drowsy/r0531.png
0.374426,0.396937,0.385681,0.03255,-3.647711,-10.265977,-2.860419,Not Drowsy,Non Drowsy/r0535.png
0.259377,0.25351,0.256444,0.071421,-0.068762,2.774182,-0.754261,Not Drowsy,Non Drowsy/s0002.png
0.265897,0.249426,0.257661,0.065385,2.685283,4.332721,-2.580978,Not Drowsy,Non Drowsy/s0006.png
0.276204,0.281703,0.278953,0.093479,1.890582,5.16083,-2.438336,Not Drowsy,Non Drowsy/s0010.png
0.257351,0.270097,0.263724,0.104784,0.556745,0.668975,-0.234355,Not Drowsy,Non Drowsy/s0014.png
0.270965,0.2618,0.266382,0.068496,1.994769,1.676446,-2.659345,Not Drowsy,Non Drowsy/s0018.png
0.252669,0.262316,0.257493,0.096918,2.108968,3.167415,-1.955647,Not Drowsy,Non Drowsy/s0021.png
0.270723,0.262316,0.26652,0.067157,1.457611,3.24596,-1.45295,Not Drowsy,Non Drowsy/s0025.png
0.235187,0.235187,0.235187,0.086947,0.577296,2.259301,-0.284883,Not Drowsy,Non Drowsy/s0029.png
0.251063,0.262316,0.25669,0.060544,1.237116,-1.620986,-1.239855,Not Drowsy,Non Drowsy/s0033.png
0.264517,0.262316,0.263417,0.099372,1.897985,-2.414423,-1.695849,Not Drowsy,Non Drowsy/s0037.png
0.269079,0.249903,0.259491,0.122533,1.007716,-0.032212,-1.758192,Not Drowsy,Non Drowsy/s0041.png
0.252455,0.23487,0.243662,0.131021,0.765004,1.413047,-1.081423,Not Drowsy,Non Drowsy/s0045.png
0.256953,0.270322,0.263638,0.107641,1.011696,1.060583,-1.536918,Not Drowsy,Non Drowsy/s0049.png
0.229142,0.215056,0.222099,0.126809,0.364514,1.661164,-1.612128,Not Drowsy,Non Drowsy/s0053.png
0.236908,0.238675,0.237791,0.103016,1.022198,2.525106,-1.740884,Not Drowsy,Non Drowsy/s0056.png
0.250772,0.25351,0.252141,0.062702,1.083237,3.784148,-1.513017,Not Drowsy,Non Drowsy/s0060.png
0.248317,0.256246,0.252282,0.070395,1.215049,4.504958,-1.59034,Not Drowsy,Non Drowsy/s0064.png
0.252611,0.239961,0.246286,0.120253,0.886863,4.30622,-1.55243,Not Drowsy,Non Drowsy/s0068.png
0.263353,0.269764,0.266559,0.074594,0.576128,4.762293,-1.784537,Not Drowsy,Non Drowsy/s0072.png
0.254216,0.265522,0.259869,0.109367,0.943477,4.48432,-1.732881,Not Drowsy,Non Drowsy/s0076.png
0.254633,0.247851,0.251242,0.082257,3.502571,-1.312263,-6.366225,Not Drowsy,Non Drowsy/s0080.png
0.266896,0.240424,0.25366,0.096006,2.508403,-2.253929,-8.067011,Not Drowsy,Non Drowsy/s0084.png
0.254642,0.23629,0.245466,0.089697,1.126855,1.885002,-5.348978,Not Drowsy,Non Drowsy/s0088.png
0.248659,0.248069,0.248364,0.101409,0.326738,2.659103,-5.206133,Not Drowsy,Non Drowsy/s0091.png
0.260008,0.272082,0.266045,0.112176,0.558236,4.140304,-4.77454,Not Drowsy,Non Drowsy/s0095.png
0.240229,0.238186,0.239208,0.093327,-0.330678,4.363042,-4.184412,Not Drowsy,Non Drowsy/s0099.png
0.239981,0.237605,0.238793,0.11733,-0.651733,4.901197,-4.290522,Not Drowsy,Non Drowsy/s0103.png
0.239981,0.250003,0.244992,0.052146,-0.005713,4.05949,-3.415209,Not Drowsy,Non Drowsy/s0107.png
0.273039,0.25745,0.265244,0.089796,0.984189,0.146603,-1.625947,Not Drowsy,Non Drowsy/s0130.png
0.273039,0.250772,0.261905,0.080504,0.271562,1.186854,-1.226751,Not Drowsy,Non Drowsy/s0134.png
0.233151,0.240774,0.236963,0.050655,-0.394982,1.644259,-0.4716,Not Drowsy,Non Drowsy/s0139.png
0.248317,0.23487,0.241594,0.054724,1.152082,2.157124,-1.88494,Not Drowsy,Non Drowsy/s0143.png
0.264292,0.233151,0.248722,0.026988,2.175635,3.116531,-2.239019,Not Drowsy,Non Drowsy/s0146.png
0.259727,0.221615,0.240671,0.021602,1.682799,2.376696,-1.210895,Not Drowsy,Non Drowsy/s0150.png
0.241047,0.232713,0.23688,0.0,2.692294,1.622658,-3.200184,Not Drowsy,Non Drowsy/s0154.png
0.250772,0.239471,0.245122,0.013512,1.77863,3.306201,-0.633694,Not Drowsy,Non Drowsy/s0158.png
0.298695,0.256804,0.27775,0.012654,14.357099,11.266142,0.073351,Not Drowsy,Non Drowsy/s0162.png
0.275206,0.26699,0.271098,0.0,4.071871,7.144178,0.949077,Not Drowsy,Non Drowsy/s0166.png
0.2618,0.259727,0.260764,0.013157,1.619737,3.575572,0.970394,Not Drowsy,Non Drowsy/s0170.png
0.266656,0.259727,0.263192,0.007042,0.793735,5.687466,1.867906,Not Drowsy,Non Drowsy/s0174.png
0.2618,0.252455,0.257127,0.006944,1.18264,6.250044,0.953914,Not Drowsy,Non Drowsy/s0178.png
0.251758,0.253858,0.252808,0.006849,0.954844,7.848269,0.644939,Not Drowsy,Non Drowsy/s0181.png
0.263919,0.257812,0.260865,0.017492,1.407666,6.958492,0.177559,Not Drowsy,Non Drowsy/s0185.png
0.2634,0.259377,0.261389,0.006849,1.419506,7.670346,0.388988,Not Drowsy,Non Drowsy/s0189.png
0.25889,0.259727,0.259309,0.012819,0.225684,8.411402,0.91554,Not Drowsy,Non Drowsy/s0193.png
0.263919,0.264292,0.264106,0.014085,0.988534,6.738297,0.739701,Not Drowsy,Non Drowsy/s0197.png
0.269764,0.265897,0.267831,0.007143,-0.052623,7.305891,1.157993,Not Drowsy,Non Drowsy/s0201.png
0.25515,0.27117,0.26316,0.0,-0.728658,7.613675,0.865664,Not Drowsy,Non Drowsy/s0205.png
0.249426,0.259727,0.254576,0.0,-0.864164,8.190231,1.249591,Not Drowsy,Non Drowsy/s0209.png
0.268088,0.264871,0.266479,0.0,-0.196547,7.716887,1.709699,Not Drowsy,Non Drowsy/s0213.png
0.275354,0.259727,0.26754,0.00641,-0.950157,9.199056,1.079569,Not Drowsy,Non Drowsy/s0216.png
0.27117,0.263149,0.26716,0.154412,0.172569,3.456674,-0.693004,Not Drowsy,Non Drowsy/s0220.png
0.267276,0.262687,0.264981,0.125595,-0.300392,-0.705015,0.006093,Not Drowsy,Non Drowsy/s0224.png
0.245029,0.233655,0.239342,0.05243,0.504351,0.638142,-0.012754,Not Drowsy,Non Drowsy/s0228.png
0.240774,0.242686,0.24173,0.013157,4.713269,3.417001,0.604663,Not Drowsy,Non Drowsy/s0232.png
0.255239,0.235187,0.245213,0.006944,0.209335,5.137633,1.141042,Not Drowsy,Non Drowsy/s0236.png
0.232713,0.259727,0.24622,0.0,0.709513,6.400072,0.754575,Not Drowsy,Non Drowsy/s0240.png
0.244239,0.248317,0.246278,0.006849,0.281853,5.918193,1.191232,Not Drowsy,Non Drowsy/s0244.png
0.250003,0.242536,0.246269,0.007143,0.027477,6.775205,1.317992,Not Drowsy,Non Drowsy/s0248.png
0.237605,0.254432,0.246019,0.0,-0.193566,6.854452,1.601448,Not Drowsy,Non Drowsy/s0251.png
0.245802,0.236908,0.241355,0.007142,0.395627,7.926082,1.357304,Not Drowsy,Non Drowsy/s0255.png
0.250003,0.251388,0.250695,0.007353,0.101916,7.389554,1.147797,Not Drowsy,Non Drowsy/s0259.png
0.232713,0.245416,0.239065,0.007143,-0.648201,7.249014,1.471856,Not Drowsy,Non Drowsy/s0263.png
0.243652,0.257812,0.250732,0.0,-0.749476,8.978811,1.082749,Not Drowsy,Non Drowsy/s0267.png
0.251528,0.25635,0.253939,0.007042,-0.465577,8.582813,1.19557,Not Drowsy,Non Drowsy/s0271.png
0.245442,0.253837,0.249639,0.013699,-1.282918,8.647413,1.326438,Not Drowsy,Non Drowsy/s0275.png
0.241938,0.242536,0.242237,0.007042,-1.430229,7.252868,1.20459,Not Drowsy,Non Drowsy/s0279.png
0.267299,0.250889,0.259094,0.0,-0.98366,8.836677,1.440133,Not Drowsy,Non Drowsy/s0285.png
0.246922,0.256487,0.251705,0.007246,-1.782847,9.752118,1.085795,Not Drowsy,Non Drowsy/s0294.png
0.230822,0.259377,0.2451,0.006944,-0.755121,8.577035,0.964731,Not Drowsy,Non Drowsy/s0298.png
0.258268,0.262299,0.260283,0.017244,-0.929885,8.812694,1.438946,Not Drowsy,Non Drowsy/s0302.png
0.241717,0.26853,0.255123,0.014706,-1.133112,10.674308,0.990879,Not Drowsy,Non Drowsy/s0306.png
0.25889,0.265522,0.262206,0.007143,-0.795088,9.317205,0.846586,Not Drowsy,Non Drowsy/s0310.png
0.25095,0.250889,0.250919,0.176039,0.141355,7.502402,0.681727,Not Drowsy,Non Drowsy/s0314.png
0.27409,0.262963,0.268527,0.007692,-0.759871,8.402052,0.07158,Not Drowsy,Non Drowsy/s0318.png
0.25515,0.275353,0.265252,0.060553,0.271092,7.171608,0.831162,Not Drowsy,Non Drowsy/s0322.png
0.253358,0.28664,0.269999,0.0,-2.129012,8.246008,1.062737,Not Drowsy,Non Drowsy/s0326.png
0.255367,0.274657,0.265012,0.015383,-0.653954,9.2445,1.19478,Not Drowsy,Non Drowsy/s0329.png
0.254262,0.26719,0.260726,0.028166,-1.44435,9.046485,1.277314,Not Drowsy,Non Drowsy/s0333.png
0.245442,0.253122,0.249282,0.021127,-0.566866,9.820644,1.016707,Not Drowsy,Non Drowsy/s0337.png
0.264332,0.265897,0.265115,0.013889,-1.342364,10.224534,1.306425,Not Drowsy,Non Drowsy/s0341.png
0.232713,0.257316,0.245015,0.006578,-1.74572,10.154749,2.09757,Not Drowsy,Non Drowsy/s0345.png
0.25515,0.271393,0.263272,0.016995,-1.390313,9.419542,2.579519,Not Drowsy,Non Drowsy/s0357.png
0.262736,0.260402,0.261569,0.014286,-1.796427,8.957428,1.64102,Not Drowsy,Non Drowsy/s0361.png
0.262736,0.27531,0.269023,0.0,-1.934036,7.208482,2.721835,Not Drowsy,Non Drowsy/s0365.png
0.268189,0.286299,0.277244,0.0,-3.505299,7.966061,2.603959,Not Drowsy,Non Drowsy/s0369.png
0.244494,0.27531,0.259902,0.0147,-3.089504,9.024133,2.732495,Not Drowsy,Non Drowsy/s0372.png
0.268859,0.271393,0.270126,0.007142,-3.391085,8.728671,2.568978,Not Drowsy,Non Drowsy/s0376.png
0.272558,0.267534,0.270046,0.006849,-2.652503,8.896586,2.302619,Not Drowsy,Non Drowsy/s0380.png
0.255758,0.276333,0.266046,0.006944,-2.190834,9.538026,2.340582,Not Drowsy,Non Drowsy/s0384.png
0.262861,0.262299,0.26258,0.006849,-2.174886,8.800901,2.272938,Not Drowsy,Non Drowsy/s0388.png
0.264332,0.263353,0.263843,0.0,-1.845866,9.352984,1.762944,Not Drowsy,Non Drowsy/s0392.png
0.256709,0.257097,0.256903,0.007246,-1.902531,9.023742,1.783764,Not Drowsy,Non Drowsy/s0396.png
0.262736,0.272367,0.267552,0.0,-1.956135,8.675174,1.891273,Not Drowsy,Non Drowsy/s0400.png
0.248161,0.265897,0.257029,0.007039,-1.811216,8.484739,1.860698,Not Drowsy,Non Drowsy/s0404.png
0.25095,0.265085,0.258018,0.006942,-1.239702,9.805896,2.146175,Not Drowsy,Non Drowsy/s0407.png
0.25515,0.245416,0.250283,0.0,-1.114088,8.296935,2.325586,Not Drowsy,Non Drowsy/s0413.png
0.252474,0.251131,0.251803,0.014284,-2.258257,9.530162,1.783542,Not Drowsy,Non Drowsy/s0417.png
0.256709,0.265897,0.261303,0.014491,-2.828912,9.253023,1.917715,Not Drowsy,Non Drowsy/s0421.png
0.246201,0.259727,0.252964,0.014284,-2.483214,9.964637,2.093999,Not Drowsy,Non Drowsy/s0425.png
0.25095,0.259727,0.255338,0.006944,-1.520647,9.074903,1.79277,Not Drowsy,Non Drowsy/s0429.png
0.258268,0.263353,0.260811,0.007246,-1.651049,8.942337,1.603089,Not Drowsy,Non Drowsy/s0433.png
0.258159,0.239471,0.248815,0.086659,1.091623,3.773996,-0.207788,Not Drowsy,Non Drowsy/s0437.png
0.256953,0.244465,0.250709,0.0,0.486615,2.497719,-1.81617,Not Drowsy,Non Drowsy/s0441.png
0.256246,0.242742,0.249494,0.0,-1.336911,3.992107,1.03392,Not Drowsy,Non Drowsy/s0444.png
0.247184,0.277761,0.262473,0.006902,-1.506862,1.742798,6.79567,Not Drowsy,Non Drowsy/s0448.png
0.249426,0.257316,0.253371,0.023067,-1.870496,6.079033,2.346526,Not Drowsy,Non Drowsy/s0452.png
0.255758,0.261794,0.258776,0.006756,-0.010045,8.213398,2.07428,Not Drowsy,Non Drowsy/s0456.png
0.249426,0.231714,0.24057,0.0,0.4944,8.013857,2.362565,Not Drowsy,Non Drowsy/s0460.png
0.238186,0.262512,0.250349,0.006944,-0.98762,8.448435,2.071971,Not Drowsy,Non Drowsy/s0464.png
0.243652,0.253909,0.24878,0.0,-0.763696,8.480129,2.659391,Not Drowsy,Non Drowsy/s0468.png
0.239189,0.253837,0.246513,0.013697,-1.150805,7.940047,2.269161,Not Drowsy,Non Drowsy/s0472.png
0.256709,0.259938,0.258323,0.013884,-0.378913,8.002241,2.344307,Not Drowsy,Non Drowsy/s0476.png
0.243652,0.251092,0.247372,0.007036,-0.805153,8.578883,2.902086,Not Drowsy,Non Drowsy/s0479.png
0.254404,0.27147,0.262937,0.006938,-1.865452,8.016317,3.323748,Not Drowsy,Non Drowsy/s0483.png
0.248729,0.248519,0.248624,0.0,-0.691196,7.734218,3.559532,Not Drowsy,Non Drowsy/s0487.png
0.254404,0.253977,0.254191,0.007036,-0.905327,7.609397,3.465242,Not Drowsy,Non Drowsy/s0491.png
0.257812,0.246264,0.252038,0.072456,1.078529,3.791459,-0.65513,Not Drowsy,Non Drowsy/s0495.png
0.248207,0.251441,0.249824,0.009812,-16.955961,-4.887286,0.119314,Not Drowsy,Non Drowsy/u0004.png
0.25351,0.299813,0.276661,0.0,-18.488392,-5.931103,1.574334,Not Drowsy,Non Drowsy/u0008.png
0.25085,0.275518,0.263184,0.0,-19.871573,-11.1019,2.006697,Not Drowsy,Non Drowsy/u0012.png
0.259334,0.30026,0.279797,0.0,-16.787577,-11.773184,1.170004,Not Drowsy,Non Drowsy/u0016.png
0.246709,0.266706,0.256708,0.007243,-18.193596,-6.312988,2.309045,Not Drowsy,Non Drowsy/u0019.png
0.246405,0.28265,0.264528,0.00714,-18.678143,-9.43826,2.875339,Not Drowsy,Non Drowsy/u0023.png
0.244488,0.268285,0.256387,0.0,-19.704861,-8.009693,2.785596,Not Drowsy,Non Drowsy/u0027.png
0.251877,0.258304,0.255091,0.0,-18.181625,-8.559206,2.673722,Not Drowsy,Non Drowsy/u0031.png
0.256246,0.276766,0.266506,0.0,-17.952495,-8.752731,2.986771,Not Drowsy,Non Drowsy/u0035.png
0.255684,0.288785,0.272234,0.0,-16.906872,-8.398067,2.644891,Not Drowsy,Non Drowsy/u0039.png
0.257812,0.261366,0.259589,0.01491,-19.326881,-7.853517,2.889562,Not Drowsy,Non Drowsy/u0044.png
0.262563,0.264942,0.263753,0.0,-17.215512,-8.144197,2.665463,Not Drowsy,Non Drowsy/u0048.png
0.25745,0.265875,0.261663,0.0,-17.342938,-7.520897,2.463215,Not Drowsy,Non Drowsy/u0052.png
0.243986,0.26622,0.255103,0.014919,-16.94087,-9.498656,3.27493,Not Drowsy,Non Drowsy/u0055.png
0.239608,0.260645,0.250126,0.010714,-25.472403,-1.304235,-1.01872,Not Drowsy,Non Drowsy/u0059.png
0.234161,0.257803,0.245982,0.014706,0.184009,0.212908,0.057264,Not Drowsy,Non Drowsy/u0063.png
0.244909,0.262453,0.253681,0.007575,-18.940784,-9.381335,3.443301,Not Drowsy,Non Drowsy/u0067.png
0.210861,0.222222,0.216542,0.015136,-24.175016,-3.334445,-4.155837,Not Drowsy,Non Drowsy/u0074.png
0.252565,0.295457,0.274011,0.0,-18.809798,-9.18522,-0.027375,Not Drowsy,Non Drowsy/u0078.png
0.225786,0.27428,0.250033,0.0,-29.104919,-5.943309,-1.783579,Not Drowsy,Non Drowsy/u0082.png
0.24281,0.274406,0.258608,0.0,-17.933591,-9.529955,0.203083,Not Drowsy,Non Drowsy/u0086.png
0.260741,0.279743,0.270242,0.027589,-15.829126,-18.09525,2.221847,Not Drowsy,Non Drowsy/u0091.png
0.223275,0.243644,0.23346,0.021125,-18.633532,26.615529,-21.007045,Not Drowsy,Non Drowsy/u0098.png
0.261712,0.277778,0.269745,0.013153,-14.584778,-12.106345,0.099438,Not Drowsy,Non Drowsy/u0102.png
0.252565,0.272109,0.262337,0.0,-16.378343,-13.592682,-0.005578,Not Drowsy,Non Drowsy/u0106.png
0.259334,0.258179,0.258757,0.016511,-16.919161,-11.789238,-1.191708,Not Drowsy,Non Drowsy/u0110.png
0.229333,0.236208,0.23277,0.006849,-16.117103,-11.133704,1.219482,Not Drowsy,Non Drowsy/u0114.png
0.243025,0.278363,0.260694,0.007042,-16.88791,-5.848788,0.10537,Not Drowsy,Non Drowsy/u0118.png
0.224277,0.230982,0.22763,0.014083,-16.492417,-6.673059,0.533524,Not Drowsy,Non Drowsy/u0122.png
0.226567,0.244383,0.235475,0.007575,-15.205761,-8.956463,1.471358,Not Drowsy,Non Drowsy/u0126.png
0.230852,0.230982,0.230917,0.007812,-16.149628,-6.661713,1.986542,Not Drowsy,Non Drowsy/u0130.png
0.270051,0.290567,0.280309,0.0,-16.291485,-5.857703,1.443732,Not Drowsy,Non Drowsy/u0133.png
0.257644,0.279163,0.268404,0.015623,-17.006521,-6.276887,1.844716,Not Drowsy,Non Drowsy/u0137.png
0.262284,0.295457,0.27887,0.0,-26.156308,0.438188,-1.621175,Not Drowsy,Non Drowsy/u0141.png
0.258159,0.276766,0.267463,0.007937,-17.913606,-7.971047,2.071935,Not Drowsy,Non Drowsy/u0145.png
0.26995,0.276544,0.273247,0.008065,32.853061,32.338801,-4.971138,Not Drowsy,Non Drowsy/u0149.png
0.232714,0.247394,0.240054,0.0,-18.17306,-8.111206,2.870984,Not Drowsy,Non Drowsy/u0153.png
0.252304,0.275165,0.263735,0.007812,-17.78396,-6.530545,2.284181,Not Drowsy,Non Drowsy/u0157.png
0.252304,0.285429,0.268867,0.011403,0.082074,-15.822189,1.424715,Not Drowsy,Non Drowsy/u0161.png
0.247902,0.263308,0.255605,0.007576,-18.289922,-4.444563,2.139969,Not Drowsy,Non Drowsy/u0165.png
0.24521,0.274937,0.260074,0.0,-17.489056,-4.619822,2.465389,Not Drowsy,Non Drowsy/u0168.png
0.256573,0.28755,0.272061,0.0,-19.610022,-4.939415,3.645749,Not Drowsy,Non Drowsy/u0172.png
0.269079,0.270695,0.269887,0.0,-17.617733,-6.276665,3.537264,Not Drowsy,Non Drowsy/u0176.png
0.257812,0.285429,0.27162,0.0,0.007448,-23.781619,-1.736002,Not Drowsy,Non Drowsy/u0180.png
0.249922,0.302809,0.276365,0.008192,-19.892659,-3.397794,2.928788,Not Drowsy,Non Drowsy/u0184.png
0.251528,0.280838,0.266183,0.0,-18.586331,-4.846087,3.669293,Not Drowsy,Non Drowsy/u0188.png
0.258758,0.276766,0.267762,0.016393,-18.467797,-4.770764,2.614852,Not Drowsy,Non Drowsy/u0192.png
0.256573,0.299813,0.278193,0.02281,-19.033121,-4.167161,3.370125,Not Drowsy,Non Drowsy/u0196.png
0.258824,0.283279,0.271051,0.007936,-25.125838,-0.719826,-0.090067,Not Drowsy,Non Drowsy/u0200.png
0.258159,0.281221,0.26969,0.0,-15.995594,-5.744384,1.347675,Not Drowsy,Non Drowsy/u0203.png
0.274444,0.275165,0.274804,0.007463,-17.344858,-6.140521,1.892378,Not Drowsy,Non Drowsy/u0207.png
0.257644,0.291254,0.274449,0.007463,-18.362811,-4.468353,1.427194,Not Drowsy,Non Drowsy/u0211.png
0.245029,0.294071,0.26955,0.0,-17.543885,-7.264631,2.498341,Not Drowsy,Non Drowsy/u0215.png
0.269368,0.299942,0.284655,0.007575,-17.209842,-7.033162,2.692639,Not Drowsy,Non Drowsy/u0219.png
0.25198,0.297635,0.274807,0.007575,-17.59646,-6.27905,2.264886,Not Drowsy,Non Drowsy/u0223.png
0.262563,0.289138,0.275851,0.014286,-17.059374,-4.679032,1.764596,Not Drowsy,Non Drowsy/u0227.png
0.263274,0.285429,0.274352,0.0,-19.435657,-6.399287,2.455326,Not Drowsy,Non Drowsy/u0231.png
0.246417,0.271046,0.258732,0.018861,-19.049821,-4.565812,2.232109,Not Drowsy,Non Drowsy/u0235.png
0.252304,0.285429,0.268867,0.0,-18.850957,-6.288796,2.828478,Not Drowsy,Non Drowsy/u0238.png
0.142295,0.179066,0.160681,0.0,-19.407051,-8.823293,3.443736,Not Drowsy,Non Drowsy/u0242.png
0.230224,0.244139,0.237182,0.007576,-16.996217,-6.165947,1.706524,Not Drowsy,Non Drowsy/u0246.png
0.246891,0.244383,0.245637,0.014704,-13.602133,-4.309882,-0.241016,Not Drowsy,Non Drowsy/u0250.png
0.256548,0.260303,0.258425,0.007572,-14.168348,-4.954454,0.025705,Not Drowsy,Non Drowsy/u0254.png
0.2454,0.261488,0.253444,0.0,-12.287063,-3.059019,-0.191084,Not Drowsy,Non Drowsy/u0258.png
0.259143,0.279518,0.269331,0.00735,-13.68754,-3.42787,0.409739,Not Drowsy,Non Drowsy/u0262.png
0.242873,0.272932,0.257903,0.0,-17.320779,-5.19764,0.594465,Not Drowsy,Non Drowsy/u0266.png
0.248391,0.251538,0.249965,0.007575,-23.646267,1.526621,-2.54622,Not Drowsy,Non Drowsy/u0270.png
0.240978,0.279252,0.260115,0.007936,-16.970061,-4.071238,1.009949,Not Drowsy,Non Drowsy/u0273.png
0.25635,0.279163,0.267757,0.015145,-16.459342,-4.03381,0.833264,Not Drowsy,Non Drowsy/u0277.png
0.242536,0.268749,0.255642,0.007937,-17.474084,-4.438955,0.7966,Not Drowsy,Non Drowsy/u0281.png
0.258369,0.267409,0.262889,0.0,-17.1791,-5.583192,1.168814,Not Drowsy,Non Drowsy/u0285.png
0.219451,0.268749,0.2441,0.01515,-16.960277,-5.88816,1.177154,Not Drowsy,Non Drowsy/u0289.png
0.240978,0.237023,0.239001,0.007809,-17.164496,-3.174326,0.433334,Not Drowsy,Non Drowsy/u0293.png
0.242873,0.256098,0.249486,0.015623,-16.440763,-3.204156,0.955926,Not Drowsy,Non Drowsy/u0297.png
0.254033,0.272932,0.263483,0.0,-17.608117,-4.991843,1.106419,Not Drowsy,Non Drowsy/u0301.png
0.248317,0.277394,0.262856,0.007933,-22.438986,3.193216,-2.324181,Not Drowsy,Non Drowsy/u0305.png
0.248437,0.266335,0.257386,0.008196,-16.8085,-4.875838,1.825338,Not Drowsy,Non Drowsy/u0308.png
0.258159,0.289138,0.273649,0.0,-18.264949,-4.63622,1.466783,Not Drowsy,Non Drowsy/u0312.png
0.253837,0.281221,0.267529,0.007575,-17.27836,-3.920944,1.389643,Not Drowsy,Non Drowsy/u0316.png
0.248519,0.260964,0.254741,0.007809,-16.841319,-4.186498,0.583636,Not Drowsy,Non Drowsy/u0320.png
0.231714,0.275522,0.253618,0.023426,-17.198417,-4.813548,0.117595,Not Drowsy,Non Drowsy/u0324.png
0.191772,0.201948,0.19686,0.015377,-15.956583,-5.919403,-0.158189,Not Drowsy,Non Drowsy/u0328.png
0.254033,0.269689,0.261861,0.007689,-21.870015,4.684347,-2.743568,Not Drowsy,Non Drowsy/u0332.png
0.263274,0.289483,0.276379,0.015623,-23.240921,2.629104,-1.174335,Not Drowsy,Non Drowsy/u0336.png
0.270805,0.294834,0.282819,0.007812,-18.458441,-2.963312,1.989889,Not Drowsy,Non Drowsy/u0340.png
0.269731,0.289483,0.279607,0.016391,-18.966166,-3.043538,1.663007,Not Drowsy,Non Drowsy/u0343.png
0.217497,0.261116,0.239306,0.024194,-18.84254,-3.50552,1.760777,Not Drowsy,Non Drowsy/u0347.png
0.21227,0.263308,0.237789,0.007462,-16.699962,-5.123208,1.851082,Not Drowsy,Non Drowsy/u0351.png
0.242373,0.263308,0.252841,0.0,0.173876,-15.948554,4.439382,Not Drowsy,Non Drowsy/u0355.png
0.248659,0.254144,0.251401,0.015871,-17.13206,-5.294202,1.36883,Not Drowsy,Non Drowsy/u0359.png
0.251757,0.251441,0.251599,0.016765,-15.589466,-10.396739,1.512867,Not Drowsy,Non Drowsy/u0363.png
0.250886,0.25713,0.254008,0.012986,-14.623382,-15.839402,0.687126,Not Drowsy,Non Drowsy/u0368.png
0.218476,0.242856,0.230666,0.013157,-13.638591,-18.169325,0.975313,Not Drowsy,Non Drowsy/u0372.png
0.229242,0.251151,0.240197,0.006325,-12.899246,-16.793733,0.115523,Not Drowsy,Non Drowsy/u0376.png
0.245271,0.270363,0.257817,0.012337,-11.612016,-12.406512,-0.788492,Not Drowsy,Non Drowsy/u0379.png
0.236846,0.256965,0.246906,0.005949,-12.895723,-15.269155,-0.514008,Not Drowsy,Non Drowsy/u0383.png
0.239567,0.257055,0.248311,0.009303,-13.709901,-16.158394,0.577774,Not Drowsy,Non Drowsy/u0387.png
0.247011,0.256965,0.251988,0.01828,-13.035089,-13.698697,-0.63311,Not Drowsy,Non Drowsy/u0391.png
0.250812,0.265672,0.258242,0.006577,-12.969998,-13.804568,0.151989,Not Drowsy,Non Drowsy/u0395.png
0.256146,0.284138,0.270142,0.015474,-14.853522,-14.882644,0.726424,Not Drowsy,Non Drowsy/u0399.png
0.204947,0.222455,0.213701,0.0,-12.916217,-14.56919,0.686931,Not Drowsy,Non Drowsy/u0403.png
0.248391,0.272549,0.26047,0.014681,-13.380265,-7.339327,-2.356003,Not Drowsy,Non Drowsy/u0407.png
0.230861,0.235922,0.233392,0.0,-8.796759,1.951476,-7.011606,Not Drowsy,Non Drowsy/u0411.png
0.18612,0.206127,0.196123,0.0,-12.093242,1.509003,-6.024335,Not Drowsy,Non Drowsy/u0417.png
0.251612,0.270189,0.260901,0.008014,-11.439243,3.087473,-5.494589,Not Drowsy,Non Drowsy/u0421.png
0.251016,0.30889,0.279953,0.008055,-19.119372,-1.51443,-0.485518,Not Drowsy,Non Drowsy/u0425.png
0.250665,0.282843,0.266754,0.0,-16.920826,-1.238997,-0.132424,Not Drowsy,Non Drowsy/u0429.png
0.254033,0.278733,0.266383,0.018852,-15.131001,-2.674735,-0.477049,Not Drowsy,Non Drowsy/u0433.png
0.262299,0.291254,0.276776,0.008187,-24.311343,2.391181,-3.436305,Not Drowsy,Non Drowsy/u0437.png
0.2371,0.253428,0.245264,0.007804,-22.256392,4.442282,-3.852097,Not Drowsy,Non Drowsy/u0441.png
0.220654,0.231235,0.225945,0.0,-15.463185,-2.478014,-1.022304,Not Drowsy,Non Drowsy/u0445.png
0.26913,0.270097,0.269613,0.01491,-14.293892,-1.802273,-1.441178,Not Drowsy,Non Drowsy/u0449.png
0.242873,0.244383,0.243628,0.0,-22.449955,3.76268,-3.524529,Not Drowsy,Non Drowsy/u0452.png
0.252826,0.288785,0.270805,0.016385,0.138113,-15.836969,6.293821,Not Drowsy,Non Drowsy/u0456.png
0.254216,0.276942,0.265579,0.008192,0.111186,-15.749709,-3.07199,Not Drowsy,Non Drowsy/u0460.png
0.248659,0.262987,0.255823,0.0,-15.190018,-1.989578,-0.230633,Not Drowsy,Non Drowsy/u0464.png
0.242581,0.283251,0.262916,0.0,-27.778151,-0.36445,-2.019144,Not Drowsy,Non Drowsy/u0468.png
0.254216,0.285429,0.269823,0.008473,0.244126,-15.642082,5.73456,Not Drowsy,Non Drowsy/u0473.png
0.254216,0.267528,0.260872,0.008192,-13.653421,61.281133,31.253238,Not Drowsy,Non Drowsy/u0477.png
0.254579,0.298424,0.276501,0.015377,-14.341711,-0.473802,0.056807,Not Drowsy,Non Drowsy/u0481.png
0.220654,0.24474,0.232697,0.007933,-22.869449,1.950933,-2.205213,Not Drowsy,Non Drowsy/u0485.png
0.235441,0.251538,0.24349,0.015865,-24.024397,1.964377,-2.698735,Not Drowsy,Non Drowsy/u0488.png
0.223821,0.242206,0.233014,0.0,-15.087157,-2.40647,0.634621,Not Drowsy,Non Drowsy/u0492.png
0.263907,0.288476,0.276192,0.007572,-14.75766,-1.323599,0.201895,Not Drowsy,Non Drowsy/u0496.png
0.246596,0.237653,0.242125,0.007812,-24.164805,3.912616,-2.307707,Not Drowsy,Non Drowsy/u0501.png
0.245199,0.289138,0.267168,0.007936,-25.159517,1.737064,-1.915118,Not Drowsy,Non Drowsy/u0505.png
0.259377,0.271046,0.265212,0.016121,-23.953535,3.034335,-2.253188,Not Drowsy,Non Drowsy/u0509.png
0.246596,0.276942,0.261769,0.011592,0.107847,-15.954108,6.512057,Not Drowsy,Non Drowsy/u0513.png
0.248519,0.267528,0.258023,0.015873,-24.351335,3.39985,-1.859078,Not Drowsy,Non Drowsy/u0518.png
0.198989,0.212091,0.20554,0.007689,-8.888589,-3.067572,0.288153,Not Drowsy,Non Drowsy/u0522.png
0.269894,0.284574,0.277234,0.025972,-8.445713,-29.486217,3.819956,Not Drowsy,Non Drowsy/v0004.png
0.246796,0.258596,0.252696,0.029031,-11.59544,-22.835482,3.807831,Not Drowsy,Non Drowsy/v0008.png
0.252669,0.256663,0.254666,0.020263,-5.36113,-26.410232,3.08967,Not Drowsy,Non Drowsy/v0015.png
0.201493,0.217225,0.209359,0.022168,-10.499516,-29.255387,3.497899,Not Drowsy,Non Drowsy/v0019.png
0.268968,0.277185,0.273077,0.021337,-10.019133,-22.831915,1.805031,Not Drowsy,Non Drowsy/v0023.png
0.245452,0.27073,0.258091,0.024229,-8.974455,-22.578572,2.449883,Not Drowsy,Non Drowsy/v0027.png
0.23009,0.264105,0.247097,0.03333,-9.841617,-18.382344,1.826702,Not Drowsy,Non Drowsy/v0031.png
0.248452,0.28967,0.269061,0.022759,-9.022711,-17.875582,1.017051,Not Drowsy,Non Drowsy/v0035.png
0.267853,0.284655,0.276254,0.030232,-9.602252,-19.056296,2.24138,Not Drowsy,Non Drowsy/v0039.png
0.233655,0.270549,0.252102,0.021127,-8.904468,-19.286335,1.614167,Not Drowsy,Non Drowsy/v0042.png
0.252565,0.27073,0.261647,0.02246,-8.952737,-15.874591,1.732251,Not Drowsy,Non Drowsy/v0046.png
0.256706,0.264942,0.260824,0.020548,-8.726607,-20.22425,2.024502,Not Drowsy,Non Drowsy/v0050.png
0.262985,0.284655,0.27382,0.026222,-9.423726,-17.759123,1.699762,Not Drowsy,Non Drowsy/v0054.png
0.215604,0.222316,0.21896,0.023383,-9.921731,-19.179905,1.840451,Not Drowsy,Non Drowsy/v0058.png
0.258369,0.284655,0.271512,0.02027,-9.305299,-16.963287,1.37452,Not Drowsy,Non Drowsy/v0062.png
0.242936,0.265672,0.254304,0.022761,-9.116005,-13.796546,0.881291,Not Drowsy,Non Drowsy/v0066.png
0.235891,0.270097,0.252994,0.012986,-8.092453,-14.508378,0.566246,Not Drowsy,Non Drowsy/v0070.png
0.239215,0.284655,0.261935,0.021127,-8.667604,-18.248725,1.046503,Not Drowsy,Non Drowsy/v0074.png
0.250594,0.271519,0.261056,0.021127,-9.369538,-16.60918,1.339118,Not Drowsy,Non Drowsy/v0077.png
0.23009,0.278959,0.254524,0.015883,-8.446282,-15.195703,0.875809,Not Drowsy,Non Drowsy/v0081.png
0.268902,0.277475,0.273188,0.009304,-8.286603,-13.469803,1.232618,Not Drowsy,Non Drowsy/v0085.png
0.220863,0.259328,0.240096,0.02982,-10.862646,-16.725974,2.775959,Not Drowsy,Non Drowsy/v0089.png
0.233655,0.244651,0.239153,0.006491,-6.176512,-13.912373,1.927049,Not Drowsy,Non Drowsy/v0093.png
0.256799,0.271222,0.264011,0.022454,-11.195613,-14.237127,2.160092,Not Drowsy,Non Drowsy/v0097.png
0.252448,0.270363,0.261405,0.026664,-9.166122,-15.782588,0.418105,Not Drowsy,Non Drowsy/v0101.png
0.245293,0.257259,0.251276,0.021886,-4.276541,-14.078053,0.337164,Not Drowsy,Non Drowsy/v0105.png
0.239283,0.257055,0.248169,0.021429,-8.74585,-16.386012,1.004451,Not Drowsy,Non Drowsy/v0109.png
0.23009,0.257351,0.24372,0.041092,-8.783048,-15.351492,0.29841,Not Drowsy,Non Drowsy/v0112.png
0.256869,0.264379,0.260624,0.025865,-7.745092,-14.65027,0.696475,Not Drowsy,Non Drowsy/v0116.png
0.26853,0.245029,0.256779,0.022444,3.001751,-18.453985,-2.038362,Not Drowsy,Non Drowsy/v0120.png
0.261324,0.258159,0.259742,0.02214,5.789197,-27.559763,-4.304929,Not Drowsy,Non Drowsy/v0124.png
0.254117,0.234795,0.244456,0.021979,8.291752,-30.058207,-5.516105,Not Drowsy,Non Drowsy/v0128.png
0.262736,0.23989,0.251313,0.006242,5.382855,-25.438826,-4.265674,Not Drowsy,Non Drowsy/v0132.png
0.250299,0.246709,0.248504,0.021566,7.880236,-25.676978,-5.09511,Not Drowsy,Non Drowsy/v0136.png
0.259365,0.276204,0.267785,0.01526,7.178248,-26.01534,-4.570188,Not Drowsy,Non Drowsy/v0140.png
0.26316,0.262081,0.26262,0.026259,7.324506,-25.977312,-5.018117,Not Drowsy,Non Drowsy/v0144.png
0.245038,0.239471,0.242255,0.021857,6.800421,-25.890224,-4.501047,Not Drowsy,Non Drowsy/v0147.png
0.25657,0.266998,0.261784,0.015078,6.928921,-26.690175,-5.276387,Not Drowsy,Non Drowsy/v0151.png
0.244171,0.250449,0.24731,0.01526,8.209466,-26.188498,-5.188547,Not Drowsy,Non Drowsy/v0155.png
0.242956,0.244406,0.243681,0.019206,8.177835,-26.950256,-5.440009,Not Drowsy,Non Drowsy/v0159.png
0.275927,0.255538,0.265732,0.019956,7.833307,-24.854042,-5.546499,Not Drowsy,Non Drowsy/v0163.png
0.254693,0.25572,0.255206,0.029758,7.692037,-25.030765,-5.454501,Not Drowsy,Non Drowsy/v0167.png
0.270092,0.250496,0.260294,0.027333,8.162658,-25.787341,-5.714465,Not Drowsy,Non Drowsy/v0171.png
0.27664,0.255451,0.266045,0.030528,9.300479,-24.161561,-6.011318,Not Drowsy,Non Drowsy/v0175.png
0.250234,0.244699,0.247467,0.029782,9.186327,-23.17196,-5.585431,Not Drowsy,Non Drowsy/v0179.png
0.26221,0.244699,0.253454,0.032244,9.588726,-21.632107,-5.143488,Not Drowsy,Non Drowsy/v0182.png
0.25213,0.255954,0.254042,0.019956,8.513591,-20.63488,-5.357555,Not Drowsy,Non Drowsy/v0186.png
0.257481,0.256591,0.257036,0.017201,8.630491,-17.929691,-4.308683,Not Drowsy,Non Drowsy/v0190.png
0.266076,0.23487,0.250473,0.009935,9.34897,-17.807898,-4.712749,Not Drowsy,Non Drowsy/v0194.png
0.232392,0.246405,0.239399,0.027094,-0.093269,-15.91191,-1.713073,Not Drowsy,Non Drowsy/v0198.png
0.258234,0.250458,0.254346,0.02419,11.737025,-12.265106,-2.177361,Not Drowsy,Non Drowsy/v0202.png
0.256344,0.270805,0.263575,0.008196,12.284783,-12.457253,-1.773312,Not Drowsy,Non Drowsy/v0206.png
0.225751,0.227379,0.226565,0.012811,5.783698,-18.852857,-2.405285,Not Drowsy,Non Drowsy/v0210.png
0.250004,0.256246,0.253125,0.009678,9.270648,-17.436347,-3.706102,Not Drowsy,Non Drowsy/v0214.png
0.257835,0.275481,0.266658,0.027589,-8.750465,-11.774667,0.925733,Not Drowsy,Non Drowsy/v0218.png
0.26443,0.268766,0.266598,0.018071,-8.174468,-11.467075,-0.419585,Not Drowsy,Non Drowsy/v0221.png
0.198423,0.211507,0.204965,0.006329,-8.761915,-16.356375,0.930675,Not Drowsy,Non Drowsy/v0225.png
0.275081,0.302211,0.288646,0.02217,-7.282052,-13.880737,0.534114,Not Drowsy,Non Drowsy/v0229.png
0.254099,0.295308,0.274703,0.020268,-8.51877,-15.534355,0.587946,Not Drowsy,Non Drowsy/v0233.png
0.252565,0.283121,0.267843,0.034445,-8.029479,-14.827112,0.300776,Not Drowsy,Non Drowsy/v0237.png
0.275081,0.292039,0.28356,0.027397,-8.229026,-15.16985,0.835957,Not Drowsy,Non Drowsy/v0241.png
0.258369,0.264392,0.26138,0.025187,-9.457567,-15.434145,0.051573,Not Drowsy,Non Drowsy/v0245.png
0.258905,0.257803,0.258354,0.021127,-9.505294,-16.855596,0.888069,Not Drowsy,Non Drowsy/v0249.png
0.281478,0.290567,0.286022,0.042857,0.07008,-16.077792,-2.338844,Not Drowsy,Non Drowsy/v0253.png
0.251063,0.263814,0.257438,0.014284,-9.117071,-15.272435,-0.159431,Not Drowsy,Non Drowsy/v0256.png
0.246891,0.245046,0.245969,0.0,-7.220038,-13.346727,-0.164861,Not Drowsy,Non Drowsy/v0260.png
0.260008,0.263814,0.261911,0.024385,-9.647377,-11.800369,-0.429129,Not Drowsy,Non Drowsy/v0264.png
0.256869,0.257604,0.257237,0.020548,-8.867186,-12.804711,-0.176392,Not Drowsy,Non Drowsy/v0268.png
0.253759,0.270965,0.262362,0.019735,-7.764097,-9.288692,-0.145878,Not Drowsy,Non Drowsy/v0272.png
0.252565,0.26546,0.259012,0.026316,-7.626829,-11.71725,0.442149,Not Drowsy,Non Drowsy/v0276.png
0.223877,0.251038,0.237457,0.012819,-9.458959,-13.995222,0.485857,Not Drowsy,Non Drowsy/v0280.png
0.259334,0.284945,0.27214,0.041507,0.103223,-16.017016,-0.620639,Not Drowsy,Non Drowsy/v0284.png
0.258369,0.272182,0.265275,0.006757,-9.025209,-9.905614,-0.235775,Not Drowsy,Non Drowsy/v0288.png
0.241584,0.276134,0.258859,0.02626,-9.348192,-9.456305,-0.297423,Not Drowsy,Non Drowsy/v0291.png
0.245293,0.244859,0.245076,0.006757,-8.905654,-11.364491,-0.369323,Not Drowsy,Non Drowsy/v0295.png
0.2525,0.257689,0.255094,0.024741,0.222634,-15.790964,18.202147,Not Drowsy,Non Drowsy/v0299.png
0.2525,0.257689,0.255094,0.008332,-7.853999,-6.940376,-0.789389,Not Drowsy,Non Drowsy/v0303.png
0.230031,0.219385,0.224708,0.006849,-12.260263,-3.479178,-2.457378,Not Drowsy,Non Drowsy/v0307.png
0.235833,0.272351,0.254092,0.022761,-7.977576,-8.664021,0.281533,Not Drowsy,Non Drowsy/v0311.png
0.243051,0.246244,0.244648,0.018856,-8.375869,-8.732682,-0.36942,Not Drowsy,Non Drowsy/v0315.png
0.2525,0.244229,0.248364,0.01817,0.202111,-16.170203,-4.853854,Not Drowsy,Non Drowsy/v0319.png
0.250472,0.256706,0.253589,0.019447,0.026814,-16.14104,-5.599753,Not Drowsy,Non Drowsy/v0323.png
0.257835,0.250729,0.254282,0.0,-12.944028,-6.009043,-3.59153,Not Drowsy,Non Drowsy/v0326.png
0.244502,0.258179,0.25134,0.031984,-15.207245,-4.384844,-1.98098,Not Drowsy,Non Drowsy/v0330.png
0.248391,0.2443,0.246345,0.017734,-12.722222,-5.244819,-2.895445,Not Drowsy,Non Drowsy/v0334.png
0.245392,0.277821,0.261607,0.021069,-8.535929,-9.466658,-0.270169,Not Drowsy,Non Drowsy/v0338.png
0.246891,0.26369,0.255291,0.008836,-8.363676,-8.877674,-0.353313,Not Drowsy,Non Drowsy/v0342.png
0.237303,0.25302,0.245162,0.006329,-8.757783,-10.262888,0.717424,Not Drowsy,Non Drowsy/v0346.png
0.263177,0.291977,0.277577,0.020517,-13.35795,-16.985823,3.730114,Not Drowsy,Non Drowsy/v0350.png
0.258369,0.293964,0.276166,0.026584,-11.135698,-14.93695,1.993938,Not Drowsy,Non Drowsy/v0354.png
0.239719,0.270549,0.255134,0.023067,-11.898804,-13.812156,1.477253,Not Drowsy,Non Drowsy/v0358.png
0.244766,0.28596,0.265363,0.03399,-11.549059,-14.206136,1.752804,Not Drowsy,Non Drowsy/v0361.png
0.262739,0.29356,0.278149,0.024006,-10.420106,-20.521759,5.272441,Not Drowsy,Non Drowsy/v0365.png
0.248452,0.263608,0.25603,0.013157,-7.579946,-13.345652,0.316643,Not Drowsy,Non Drowsy/v0369.png
0.248484,0.276134,0.262309,0.049296,-7.818851,-12.489696,-0.132496,Not Drowsy,Non Drowsy/v0373.png
0.244766,0.257604,0.251185,0.006491,-8.080014,-12.497236,1.370501,Not Drowsy,Non Drowsy/v0377.png
0.251031,0.282843,0.266937,0.013157,-9.022574,-15.046937,1.220477,Not Drowsy,Non Drowsy/v0381.png
0.251031,0.284655,0.267843,0.006667,-9.371149,-13.553704,1.058289,Not Drowsy,Non Drowsy/v0385.png
0.218971,0.237242,0.228107,0.022761,-9.388043,-15.070731,1.137115,Not Drowsy,Non Drowsy/v0389.png
0.245227,0.264379,0.254803,0.024041,-9.292311,-12.835352,1.477237,Not Drowsy,Non Drowsy/v0393.png
0.233075,0.253247,0.243161,0.023385,-8.662668,-11.087657,1.086896,Not Drowsy,Non Drowsy/v0396.png
0.233718,0.277473,0.255595,0.006757,-8.508396,-12.307344,0.623192,Not Drowsy,Non Drowsy/v0400.png
0.256799,0.263814,0.260307,0.0,-8.392193,-11.910515,0.739583,Not Drowsy,Non Drowsy/v0404.png
0.258369,0.277473,0.267921,0.009686,-9.474993,-11.354356,0.980323,Not Drowsy,Non Drowsy/v0408.png
0.257841,0.284945,0.271393,0.009686,-8.925158,-9.740877,0.678954,Not Drowsy,Non Drowsy/v0412.png
0.250966,0.270452,0.260709,0.013158,-8.849727,-9.923905,0.793486,Not Drowsy,Non Drowsy/v0416.png
0.239719,0.259503,0.249611,0.0,-8.2539,-10.382294,0.361899,Not Drowsy,Non Drowsy/v0420.png
0.248733,0.257604,0.253169,0.007042,-5.644223,-11.419641,0.517194,Not Drowsy,Non Drowsy/v0424.png
0.236038,0.256651,0.246344,0.0,-7.493833,-10.511703,-0.320178,Not Drowsy,Non Drowsy/v0428.png
0.250966,0.284945,0.267956,0.0,-6.928651,-10.385123,0.695942,Not Drowsy,Non Drowsy/v0431.png
0.246952,0.253099,0.250026,0.006329,-7.718823,-10.819706,0.102123,Not Drowsy,Non Drowsy/v0435.png
0.235377,0.290667,0.263022,0.018855,-8.778472,-11.220291,0.349154,Not Drowsy,Non Drowsy/v0439.png
0.237538,0.277821,0.257679,0.006408,-8.976559,-9.509374,-0.229393,Not Drowsy,Non Drowsy/v0443.png
0.230031,0.264484,0.247257,0.019998,-8.160761,-8.60294,0.264,Not Drowsy,Non Drowsy/v0447.png
0.256799,0.259589,0.258194,0.013333,-7.643089,-10.200107,0.577755,Not Drowsy,Non Drowsy/v0451.png
0.24119,0.283214,0.262202,0.019998,-8.322083,-9.281244,0.205741,Not Drowsy,Non Drowsy/v0455.png
0.239283,0.253335,0.246309,0.016534,-7.735371,-8.286095,0.159572,Not Drowsy,Non Drowsy/v0459.png
0.251063,0.266328,0.258695,0.006944,-8.558593,-9.001453,0.332523,Not Drowsy,Non Drowsy/v0463.png
0.235377,0.24474,0.240059,0.014085,-8.663211,-8.992262,0.241197,Not Drowsy,Non Drowsy/v0466.png
0.233655,0.251247,0.242451,0.013333,-8.192085,-8.754566,0.484864,Not Drowsy,Non Drowsy/v0470.png
0.257444,0.257958,0.257701,0.0,-2.395452,0.322152,-8.724294,Not Drowsy,Non Drowsy/v0474.png
0.245452,0.257604,0.251528,0.012986,-9.538461,-10.516163,0.348564,Not Drowsy,Non Drowsy/v0478.png
0.256869,0.290667,0.273768,0.0,-8.926105,-9.031157,-0.318603,Not Drowsy,Non Drowsy/v0482.png
0.258989,0.273521,0.266255,0.007042,-8.832628,-8.502866,-0.387927,Not Drowsy,Non Drowsy/v0486.png
0.233718,0.283121,0.25842,0.020831,-8.240976,-7.553976,-0.815057,Not Drowsy,Non Drowsy/v0490.png
0.250966,0.257351,0.254159,0.016089,-8.194812,-8.611169,-0.554926,Not Drowsy,Non Drowsy/v0494.png
0.254033,0.276134,0.265084,0.0,-7.926812,-9.52924,-0.092172,Not Drowsy,Non Drowsy/v0498.png
0.239283,0.273521,0.256402,0.023067,-8.482826,-9.310152,-0.430038,Not Drowsy,Non Drowsy/v0501.png
0.24134,0.265295,0.253317,0.0,-7.888728,-8.431276,-0.379186,Not Drowsy,Non Drowsy/v0505.png
0.242936,0.26369,0.253313,0.019474,-8.081679,-7.207956,-0.758631,Not Drowsy,Non Drowsy/v0509.png
0.235441,0.253335,0.244388,0.013697,-8.018826,-8.023232,-0.08518,Not Drowsy,Non Drowsy/v0513.png
0.256869,0.259503,0.258186,0.006849,-7.450718,-7.035134,-0.360891,Not Drowsy,Non Drowsy/v0517.png
0.223877,0.26447,0.244174,0.0,-8.460385,-9.24275,-0.240457,Not Drowsy,Non Drowsy/v0521.png
0.237538,0.251247,0.244392,0.006493,-7.960547,-6.803617,-0.42091,Not Drowsy,Non Drowsy/v0525.png
0.260008,0.284945,0.272476,0.006849,-7.657881,-7.009227,-0.234275,Not Drowsy,Non Drowsy/v0529.png
0.268835,0.283541,0.276188,0.006667,-4.801965,-5.383643,-0.649499,Not Drowsy,Non Drowsy/v0533.png
0.277612,0.27339,0.275501,0.013323,3.919999,-17.344956,-2.281292,Not Drowsy,Non Drowsy/v0536.png
0.284368,0.250772,0.26757,0.012642,4.225835,-15.361893,-3.031945,Not Drowsy,Non Drowsy/v0540.png
0.277043,0.244699,0.260871,0.017826,5.782506,-19.300837,-4.319027,Not Drowsy,Non Drowsy/v0544.png
0.288696,0.278876,0.283786,0.122999,6.209493,-20.812004,-4.216436,Not Drowsy,Non Drowsy/v0548.png
0.269764,0.263817,0.266791,0.101204,5.726638,-21.149319,-3.294971,Not Drowsy,Non Drowsy/v0552.png
0.278726,0.268163,0.273444,0.105974,5.892953,-19.415069,-3.666347,Not Drowsy,Non Drowsy/v0556.png
0.279196,0.256591,0.267894,0.076205,5.253318,-19.264236,-4.141957,Not Drowsy,Non Drowsy/v0560.png
0.283947,0.272567,0.278257,0.111252,-0.252935,-15.780575,-14.528742,Not Drowsy,Non Drowsy/v0564.png
0.271403,0.245392,0.258397,0.124808,-59.389142,88.78887,79.10402,Not Drowsy,Non Drowsy/v0568.png
0.246903,0.24521,0.246057,0.088908,5.60606,-18.790435,-4.047048,Not Drowsy,Non Drowsy/v0571.png
0.274383,0.274797,0.27459,0.107066,-0.09626,-15.869498,-5.995712,Not Drowsy,Non Drowsy/v0575.png
0.278121,0.249935,0.264028,0.11094,8.183114,-3.490225,-2.36407,Not Drowsy,Non Drowsy/v0579.png
0.271403,0.266865,0.269134,0.078838,5.10545,-19.018462,-3.632208,Not Drowsy,Non Drowsy/v0583.png
0.251144,0.278876,0.26501,0.046563,6.753505,-20.092356,-4.778022,Not Drowsy,Non Drowsy/v0587.png
0.287854,0.26608,0.276967,0.006242,4.472493,-11.742371,-2.662654,Not Drowsy,Non Drowsy/v0591.png
0.25351,0.261219,0.257364,0.005949,4.835045,-13.227484,-2.710933,Not Drowsy,Non Drowsy/v0595.png
0.277475,0.261744,0.269609,0.0,5.85445,-12.066835,-2.916945,Not Drowsy,Non Drowsy/v0599.png
0.258598,0.261744,0.260171,0.006661,5.483589,-11.982368,-2.785137,Not Drowsy,Non Drowsy/v0603.png
0.242193,0.244488,0.243341,0.019191,5.939005,-13.594271,-3.684,Not Drowsy,Non Drowsy/v0606.png
0.25351,0.255684,0.254597,0.0,5.535684,-11.784404,-2.983637,Not Drowsy,Non Drowsy/v0610.png
0.242536,0.249935,0.246235,0.009171,4.817778,-11.778211,-2.93025,Not Drowsy,Non Drowsy/v0614.png
0.258369,0.244488,0.251429,0.0,5.122554,-10.315189,-2.728656,Not Drowsy,Non Drowsy/v0618.png
0.254216,0.250449,0.252333,0.006657,3.943296,-10.398553,-2.595695,Not Drowsy,Non Drowsy/v0622.png
0.258598,0.25,0.254299,0.006574,5.458834,-9.518596,-2.788372,Not Drowsy,Non Drowsy/v0626.png
0.240774,0.250449,0.245612,0.009054,5.864086,-9.836692,-2.720924,Not Drowsy,Non Drowsy/v0630.png
0.236168,0.249935,0.243052,0.01314,4.696383,-11.548273,-3.212506,Not Drowsy,Non Drowsy/v0634.png
0.246267,0.229557,0.237912,0.006751,5.660312,-9.978931,-2.829919,Not Drowsy,Non Drowsy/v0638.png
0.242417,0.238082,0.24025,0.014062,4.906838,-10.137438,-2.927109,Not Drowsy,Non Drowsy/v0641.png
0.246267,0.239163,0.242715,0.006747,5.183096,-10.374309,-3.076357,Not Drowsy,Non Drowsy/v0645.png
0.261295,0.251465,0.25638,0.013494,5.362758,-10.04452,-3.049196,Not Drowsy,Non Drowsy/v0649.png
0.242536,0.250449,0.246493,0.006657,5.333019,-9.701941,-2.864598,Not Drowsy,Non Drowsy/v0653.png
0.254633,0.250449,0.252541,0.006751,6.018769,-10.618395,-2.761958,Not Drowsy,Non Drowsy/v0657.png
0.252783,0.250496,0.251639,0.014072,5.662607,-9.958874,-2.92764,Not Drowsy,Non Drowsy/v0661.png
0.268151,0.239608,0.253879,0.012804,5.66362,-10.778216,-3.139946,Not Drowsy,Non Drowsy/v0665.png
0.251168,0.24119,0.246179,0.006666,5.126752,-12.155044,-1.609297,Not Drowsy,Non Drowsy/v0669.png
0.247557,0.245392,0.246475,0.012491,6.750033,-18.885249,-3.004295,Not Drowsy,Non Drowsy/v0673.png
0.245759,0.245392,0.245575,0.012491,6.230576,-17.769213,-2.557256,Not Drowsy,Non Drowsy/v0676.png
0.265522,0.246891,0.256207,0.006327,5.518203,-16.530945,-2.002822,Not Drowsy,Non Drowsy/v0680.png
0.256953,0.250966,0.25396,0.006577,5.606552,-14.716305,-1.892108,Not Drowsy,Non Drowsy/v0684.png
0.258824,0.245029,0.251926,0.0262,6.545586,-16.226998,-2.8893,Not Drowsy,Non Drowsy/v0692.png
0.251843,0.251465,0.251654,0.006402,5.765213,-16.923485,-3.751482,Not Drowsy,Non Drowsy/v0696.png
0.259377,0.23989,0.249634,0.006321,5.940552,-13.482714,-2.781788,Not Drowsy,Non Drowsy/v0700.png
0.265522,0.24521,0.255366,0.006246,5.835652,-15.218424,-2.519017,Not Drowsy,Non Drowsy/v0704.png
0.25239,0.233466,0.242928,0.006574,5.837583,-15.355421,-2.858824,Not Drowsy,Non Drowsy/v0708.png
0.239994,0.238905,0.239449,0.006751,6.500265,-13.775523,-2.471738,Not Drowsy,Non Drowsy/v0712.png
0.244218,0.244699,0.244458,0.020254,7.725775,-15.210583,-3.465029,Not Drowsy,Non Drowsy/v0715.png
0.25239,0.239471,0.245931,0.006751,6.676928,-13.258958,-2.783015,Not Drowsy,Non Drowsy/v0719.png
0.180775,0.166694,0.173735,0.015455,7.954935,-13.824237,-3.060709,Not Drowsy,Non Drowsy/v0723.png
0.244465,0.23416,0.239313,0.006406,7.668141,-15.17443,-2.200028,Not Drowsy,Non Drowsy/v0727.png
0.239994,0.244909,0.242451,0.006402,6.921376,-12.401095,-3.082763,Not Drowsy,Non Drowsy/v0731.png
0.251843,0.241072,0.246457,0.015249,9.184364,-12.702948,-3.228007,Not Drowsy,Non Drowsy/v0735.png
0.245759,0.235369,0.240564,0.024826,8.910237,-11.539125,-2.963034,Not Drowsy,Non Drowsy/v0739.png
0.248069,0.246405,0.247237,0.006321,6.896443,-12.418767,-2.81972,Not Drowsy,Non Drowsy/v0743.png
0.242193,0.247856,0.245025,0.014711,8.415345,-10.812169,-2.550322,Not Drowsy,Non Drowsy/v0747.png
0.239994,0.233872,0.236933,0.00657,9.242828,-12.495887,-3.04806,Not Drowsy,Non Drowsy/v0750.png
0.263919,0.230689,0.247304,0.021857,8.198653,-11.270892,-2.512154,Not Drowsy,Non Drowsy/v0754.png
0.258234,0.23487,0.246552,0.016511,9.405034,-11.781423,-3.487256,Not Drowsy,Non Drowsy/v0758.png
0.240593,0.240774,0.240683,0.0,5.298562,-7.963854,-1.659409,Not Drowsy,Non Drowsy/v0762.png
0.25302,0.233466,0.243243,0.0,3.888676,-12.167317,-1.794172,Not Drowsy,Non Drowsy/v0766.png
0.2309,0.239657,0.235278,0.013329,3.265144,-10.36114,-1.953212,Not Drowsy,Non Drowsy/v0770.png
0.251168,0.233151,0.24216,0.01653,4.960338,-9.390651,-2.195634,Not Drowsy,Non Drowsy/v0774.png
0.231885,0.244828,0.238356,0.0147,4.964924,-9.685808,-2.499869,Not Drowsy,Non Drowsy/v0778.png
0.246758,0.238675,0.242716,0.014273,5.246404,-8.842869,-2.316104,Not Drowsy,Non Drowsy/v0782.png
0.252783,0.23487,0.243827,0.013687,5.414944,-9.688192,-2.225817,Not Drowsy,Non Drowsy/v0785.png
0.242417,0.250496,0.246456,0.006942,5.195803,-8.170641,-2.433709,Not Drowsy,Non Drowsy/v0789.png
0.236729,0.233151,0.23494,0.0,4.338916,-7.130787,-2.258409,Not Drowsy,Non Drowsy/v0793.png
0.232922,0.239471,0.236197,0.014079,4.155318,-5.58955,-1.366729,Not Drowsy,Non Drowsy/v0797.png
0.24675,0.229557,0.238153,0.013148,5.249167,-7.077055,-2.213764,Not Drowsy,Non Drowsy/v0801.png
0.242536,0.240843,0.241689,0.009054,5.084966,-8.168639,-2.236993,Not Drowsy,Non Drowsy/v0805.png
0.228365,0.240434,0.2344,0.0,5.434881,-7.29461,-2.597396,Not Drowsy,Non Drowsy/v0809.png
0.242536,0.235111,0.238823,0.006489,5.753322,-5.770478,-2.443176,Not Drowsy,Non Drowsy/v0813.png
0.237035,0.218012,0.227524,0.012491,5.261981,-6.090374,-2.77636,Not Drowsy,Non Drowsy/v0817.png
0.231535,0.227224,0.229379,0.009054,6.581802,-6.432898,-2.322532,Not Drowsy,Non Drowsy/v0820.png
0.248317,0.224479,0.236398,0.00657,6.022578,-6.277779,-2.453488,Not Drowsy,Non Drowsy/v0824.png
0.235187,0.221487,0.228337,0.01297,5.876192,-6.173036,-2.310455,Not Drowsy,Non Drowsy/v0829.png
0.242686,0.230689,0.236687,0.012804,4.962073,-5.99979,-2.313158,Not Drowsy,Non Drowsy/v0835.png
0.254216,0.239163,0.24669,0.0,5.29606,-5.905916,-2.489553,Not Drowsy,Non Drowsy/v0839.png
0.236908,0.219619,0.228264,0.009059,5.957483,-6.719539,-2.226507,Not Drowsy,Non Drowsy/v0843.png
0.231535,0.209253,0.220394,0.006402,5.095714,-5.569879,-2.223577,Not Drowsy,Non Drowsy/v0847.png
0.242686,0.235963,0.239324,0.006321,5.727741,-6.627614,-2.205494,Not Drowsy,Non Drowsy/v0851.png
0.242536,0.237303,0.239919,0.013153,4.627742,-10.250667,-2.212084,Not Drowsy,Non Drowsy/v0855.png
0.27261,0.261263,0.266936,0.014273,4.364892,-11.096996,-3.050281,Not Drowsy,Non Drowsy/v0859.png
0.241047,0.246926,0.243986,0.023383,-1.297503,-9.777313,0.407728,Not Drowsy,Non Drowsy/v0862.png
0.262081,0.284851,0.273466,0.013157,-7.853017,-9.79638,1.870418,Not Drowsy,Non Drowsy/v0866.png
0.250772,0.259503,0.255138,0.006754,-7.829229,-10.520448,1.800552,Not Drowsy,Non Drowsy/v0870.png
0.266199,0.245119,0.255659,0.006944,-2.209536,-8.890761,0.271516,Not Drowsy,Non Drowsy/v0874.png
0.252565,0.253837,0.253201,0.024539,1.718083,-8.073162,-0.635998,Not Drowsy,Non Drowsy/v0878.png
0.230031,0.237164,0.233597,0.006493,-2.37807,-7.797258,0.533834,Not Drowsy,Non Drowsy/v0882.png
0.246891,0.239215,0.243053,0.0,-4.791694,-10.634633,1.200428,Not Drowsy,Non Drowsy/v0886.png
0.266123,0.27261,0.269367,0.024738,-0.808679,-6.613877,-0.093725,Not Drowsy,Non Drowsy/v0890.png
0.241047,0.257068,0.249057,0.020546,0.207818,-7.713417,-0.37741,Not Drowsy,Non Drowsy/v0894.png
0.239215,0.255406,0.247311,0.007039,-6.043522,-8.494811,1.676822,Not Drowsy,Non Drowsy/v0897.png
0.239012,0.234294,0.236653,0.007042,-5.888204,-8.131411,1.003212,Not Drowsy,Non Drowsy/v0901.png
0.239215,0.266328,0.252771,0.027346,-5.6281,-7.620471,0.701671,Not Drowsy,Non Drowsy/v0905.png
0.239215,0.247044,0.243129,0.014085,-5.290974,-7.451551,0.64886,Not Drowsy,Non Drowsy/v0909.png
0.27117,0.27261,0.27189,0.020831,-4.126673,-6.409247,0.319149,Not Drowsy,Non Drowsy/v0913.png
0.248733,0.249957,0.249345,0.02142,1.928091,-7.842614,-1.531594,Not Drowsy,Non Drowsy/v0917.png
0.240978,0.235377,0.238178,0.034719,2.112437,-8.26889,-0.884626,Not Drowsy,Non Drowsy/v0921.png
0.252826,0.254951,0.253888,0.020833,-3.0233,-7.478392,0.514774,Not Drowsy,Non Drowsy/v0925.png
0.237164,0.240668,0.238916,0.021739,-4.251865,-7.721244,0.055695,Not Drowsy,Non Drowsy/v0929.png
0.235441,0.232991,0.234216,0.021127,-4.086652,-7.956726,0.340069,Not Drowsy,Non Drowsy/v0932.png
0.270278,0.266123,0.268201,0.02027,-3.832078,-8.134019,0.032135,Not Drowsy,Non Drowsy/v0936.png
0.27501,0.269319,0.272164,0.021429,0.123465,-15.742185,2.562192,Not Drowsy,Non Drowsy/v0940.png
0.220863,0.212165,0.216514,0.025479,-6.444694,-2.225739,-2.801255,Not Drowsy,Non Drowsy/v0944.png
0.242936,0.245029,0.243982,0.01428,-0.934777,-6.372034,-2.596966,Not Drowsy,Non Drowsy/v0948.png
0.277848,0.244172,0.26101,0.009171,1.649742,-8.391706,-4.071502,Not Drowsy,Non Drowsy/v0952.png
0.265897,0.255194,0.260545,0.015665,2.478349,-9.093536,-3.140759,Not Drowsy,Non Drowsy/v0956.png
0.275081,0.252741,0.263911,0.025865,-4.57161,-9.359484,-1.627154,Not Drowsy,Non Drowsy/v0960.png
0.257068,0.227877,0.242472,0.006661,2.825392,-7.190754,-2.858531,Not Drowsy,Non Drowsy/v0964.png
0.228541,0.233151,0.230846,0.0,2.386044,-6.694716,-3.946415,Not Drowsy,Non Drowsy/v0967.png
0.260634,0.239471,0.250053,0.01491,3.076292,-6.623209,-2.803364,Not Drowsy,Non Drowsy/v0971.png
0.260402,0.226208,0.243305,0.009672,1.972839,-6.517103,-3.989025,Not Drowsy,Non Drowsy/v0975.png
0.246839,0.271994,0.259416,0.027502,1.808483,-5.695822,-2.886119,Not Drowsy,Non Drowsy/v0979.png
0.266199,0.244828,0.255513,0.017721,-20.464151,-43.689919,7.148138,Not Drowsy,Non Drowsy/v0983.png
0.242644,0.238049,0.240347,0.031833,0.351449,-5.051413,-4.176563,Not Drowsy,Non Drowsy/v0987.png
0.242742,0.232886,0.237814,0.071399,-0.081559,-15.997936,-5.980046,Not Drowsy,Non Drowsy/v0991.png
0.264592,0.210363,0.237477,0.02895,0.028718,-15.609572,-2.254291,Not Drowsy,Non Drowsy/v0995.png
0.242936,0.229853,0.236394,0.016975,13.818765,-27.175207,-32.345073,Not Drowsy,Non Drowsy/v0999.png
0.256799,0.227186,0.241993,0.031974,-3.126642,-3.405764,-1.928703,Not Drowsy,Non Drowsy/v1002.png
0.254033,0.226273,0.240153,0.0,7.57179,2.382916,-4.249004,Not Drowsy,Non Drowsy/v1006.png
0.290524,0.248437,0.269481,0.03468,-1.781338,-2.925178,-2.849768,Not Drowsy,Non Drowsy/v1010.png
0.334767,0.350403,0.342585,0.051054,-2.591853,-10.258743,-2.787453,Not Drowsy,Non Drowsy/w0002.png
0.316993,0.331202,0.324097,0.026661,2.509921,-11.527957,-2.696385,Not Drowsy,Non Drowsy/w0006.png
0.298782,0.338928,0.318855,0.039638,-0.453168,-13.302237,-3.065809,Not Drowsy,Non Drowsy/w0010.png
0.398391,0.463356,0.430874,0.070354,-29.511318,-14.895237,2.374223,Not Drowsy,Non Drowsy/w0014.png
0.376116,0.44318,0.409648,0.055679,-29.894338,-16.097085,2.990506,Not Drowsy,Non Drowsy/w0018.png
0.347586,0.380027,0.363807,0.028448,-24.275085,-15.25451,1.908094,Not Drowsy,Non Drowsy/w0022.png
0.35781,0.397108,0.377459,0.047822,-24.826736,-12.713703,1.347318,Not Drowsy,Non Drowsy/w0025.png
0.336599,0.383121,0.35986,0.052502,-20.209583,-15.709896,0.028953,Not Drowsy,Non Drowsy/w0029.png
0.370486,0.41451,0.392498,0.026674,-22.506297,-17.447686,3.142779,Not Drowsy,Non Drowsy/w0033.png
0.364228,0.380092,0.37216,0.043663,-21.972933,-15.715457,3.544921,Not Drowsy,Non Drowsy/w0037.png
0.315453,0.349806,0.332629,0.050284,-19.271516,-16.037347,3.226829,Not Drowsy,Non Drowsy/w0041.png
0.37401,0.390437,0.382223,0.050284,-21.935073,-13.769871,3.162337,Not Drowsy,Non Drowsy/w0045.png
0.368852,0.403635,0.386244,0.049121,-23.223872,-12.648343,1.007418,Not Drowsy,Non Drowsy/w0049.png
0.365732,0.3763,0.371016,0.039058,-16.114899,-13.133469,1.427712,Not Drowsy,Non Drowsy/w0053.png
0.342017,0.379244,0.36063,0.030248,-15.610959,-12.29776,-0.517416,Not Drowsy,Non Drowsy/w0057.png
0.363629,0.40904,0.386334,0.05136,-19.921236,-11.900084,1.934803,Not Drowsy,Non Drowsy/w0060.png
0.336599,0.361854,0.349226,0.028868,-22.732852,-15.542336,0.788782,Not Drowsy,Non Drowsy/w0064.png
0.324864,0.366463,0.345663,0.045965,-19.678649,-19.321648,1.077087,Not Drowsy,Non Drowsy/w0068.png
0.364729,0.380092,0.372411,0.032769,-21.879103,-16.59252,1.979023,Not Drowsy,Non Drowsy/w0072.png
0.338089,0.366351,0.35222,0.041551,-17.909931,-19.203735,3.625657,Not Drowsy,Non Drowsy/w0076.png
0.320529,0.354103,0.337316,0.042226,-20.578929,-18.169086,3.656714,Not Drowsy,Non Drowsy/w0080.png
0.325269,0.349239,0.337254,0.04886,-20.295026,-16.830623,8.841668,Not Drowsy,Non Drowsy/w0084.png
0.368664,0.374047,0.371356,0.050847,-25.061922,-17.410025,3.979379,Not Drowsy,Non Drowsy/w0088.png
0.36162,0.38393,0.372775,0.022388,-22.271864,-18.392512,4.342225,Not Drowsy,Non Drowsy/w0194.png
0.364669,0.360031,0.36235,0.04094,-20.855315,-18.171749,4.08669,Not Drowsy,Non Drowsy/w0197.png
0.064483,0.163163,0.113823,0.016657,-29.027949,-22.272557,6.571327,Not Drowsy,Non Drowsy/w0201.png
0.352728,0.346317,0.349522,0.028499,-13.149064,-14.132694,5.153672,Not Drowsy,Non Drowsy/w0205.png
0.352728,0.388849,0.370789,0.024676,-20.200377,-18.504319,7.133518,Not Drowsy,Non Drowsy/w0209.png
0.311872,0.320548,0.31621,0.047221,-11.452798,-15.858205,3.31705,Not Drowsy,Non Drowsy/w0214.png
0.370618,0.387768,0.379193,0.023426,-20.95452,-14.231576,4.245412,Not Drowsy,Non Drowsy/w0218.png
0.324303,0.312581,0.318442,0.040827,-10.903177,-18.597424,5.336686,Not Drowsy,Non Drowsy/w0222.png
0.335346,0.349495,0.34242,0.040481,-8.587704,-17.829168,5.015839,Not Drowsy,Non Drowsy/w0227.png
0.33436,0.324303,0.329331,0.037927,-10.311287,-16.961957,2.514917,Not Drowsy,Non Drowsy/w0231.png
0.312897,0.344595,0.328746,0.028456,-16.541706,-16.420448,6.267803,Not Drowsy,Non Drowsy/w0234.png
0.346648,0.374826,0.360737,0.016288,1.857919,-17.682662,2.550838,Not Drowsy,Non Drowsy/w0238.png
0.333333,0.353553,0.343443,0.041474,-8.618084,-15.221754,4.157369,Not Drowsy,Non Drowsy/w0242.png
0.370505,0.42158,0.396042,0.034953,-31.451572,-17.917143,8.441917,Not Drowsy,Non Drowsy/w0307.png
0.301238,0.346317,0.323777,0.035624,-0.193801,-14.252697,2.946184,Not Drowsy,Non Drowsy/w0311.png
0.372033,0.38016,0.376096,0.014083,1.49407,-13.790449,0.113167,Not Drowsy,Non Drowsy/w0315.png
0.372526,0.389428,0.380977,0.016751,17.389481,-13.624977,-1.336987,Not Drowsy,Non Drowsy/w0319.png
0.347797,0.379192,0.363494,0.030303,-23.753584,-17.54968,3.222826,Not Drowsy,Non Drowsy/w0325.png
0.39438,0.461997,0.428188,0.046308,-29.361357,-18.061545,4.025065,Not Drowsy,Non Drowsy/w0329.png
0.365333,0.413528,0.38943,0.041648,-25.4447,-18.016437,3.581012,Not Drowsy,Non Drowsy/w0332.png
0.406657,0.437966,0.422311,0.040035,-32.931731,-19.368568,6.141978,Not Drowsy,Non Drowsy/w0337.png
0.439627,0.555441,0.497534,0.059265,-42.49708,-26.755334,14.575777,Not Drowsy,Non Drowsy/w0341.png
0.337928,0.397094,0.367511,0.050782,-31.999867,-21.572943,10.359252,Not Drowsy,Non Drowsy/w0345.png
0.370505,0.457875,0.41419,0.039207,-33.894632,-22.218341,10.810032,Not Drowsy,Non Drowsy/w0350.png
0.37007,0.383316,0.376693,0.013512,-4.373569,-16.743928,1.128777,Not Drowsy,Non Drowsy/w0365.png
0.359336,0.367363,0.36335,0.033441,-22.150448,-17.082214,3.638557,Not Drowsy,Non Drowsy/w0372.png
0.352261,0.351686,0.351973,0.03419,-15.987401,-15.531958,2.329398,Not Drowsy,Non Drowsy/w0376.png
0.332758,0.385245,0.359001,0.022704,-20.902127,-17.332526,5.143112,Not Drowsy,Non Drowsy/w0381.png
0.311531,0.343661,0.327596,0.035997,-18.518055,-15.787568,4.359283,Not Drowsy,Non Drowsy/w0387.png
0.352261,0.364897,0.358579,0.028567,-19.644275,-16.229327,1.95425,Not Drowsy,Non Drowsy/w0392.png
0.395925,0.451656,0.423791,0.064127,-37.305096,-19.227948,7.627905,Not Drowsy,Non Drowsy/w0397.png
0.357946,0.386263,0.372104,0.028158,-9.835413,-16.957989,0.427847,Not Drowsy,Non Drowsy/w0402.png
0.364897,0.379192,0.372044,0.03633,-20.489889,-18.68918,2.117757,Not Drowsy,Non Drowsy/w0410.png
0.347445,0.363636,0.355541,0.018271,-14.884889,-19.037711,-0.88735,Not Drowsy,Non Drowsy/w0414.png
0.396657,0.400677,0.398667,0.053751,-31.910937,-18.781059,2.867598,Not Drowsy,Non Drowsy/w0447.png
0.381436,0.389545,0.385491,0.034448,-26.858586,-18.979505,4.708752,Not Drowsy,Non Drowsy/w0451.png
0.352794,0.406294,0.379544,0.049437,-27.316066,-19.860111,6.117754,Not Drowsy,Non Drowsy/w0455.png
0.392232,0.449444,0.420838,0.037016,-33.626753,-21.993296,9.34427,Not Drowsy,Non Drowsy/w0458.png
0.289474,0.30751,0.298492,0.025476,-12.891418,-17.797862,1.823542,Not Drowsy,Non Drowsy/w0489.png
0.338425,0.364267,0.351346,0.031086,-15.837011,-14.930421,1.621954,Not Drowsy,Non Drowsy/w0494.png
0.327004,0.347107,0.337055,0.024041,-21.618405,-16.371993,2.349791,Not Drowsy,Non Drowsy/w0506.png
0.31738,0.292109,0.304745,0.030255,-18.831588,-15.364438,1.712485,Not Drowsy,Non Drowsy/w0510.png
0.343905,0.371699,0.357802,0.042166,-20.975075,-16.827455,2.592726,Not Drowsy,Non Drowsy/w0514.png
0.359909,0.368179,0.364044,0.038443,-22.720888,-16.088897,3.548489,Not Drowsy,Non Drowsy/w0518.png
0.318791,0.365821,0.342306,0.033603,-22.864053,-14.927409,3.041734,Not Drowsy,Non Drowsy/w0522.png
0.297635,0.333445,0.31554,0.034448,-28.508169,-15.113703,4.9162,Not Drowsy,Non Drowsy/w0526.png
0.319438,0.33156,0.325499,0.063347,-15.916017,-12.571823,2.034659,Not Drowsy,Non Drowsy/w0529.png
0.282843,0.312348,0.297595,0.030289,-16.041279,-12.965396,-0.642035,Not Drowsy,Non Drowsy/w0533.png
0.34992,0.349642,0.349781,0.050564,-17.203869,-11.685216,0.989932,Not Drowsy,Non Drowsy/w0537.png
0.299942,0.318244,0.309093,0.047964,-21.572087,-14.286513,1.530713,Not Drowsy,Non Drowsy/w0541.png
0.303165,0.334165,0.318665,0.036326,-20.411282,-14.039639,0.794447,Not Drowsy,Non Drowsy/w0545.png
0.291373,0.328541,0.309957,0.030769,-20.214665,-15.406598,1.502505,Not Drowsy,Non Drowsy/w0549.png
0.268749,0.316667,0.292708,0.029003,-19.288975,-17.420727,1.630153,Not Drowsy,Non Drowsy/w0553.png
0.29475,0.313126,0.303938,0.023066,-16.092036,-12.508403,2.577979,Not Drowsy,Non Drowsy/w0557.png
0.302171,0.303786,0.302979,0.044113,-12.646973,-12.322693,0.601463,Not Drowsy,Non Drowsy/w0567.png
0.294353,0.338928,0.316641,0.036198,-1.161588,-12.738534,-3.415605,Not Drowsy,Non Drowsy/w0570.png
0.302395,0.335296,0.318846,0.028792,1.915581,-11.829773,-8.541675,Not Drowsy,Non Drowsy/w0574.png
0.296807,0.327561,0.312184,0.039793,-9.854964,-11.537312,-1.968999,Not Drowsy,Non Drowsy/w0578.png
0.326952,0.329679,0.328316,0.037297,-6.455201,-12.555753,-1.633761,Not Drowsy,Non Drowsy/w0582.png
0.331742,0.347277,0.339509,0.038484,-17.331217,-15.850144,1.925758,Not Drowsy,Non Drowsy/w0586.png
0.320652,0.319478,0.320065,0.024738,-13.478349,-15.442203,0.896152,Not Drowsy,Non Drowsy/w0590.png
0.369869,0.362666,0.366267,0.022725,-19.251836,-14.095407,2.6666,Not Drowsy,Non Drowsy/w0600.png
0.345816,0.344459,0.345137,0.022725,-16.703187,-14.610506,0.548764,Not Drowsy,Non Drowsy/w0612.png
0.305405,0.35557,0.330488,0.022386,-14.390804,-12.68652,1.070358,Not Drowsy,Non Drowsy/w0649.png
0.296922,0.313905,0.305414,0.022059,-15.457999,-13.437382,1.371798,Not Drowsy,Non Drowsy/w0652.png
0.341351,0.360469,0.35091,0.039806,-17.936935,-15.056963,1.842454,Not Drowsy,Non Drowsy/w0656.png
0.304908,0.312537,0.308723,0.038434,-17.566892,-14.526502,4.203759,Not Drowsy,Non Drowsy/w0660.png
0.309492,0.341925,0.325708,0.033407,-21.271865,-13.93262,3.954843,Not Drowsy,Non Drowsy/w0664.png
0.299909,0.320548,0.310229,0.021093,-14.66988,-15.273383,4.466626,Not Drowsy,Non Drowsy/w0668.png
0.346599,0.374175,0.360387,0.047194,-22.744684,-15.11902,4.607358,Not Drowsy,Non Drowsy/w0674.png
0.352794,0.393416,0.373105,0.026661,-25.282674,-16.93762,3.804746,Not Drowsy,Non Drowsy/w0679.png
0.345253,0.375651,0.360452,0.066645,-27.908007,-16.722053,3.600851,Not Drowsy,Non Drowsy/w0684.png
0.341189,0.375891,0.35854,0.051108,-28.79987,-15.711494,3.574087,Not Drowsy,Non Drowsy/w0688.png
0.338928,0.340298,0.339613,0.05134,-26.368608,-16.833592,5.19589,Not Drowsy,Non Drowsy/w0696.png
0.363398,0.358012,0.360705,0.039663,-27.249092,-16.865892,4.906398,Not Drowsy,Non Drowsy/w0700.png
0.384524,0.41755,0.401037,0.089551,-36.40417,-19.382419,9.736157,Not Drowsy,Non Drowsy/w0705.png
0.336599,0.358033,0.347316,0.02667,-22.984221,-18.887849,1.032139,Not Drowsy,Non Drowsy/w0709.png
0.310445,0.312348,0.311396,0.014273,-17.236772,-16.244511,-0.895452,Not Drowsy,Non Drowsy/w0713.png
0.310087,0.328834,0.31946,0.040197,-16.447912,-18.276771,-0.419678,Not Drowsy,Non Drowsy/w0726.png
0.37401,0.411457,0.392733,0.048387,-26.313789,-15.421665,1.966776,Not Drowsy,Non Drowsy/w0731.png
0.355423,0.402137,0.37878,0.044284,-29.698154,-18.580152,7.346197,Not Drowsy,Non Drowsy/w0738.png
0.323637,0.402137,0.362887,0.044009,-26.968968,-20.609634,7.475951,Not Drowsy,Non Drowsy/w0744.png
0.322403,0.374047,0.348225,0.02626,-26.238518,-18.528211,1.626518,Not Drowsy,Non Drowsy/w0751.png
0.354609,0.461997,0.408303,0.057364,-28.488439,-18.893955,5.769404,Not Drowsy,Non Drowsy/w0756.png
0.277394,0.3497,0.313547,0.042293,-26.205759,-18.516283,4.094948,Not Drowsy,Non Drowsy/w0763.png
0.305281,0.333979,0.31963,0.025862,-20.226714,-17.084888,1.743431,Not Drowsy,Non Drowsy/w0770.png
0.345816,0.429041,0.387428,0.040862,-26.616223,-17.677968,0.744656,Not Drowsy,Non Drowsy/w0775.png
0.286968,0.307185,0.297077,0.035499,-20.887157,-17.742732,1.057056,Not Drowsy,Non Drowsy/w0780.png
0.315485,0.353189,0.334337,0.044113,-21.106318,-19.966267,3.754342,Not Drowsy,Non Drowsy/w0784.png
0.352943,0.392607,0.372775,0.031742,-25.056668,-19.544003,4.009914,Not Drowsy,Non Drowsy/w0788.png
0.301238,0.342997,0.322117,0.026644,-23.967168,-19.316667,4.868116,Not Drowsy,Non Drowsy/w0793.png
0.362771,0.401674,0.382222,0.051655,-31.622229,-17.589591,6.404259,Not Drowsy,Non Drowsy/w0799.png
0.32533,0.345482,0.335406,0.067933,-25.225264,-16.431271,2.855722,Not Drowsy,Non Drowsy/w0804.png
0.368483,0.393667,0.381075,0.026263,-24.213468,-19.527774,2.593236,Not Drowsy,Non Drowsy/w0809.png
0.341605,0.374855,0.35823,0.030711,-24.704398,-19.914471,5.042428,Not Drowsy,Non Drowsy/w0813.png
0.334708,0.361991,0.34835,0.015625,-21.570102,-18.084898,2.825003,Not Drowsy,Non Drowsy/w0818.png
0.296465,0.312348,0.304406,0.032426,-16.483754,-17.744624,-0.32841,Not Drowsy,Non Drowsy/w0822.png
0.318723,0.3497,0.334211,0.034482,-24.762496,-20.501864,4.559206,Not Drowsy,Non Drowsy/w0826.png
0.321877,0.350054,0.335966,0.043443,-23.15856,-17.124087,4.495496,Not Drowsy,Non Drowsy/w0836.png
0.366606,0.410453,0.388529,0.031376,-24.708329,-17.180577,1.48713,Not Drowsy,Non Drowsy/w0848.png
0.342892,0.379867,0.361379,0.023438,-22.880064,-17.347996,2.828339,Not Drowsy,Non Drowsy/w0854.png
0.355987,0.374047,0.365017,0.049493,-25.443658,-19.555533,2.797011,Not Drowsy,Non Drowsy/w0871.png
0.338089,0.356235,0.347162,0.027094,-24.699251,-20.8446,2.590547,Not Drowsy,Non Drowsy/w0875.png
0.385634,0.366609,0.376121,0.033939,-22.34596,-19.600718,3.985856,Not Drowsy,Non Drowsy/w0880.png
0.209946,0.225622,0.217784,0.019998,-1.982015,-0.789849,0.969793,Not Drowsy,Non Drowsy/x0002.png
0.20989,0.214945,0.212417,0.0,-1.308475,0.726512,0.997329,Not Drowsy,Non Drowsy/x0006.png
0.216483,0.22685,0.221666,0.0,-1.704837,-0.088973,0.821377,Not Drowsy,Non Drowsy/x0012.png
0.204493,0.209946,0.207219,0.00641,-1.125003,-0.836288,1.06742,Not Drowsy,Non Drowsy/x0017.png
0.217049,0.209946,0.213498,0.015671,-1.017237,0.069073,1.215511,Not Drowsy,Non Drowsy/x0021.png
0.21642,0.214945,0.215683,0.0,-2.281965,-3.066623,0.914645,Not Drowsy,Non Drowsy/x0025.png
0.185996,0.19489,0.190443,0.0,-1.87457,-2.608467,1.388129,Not Drowsy,Non Drowsy/x0028.png
0.22145,0.214884,0.218167,0.006577,-1.504717,-3.00263,1.625588,Not Drowsy,Non Drowsy/x0032.png
0.214884,0.195823,0.205354,0.013509,-1.632787,-3.136298,1.706571,Not Drowsy,Non Drowsy/x0036.png
0.016005,0.028668,0.022336,0.006577,-1.994822,-4.268751,0.744316,Not Drowsy,Non Drowsy/x0040.png
0.20989,0.214702,0.212296,0.0,-1.546457,-4.255385,1.432606,Not Drowsy,Non Drowsy/x0044.png
0.20972,0.214884,0.212302,0.012819,-1.15595,-2.950449,1.46561,Not Drowsy,Non Drowsy/x0048.png
0.216483,0.198265,0.207374,0.008948,-1.556522,-2.958698,1.398802,Not Drowsy,Non Drowsy/x0052.png
0.21642,0.209246,0.212833,0.006408,-1.156324,-3.080443,1.324908,Not Drowsy,Non Drowsy/x0056.png
0.209302,0.203724,0.206513,0.012816,-1.344823,-4.259641,1.508887,Not Drowsy,Non Drowsy/x0063.png
0.20989,0.214884,0.212387,0.015464,-1.004737,-4.348814,1.375856,Not Drowsy,Non Drowsy/x0066.png
0.214702,0.215955,0.215328,0.013697,-2.347421,6.104762,1.445945,Not Drowsy,Non Drowsy/x0072.png
0.221926,0.220797,0.221362,0.013888,-1.974154,9.09392,1.007697,Not Drowsy,Non Drowsy/x0076.png
0.25031,0.232922,0.241616,0.007042,-2.556415,4.659273,1.228782,Not Drowsy,Non Drowsy/x0080.png
0.195823,0.216023,0.205923,0.006849,-2.146344,2.543029,1.248381,Not Drowsy,Non Drowsy/x0084.png
0.20972,0.216838,0.213279,0.006661,-1.857018,1.046638,2.386826,Not Drowsy,Non Drowsy/x0088.png
0.187441,0.179252,0.183347,0.0,-1.6871,-1.041899,2.223045,Not Drowsy,Non Drowsy/x0092.png
0.207255,0.200716,0.203985,0.006847,-1.594846,-1.8205,1.764148,Not Drowsy,Non Drowsy/x0096.png
0.20304,0.184498,0.193769,0.006944,-0.548829,-1.582091,1.477524,Not Drowsy,Non Drowsy/x0100.png
0.190422,0.195823,0.193123,0.006578,-0.906553,-2.112629,1.464584,Not Drowsy,Non Drowsy/x0109.png
0.179417,0.196582,0.188,0.006666,-0.475223,-1.085804,1.148546,Not Drowsy,Non Drowsy/x0115.png
0.209076,0.219601,0.214338,0.00648,-1.738918,-6.129153,3.444276,Not Drowsy,Non Drowsy/x0121.png
0.185996,0.195649,0.190822,0.006574,-0.814048,-6.018076,2.406522,Not Drowsy,Non Drowsy/x0127.png
0.20989,0.214884,0.212387,0.0,-1.331041,-3.801679,2.382936,Not Drowsy,Non Drowsy/x0131.png
0.196254,0.214399,0.205327,0.024357,-2.386156,-11.726566,2.315405,Not Drowsy,Non Drowsy/x0135.png
0.214225,0.200716,0.20747,0.013884,-2.530703,-4.345057,1.362476,Not Drowsy,Non Drowsy/x0146.png
0.198265,0.195881,0.197073,0.0,-1.210797,-1.538893,1.316523,Not Drowsy,Non Drowsy/x0150.png
0.210363,0.225622,0.217992,0.012811,-1.931997,-2.365501,1.922489,Not Drowsy,Non Drowsy/x0154.png
0.20989,0.244438,0.227164,0.0,-1.786158,-4.167893,2.166896,Not Drowsy,Non Drowsy/x0157.png
0.20972,0.214884,0.212302,0.0,-1.821806,-4.431666,2.358936,Not Drowsy,Non Drowsy/x0162.png
0.191163,0.200716,0.195939,0.02214,-1.240713,-6.59669,2.20671,Not Drowsy,Non Drowsy/x0166.png
0.18677,0.200528,0.193649,0.019721,-2.043781,-6.689696,1.80603,Not Drowsy,Non Drowsy/x0173.png
0.197674,0.201305,0.19949,0.006485,-1.496701,-5.855981,1.740504,Not Drowsy,Non Drowsy/x0177.png
0.214286,0.220122,0.217204,0.0,-1.326985,-5.882129,1.750609,Not Drowsy,Non Drowsy/x0181.png
0.208076,0.231403,0.21974,0.006661,-1.641373,-7.875424,2.021513,Not Drowsy,Non Drowsy/x0185.png
0.195881,0.192965,0.194423,0.006657,-1.707269,-8.449718,1.820113,Not Drowsy,Non Drowsy/x0189.png
0.213741,0.216023,0.214882,0.0,-1.879345,4.263136,1.741045,Not Drowsy,Non Drowsy/x0194.png
0.219926,0.232113,0.22602,0.01428,-1.818639,7.902451,1.1803,Not Drowsy,Non Drowsy/x0198.png
0.225411,0.232113,0.228762,0.0147,-1.87787,7.451488,1.492581,Not Drowsy,Non Drowsy/x0202.png
0.214702,0.220797,0.21775,0.006944,-2.418098,6.935126,1.528986,Not Drowsy,Non Drowsy/x0210.png
0.21536,0.225622,0.220491,0.013693,-2.255214,5.188086,1.589289,Not Drowsy,Non Drowsy/x0214.png
0.20972,0.220122,0.214921,0.0,-2.767007,3.470153,2.000848,Not Drowsy,Non Drowsy/x0220.png
0.20989,0.207993,0.208941,0.0,-2.715455,1.032746,1.6253,Not Drowsy,Non Drowsy/x0224.png
0.20989,0.220122,0.215006,0.013153,-1.995312,0.54935,1.959598,Not Drowsy,Non Drowsy/x0228.png
0.182337,0.191217,0.186777,0.006489,-2.446042,0.329893,1.961978,Not Drowsy,Non Drowsy/x0232.png
0.20972,0.227444,0.218582,0.013323,-1.109184,0.029739,2.200319,Not Drowsy,Non Drowsy/x0236.png
0.228171,0.233075,0.230623,0.006489,-1.759787,0.195808,1.617118,Not Drowsy,Non Drowsy/x0240.png
0.214884,0.220188,0.217536,0.0,-2.209946,1.052938,1.810336,Not Drowsy,Non Drowsy/x0244.png
0.204963,0.226784,0.215874,0.019217,-2.241868,1.013201,1.572425,Not Drowsy,Non Drowsy/x0248.png
0.227781,0.233138,0.230459,0.006489,-0.876307,1.067823,1.709167,Not Drowsy,Non Drowsy/x0252.png
0.20989,0.207993,0.208941,0.0,-1.710385,-1.120405,1.934845,Not Drowsy,Non Drowsy/x0256.png
0.209076,0.214945,0.212011,0.012811,-1.579266,-0.201985,1.70844,Not Drowsy,Non Drowsy/x0260.png
0.216483,0.205312,0.210897,0.022153,-1.673213,0.863909,1.803141,Not Drowsy,Non Drowsy/x0264.png
0.228347,0.221574,0.224961,0.006491,-0.990138,2.040513,1.457627,Not Drowsy,Non Drowsy/x0269.png
0.233075,0.232383,0.232729,0.0,-1.348349,1.211094,1.822213,Not Drowsy,Non Drowsy/x0273.png
0.209076,0.220188,0.214632,0.006661,-1.635465,1.463052,2.104765,Not Drowsy,Non Drowsy/x0277.png
0.221335,0.220188,0.220761,0.0,-1.178379,1.076696,1.949296,Not Drowsy,Non Drowsy/x0281.png
0.238082,0.220863,0.229473,0.006751,-2.278434,3.451498,2.050259,Not Drowsy,Non Drowsy/x0285.png
0.244699,0.239215,0.241957,0.0,-1.451491,3.184973,2.072691,Not Drowsy,Non Drowsy/x0292.png
0.233151,0.256799,0.244975,0.006574,-1.455117,1.436076,2.276954,Not Drowsy,Non Drowsy/x0296.png
0.256246,0.26237,0.259308,0.012811,-1.78198,1.510727,1.975929,Not Drowsy,Non Drowsy/x0306.png
0.25085,0.251134,0.250992,0.015861,-1.499184,1.759405,2.213814,Not Drowsy,Non Drowsy/x0310.png
0.262316,0.274767,0.268542,0.00657,-0.960576,1.974652,2.318124,Not Drowsy,Non Drowsy/x0314.png
0.262316,0.26291,0.262613,0.006657,-1.937052,0.977086,2.240245,Not Drowsy,Non Drowsy/x0319.png
0.262316,0.269319,0.265818,0.0,-1.834037,2.363565,2.042041,Not Drowsy,Non Drowsy/x0322.png
0.023231,0.052542,0.037886,0.006652,-2.736818,-2.903634,2.528384,Not Drowsy,Non Drowsy/x0326.png
0.227379,0.238689,0.233034,0.013314,-1.053126,-0.118001,2.043647,Not Drowsy,Non Drowsy/x0335.png
0.205175,0.214884,0.210029,0.006489,-1.622088,-0.480916,1.516144,Not Drowsy,Non Drowsy/x0339.png
0.240434,0.236519,0.238476,0.014085,-0.731332,16.784724,0.703393,Not Drowsy,Non Drowsy/x0344.png
0.268126,0.254633,0.261379,0.0,-2.065459,14.661173,1.496334,Not Drowsy,Non Drowsy/x0348.png
0.238419,0.234798,0.236608,0.006751,-1.984445,6.906666,2.274365,Not Drowsy,Non Drowsy/x0352.png
0.200528,0.189107,0.194818,0.007039,-1.521075,6.77998,1.865774,Not Drowsy,Non Drowsy/x0361.png
0.154856,0.167578,0.161217,0.013687,-1.483573,3.985802,1.683721,Not Drowsy,Non Drowsy/x0369.png
0.188278,0.180339,0.184309,0.007246,-1.872954,-0.080371,1.535452,Not Drowsy,Non Drowsy/x0372.png
0.18677,0.188858,0.187814,0.01973,-0.639006,0.166493,1.219713,Not Drowsy,Non Drowsy/x0376.png
0.191959,0.200716,0.196337,0.006751,-1.248497,-0.09421,2.234837,Not Drowsy,Non Drowsy/x0380.png
0.171547,0.188219,0.179883,0.006938,-1.348059,-1.842378,2.422028,Not Drowsy,Non Drowsy/x0384.png
0.064248,0.090812,0.07753,0.013502,-1.475583,-2.40456,2.084274,Not Drowsy,Non Drowsy/x0388.png
0.195823,0.205859,0.200841,0.013502,-1.43663,-1.281834,1.957173,Not Drowsy,Non Drowsy/x0392.png
0.227781,0.20989,0.218835,0.012642,-0.316132,-0.894817,1.756296,Not Drowsy,Non Drowsy/x0400.png
0.239471,0.228347,0.233909,0.015275,-0.089873,0.990582,1.467864,Not Drowsy,Non Drowsy/x0406.png
0.227214,0.22093,0.224072,0.012811,-0.084025,-1.022044,1.846534,Not Drowsy,Non Drowsy/x0410.png
0.036688,0.027884,0.032286,0.0,-0.682499,-5.324221,1.726903,Not Drowsy,Non Drowsy/x0413.png
0.026765,0.027322,0.027043,0.012337,-1.255161,-2.615201,1.790471,Not Drowsy,Non Drowsy/x0417.png
0.209076,0.215543,0.21231,0.0,-0.911458,-1.616371,2.562814,Not Drowsy,Non Drowsy/x0432.png
0.202152,0.215543,0.208848,0.0,-0.4115,-1.239989,2.832368,Not Drowsy,Non Drowsy/x0436.png
0.209076,0.21059,0.209833,0.012804,-0.553035,-1.789628,2.70909,Not Drowsy,Non Drowsy/x0441.png
0.198345,0.191163,0.194754,0.0,-0.961138,-0.718788,2.541833,Not Drowsy,Non Drowsy/x0445.png
0.222094,0.232246,0.22717,0.022729,-0.598069,-2.438711,2.588276,Not Drowsy,Non Drowsy/x0449.png
0.219926,0.212926,0.216426,0.009542,-1.102032,-2.57713,3.099508,Not Drowsy,Non Drowsy/x0454.png
0.214702,0.244438,0.22957,0.01313,-0.664773,-0.527245,2.76071,Not Drowsy,Non Drowsy/x0458.png
0.191001,0.220797,0.205899,0.02214,-1.228946,-1.421731,2.780759,Not Drowsy,Non Drowsy/x0461.png
0.233075,0.216838,0.224956,0.0,-0.332919,-1.748119,2.596865,Not Drowsy,Non Drowsy/x0465.png
0.21536,0.220797,0.218079,0.013314,-0.968854,-1.240416,2.964376,Not Drowsy,Non Drowsy/x0470.png
0.205122,0.20989,0.207506,0.012804,-0.809392,-1.026633,2.712487,Not Drowsy,Non Drowsy/x0474.png
0.195823,0.201493,0.198658,0.006747,-1.063648,-2.567883,2.729478,Not Drowsy,Non Drowsy/x0479.png
0.216483,0.203724,0.210103,0.01297,-0.844197,-2.634306,2.7382,Not Drowsy,Non Drowsy/x0483.png
0.204963,0.226786,0.215874,0.0,-0.683968,-0.592367,2.726768,Not Drowsy,Non Drowsy/x0487.png
0.204963,0.234861,0.219912,0.01297,-0.67158,-0.407727,2.679089,Not Drowsy,Non Drowsy/x0493.png
0.227312,0.211798,0.219555,0.0,-0.632148,0.696454,2.914615,Not Drowsy,Non Drowsy/x0497.png
0.227604,0.233655,0.23063,0.012804,-0.434705,-0.230882,2.699351,Not Drowsy,Non Drowsy/x0500.png
0.149953,0.167358,0.158656,0.019972,-1.661804,-2.845477,2.607,Not Drowsy,Non Drowsy/x0504.png
0.204963,0.210533,0.207748,0.006402,-0.999159,-1.370724,2.734225,Not Drowsy,Non Drowsy/x0508.png
0.204963,0.205122,0.205043,0.006402,-1.129564,0.432918,2.587412,Not Drowsy,Non Drowsy/x0512.png
0.028708,0.028539,0.028624,0.01314,-0.226781,-4.656717,2.28126,Not Drowsy,Non Drowsy/x0516.png
0.209246,0.219926,0.214586,0.025487,-0.811795,-1.950485,2.76056,Not Drowsy,Non Drowsy/x0520.png
0.191904,0.195823,0.193864,0.013323,-0.848462,-1.603449,2.088649,Not Drowsy,Non Drowsy/x0530.png
0.214225,0.220188,0.217206,0.01314,-0.865507,-0.617945,2.344833,Not Drowsy,Non Drowsy/x0534.png
0.214884,0.220122,0.217503,0.022743,-0.96423,-0.96144,1.961021,Not Drowsy,Non Drowsy/x0538.png
0.220274,0.219169,0.219722,0.014083,-2.299592,12.889435,1.259665,Not Drowsy,Non Drowsy/x0542.png
0.214399,0.232922,0.22366,0.010097,-0.974238,3.927356,2.277272,Not Drowsy,Non Drowsy/x0549.png
0.199938,0.205859,0.202898,0.0,-1.308755,4.653888,1.821208,Not Drowsy,Non Drowsy/x0555.png
0.214702,0.200778,0.20774,0.0,-1.369417,3.748751,2.04268,Not Drowsy,Non Drowsy/x0559.png
0.231505,0.233986,0.232746,0.007142,-1.090252,11.92693,1.646006,Not Drowsy,Non Drowsy/x0563.png
0.269817,0.265656,0.267737,0.009955,-1.981511,19.899837,2.128833,Not Drowsy,Non Drowsy/x0567.png
0.232886,0.239215,0.236051,0.0,-1.507163,5.852843,1.943606,Not Drowsy,Non Drowsy/x0579.png
0.232307,0.227444,0.229875,0.00714,-1.785151,2.986927,2.000965,Not Drowsy,Non Drowsy/x0589.png
0.238621,0.215543,0.227082,0.006661,-1.280396,-3.654034,2.208784,Not Drowsy,Non Drowsy/x0595.png
0.233075,0.215543,0.224309,0.006574,-1.766757,1.690531,2.416737,Not Drowsy,Non Drowsy/x0598.png
0.170681,0.192852,0.181767,0.013678,-2.427913,-5.583216,2.308409,Not Drowsy,Non Drowsy/x0602.png
0.195823,0.196407,0.196115,0.006839,-1.121616,-2.308188,2.693687,Not Drowsy,Non Drowsy/x0620.png
0.185996,0.180108,0.183052,0.006657,-0.612425,-1.409306,2.393255,Not Drowsy,Non Drowsy/x0625.png
0.204963,0.20972,0.207341,0.01313,-1.029544,0.221898,3.582939,Not Drowsy,Non Drowsy/x0662.png
0.159356,0.167358,0.163357,0.006833,-1.027288,-3.078265,3.891322,Not Drowsy,Non Drowsy/x0666.png
0.199803,0.221271,0.210537,0.0,-1.424092,0.740545,3.908588,Not Drowsy,Non Drowsy/x0670.png
0.21332,0.210744,0.212032,0.006652,-1.815915,-0.658663,4.213913,Not Drowsy,Non Drowsy/x0674.png
0.204963,0.221914,0.213439,0.019956,-1.425364,-0.997304,3.821866,Not Drowsy,Non Drowsy/x0678.png
0.198184,0.219926,0.209055,0.0,-1.692053,-3.219834,3.554248,Not Drowsy,Non Drowsy/x0681.png
0.205751,0.215056,0.210404,0.009685,-2.630333,6.71861,-1.187972,Not Drowsy,Non Drowsy/x0687.png
0.208014,0.199938,0.203976,0.006847,-2.3486,-7.675775,0.452761,Not Drowsy,Non Drowsy/x0693.png
0.193811,0.179367,0.186589,0.012491,-1.421153,-5.871796,0.964814,Not Drowsy,Non Drowsy/x0697.png
0.203724,0.195823,0.199773,0.019998,-2.230768,-5.148746,0.326366,Not Drowsy,Non Drowsy/x0701.png
0.216476,0.209246,0.212861,0.012649,-2.366663,-4.087782,0.84825,Not Drowsy,Non Drowsy/x0717.png
0.20989,0.207317,0.208603,0.006577,-0.747514,-7.144776,0.432021,Not Drowsy,Non Drowsy/x0721.png
0.22093,0.220871,0.2209,0.012811,-0.69814,-3.530888,0.955924,Not Drowsy,Non Drowsy/x0725.png
0.198398,0.219447,0.208923,0.0,-0.581252,-7.249136,1.08786,Not Drowsy,Non Drowsy/x0729.png
0.202381,0.207931,0.205156,0.013153,-0.687652,-5.972865,1.338217,Not Drowsy,Non Drowsy/x0732.png
0.238675,0.234923,0.236799,0.007039,-1.148261,7.160142,1.924841,Not Drowsy,Non Drowsy/x0744.png
0.219251,0.220863,0.220057,0.007243,0.770988,0.169706,1.706217,Not Drowsy,Non Drowsy/x0748.png
0.226593,0.222865,0.224729,0.059991,-0.648158,0.97482,1.785228,Not Drowsy,Non Drowsy/x0752.png
0.199938,0.178446,0.189192,0.006664,-0.964573,0.395762,2.262588,Not Drowsy,Non Drowsy/x0756.png
0.214225,0.220122,0.217174,0.013502,-0.41405,-0.299767,1.943784,Not Drowsy,Non Drowsy/x0768.png
0.226126,0.209932,0.218029,0.006849,-0.564025,-0.713832,1.975653,Not Drowsy,Non Drowsy/x0772.png
0.195064,0.18833,0.191697,0.006847,-0.371621,-2.318565,1.559258,Not Drowsy,Non Drowsy/x0776.png
0.029363,0.041526,0.035444,0.0,0.100916,-3.329657,1.614774,Not Drowsy,Non Drowsy/x0780.png
0.195881,0.210691,0.203286,0.0,0.06676,-2.13343,1.555849,Not Drowsy,Non Drowsy/x0784.png
0.191163,0.19664,0.193902,0.006172,-0.671089,-0.19676,1.771874,Not Drowsy,Non Drowsy/x0787.png
0.191959,0.200716,0.196337,0.0,-0.479193,-2.986594,2.174197,Not Drowsy,Non Drowsy/x0792.png
0.22437,0.232113,0.228241,0.007031,-3.368396,5.068551,3.373862,Not Drowsy,Non Drowsy/x0799.png
0.215409,0.226786,0.221097,0.0,-2.576769,3.353792,3.028627,Not Drowsy,Non Drowsy/x0803.png
0.167465,0.162931,0.165198,0.01313,-1.929187,-3.533341,3.196811,Not Drowsy,Non Drowsy/x0807.png
0.23487,0.236729,0.2358,0.013877,-3.254453,12.801063,2.173394,Not Drowsy,Non Drowsy/x0826.png
0.2618,0.226314,0.244057,0.013884,-2.957723,9.977267,2.303538,Not Drowsy,Non Drowsy/x0830.png
0.232136,0.245119,0.238627,0.0,-3.125955,8.922284,2.774907,Not Drowsy,Non Drowsy/x0834.png
0.12467,0.129774,0.127222,0.013877,-3.362889,7.10926,2.349263,Not Drowsy,Non Drowsy/x0838.png
0.226866,0.222865,0.224865,0.006839,-2.421208,7.443072,2.594762,Not Drowsy,Non Drowsy/x0841.png
0.167323,0.17939,0.173356,0.006657,-3.094725,6.607572,2.508304,Not Drowsy,Non Drowsy/x0845.png
0.226273,0.232991,0.229632,0.006839,-2.275666,4.976651,2.626423,Not Drowsy,Non Drowsy/x0849.png
0.219926,0.213192,0.216559,0.007243,-2.971354,7.17842,1.744544,Not Drowsy,Non Drowsy/x0853.png
0.214399,0.207993,0.211196,0.014273,-2.300844,6.754823,2.175235,Not Drowsy,Non Drowsy/x0857.png
0.183575,0.192245,0.18791,0.0,-4.051337,1.670317,1.831603,Not Drowsy,Non Drowsy/x0861.png
0.200171,0.20281,0.201491,0.01313,-4.293517,2.132234,3.07305,Not Drowsy,Non Drowsy/x0865.png
0.216315,0.233655,0.224985,0.015455,-1.895371,0.035471,2.687378,Not Drowsy,Non Drowsy/x0869.png
0.214702,0.21536,0.215031,0.0,-0.523194,-3.963286,4.076669,Not Drowsy,Non Drowsy/x0873.png
0.20972,0.214884,0.212302,0.0,-0.486455,-2.463479,3.461493,Not Drowsy,Non Drowsy/x0876.png
0.195823,0.171547,0.183685,0.013469,0.056211,-3.876504,3.573961,Not Drowsy,Non Drowsy/x0880.png
0.204493,0.205592,0.205042,0.006311,0.176375,-2.846911,3.830262,Not Drowsy,Non Drowsy/x0884.png
0.183631,0.188931,0.186281,0.019936,-0.962628,-4.747794,3.459415,Not Drowsy,Non Drowsy/x0888.png
0.187266,0.206453,0.19686,0.009524,-1.095651,-3.010876,4.124993,Not Drowsy,Non Drowsy/x0892.png
0.202152,0.207745,0.204949,0.01648,-0.741886,-1.771904,4.034444,Not Drowsy,Non Drowsy/x0896.png
0.191163,0.214976,0.203069,0.01405,-0.521418,-1.702088,3.993409,Not Drowsy,Non Drowsy/x0900.png
0.19975,0.20532,0.202535,0.007017,-1.17637,-3.96602,4.509401,Not Drowsy,Non Drowsy/x0904.png
0.207745,0.176556,0.192151,0.006928,-0.348825,-2.783984,4.292414,Not Drowsy,Non Drowsy/x0908.png
0.202983,0.200528,0.201755,0.013483,-0.665311,-2.938021,3.981711,Not Drowsy,Non Drowsy/x0911.png
0.21008,0.215543,0.212812,0.013453,-0.425293,0.69505,4.118372,Not Drowsy,Non Drowsy/x0915.png
0.219601,0.226314,0.222957,0.017229,-2.082944,11.174922,2.725775,Not Drowsy,Non Drowsy/x0919.png
0.027406,0.011875,0.01964,0.0,-1.815547,9.428225,2.217907,Not Drowsy,Non Drowsy/x0923.png
0.22437,0.201556,0.212963,0.014062,-1.205745,6.907799,3.263119,Not Drowsy,Non Drowsy/x0927.png
0.23749,0.222799,0.230144,0.006844,-2.374287,8.205044,2.641135,Not Drowsy,Non Drowsy/x0931.png
0.207522,0.220863,0.214192,0.01674,-1.90661,5.259295,3.180352,Not Drowsy,Non Drowsy/x0935.png
0.193839,0.203065,0.198452,0.006491,-1.552905,-2.495072,-0.036665,Not Drowsy,Non Drowsy/x0939.png
0.232714,0.2226,0.227657,0.007142,-1.038632,14.816794,0.755201,Not Drowsy,Non Drowsy/x0943.png
0.226102,0.213704,0.219903,0.0101,-1.530221,10.382443,1.056309,Not Drowsy,Non Drowsy/x0946.png
0.21536,0.2226,0.21898,0.013693,-1.143233,7.399312,1.357091,Not Drowsy,Non Drowsy/x0963.png
0.219926,0.200778,0.210352,0.006938,-1.072554,4.85607,2.015439,Not Drowsy,Non Drowsy/x0978.png
0.195823,0.200716,0.198269,0.013877,-1.171429,4.795153,1.727324,Not Drowsy,Non Drowsy/x0982.png
0.200716,0.2,0.200358,0.006938,-1.298978,3.583297,1.760696,Not Drowsy,Non Drowsy/x0989.png
0.214884,0.208014,0.211449,0.006844,-1.044404,5.34535,1.464475,Not Drowsy,Non Drowsy/x0993.png
0.214043,0.210754,0.212398,0.006844,-1.424402,4.152576,2.061966,Not Drowsy,Non Drowsy/x0998.png
0.220122,0.220863,0.220493,0.013884,-1.197357,4.409811,1.934847,Not Drowsy,Non Drowsy/x1002.png
0.221914,0.219512,0.220713,0.013323,-1.550707,3.85536,1.76264,Not Drowsy,Non Drowsy/x1009.png
0.214702,0.208752,0.211727,0.013877,-1.303725,4.796872,1.879736,Not Drowsy,Non Drowsy/x1012.png
0.231505,0.227313,0.229409,0.014491,-2.153073,11.863154,1.767384,Not Drowsy,Non Drowsy/x1016.png
0.262736,0.26853,0.265633,0.0,-2.705013,15.859378,2.739041,Not Drowsy,Non Drowsy/x1021.png
0.238675,0.232922,0.235798,0.013888,-1.254351,8.534531,1.865605,Not Drowsy,Non Drowsy/x1026.png
0.215543,0.231638,0.223591,0.00625,-0.691465,1.882587,0.138815,Not Drowsy,Non Drowsy/x1030.png
0.225261,0.236088,0.230675,0.007042,-0.420138,13.360053,1.776464,Not Drowsy,Non Drowsy/x1034.png
0.219601,0.201493,0.210547,0.007039,-1.38619,10.458525,1.96029,Not Drowsy,Non Drowsy/x1038.png
0.225411,0.213904,0.219657,0.0,-1.267295,7.662104,1.575903,Not Drowsy,Non Drowsy/x1042.png
0.203065,0.203724,0.203394,0.0,-1.396702,6.116944,0.81944,Not Drowsy,Non Drowsy/x1046.png
0.163535,0.163337,0.163436,0.006942,-1.142826,4.318623,1.603246,Not Drowsy,Non Drowsy/x1049.png
0.195881,0.188388,0.192135,0.007039,-0.889769,2.900478,1.725648,Not Drowsy,Non Drowsy/x1064.png
0.175888,0.180339,0.178114,0.0,-1.014239,2.579412,1.557879,Not Drowsy,Non Drowsy/x1068.png
0.183686,0.175833,0.17976,0.007039,-0.832672,3.185718,1.680807,Not Drowsy,Non Drowsy/x1072.png
0.200778,0.206725,0.203751,0.0,-1.005654,1.827904,1.753998,Not Drowsy,Non Drowsy/x1076.png
0.24351,0.231885,0.237697,0.01428,-0.956014,10.706086,1.944343,Not Drowsy,Non Drowsy/x1100.png
0.231505,0.233986,0.232746,0.0,-0.842528,9.506407,1.794878,Not Drowsy,Non Drowsy/x1104.png
0.296478,0.283947,0.290212,0.007142,-1.315526,11.053256,1.626479,Not Drowsy,Non Drowsy/x1108.png
0.244465,0.220797,0.232631,0.013693,-1.416849,6.907459,2.121728,Not Drowsy,Non Drowsy/x1112.png
0.208504,0.200778,0.204641,0.014072,-0.774687,7.172746,2.055521,Not Drowsy,Non Drowsy/x1115.png
0.209076,0.239215,0.224146,0.0,-0.972321,-0.332951,2.637474,Not Drowsy,Non Drowsy/x1119.png
0.237525,0.226385,0.231955,0.007131,-1.562834,7.51635,2.843504,Not Drowsy,Non Drowsy/x1125.png
0.212595,0.223846,0.218221,0.006485,-1.587936,12.223488,2.987151,Not Drowsy,Non Drowsy/x1129.png
0.23109,0.226314,0.228702,0.006574,-1.812689,8.07109,2.634898,Not Drowsy,Non Drowsy/x1133.png
0.049243,0.067458,0.058351,0.017492,-4.02194,16.503161,1.556909,Not Drowsy,Non Drowsy/x1139.png
0.255493,0.248659,0.252076,0.007136,-2.327237,12.425025,2.817891,Not Drowsy,Non Drowsy/x1143.png
0.215056,0.203856,0.209456,0.007131,-2.121882,9.506029,2.720105,Not Drowsy,Non Drowsy/x1147.png
0.2047,0.215543,0.210121,0.0,-2.261543,8.001035,2.497874,Not Drowsy,Non Drowsy/x1151.png
0.249836,0.253438,0.251637,0.0,-1.773971,21.426126,1.986716,Not Drowsy,Non Drowsy/x1166.png
0.246267,0.242644,0.244456,0.007246,-1.907625,17.101327,1.96361,Not Drowsy,Non Drowsy/x1170.png
0.220274,0.215753,0.218014,0.007142,-1.648435,12.202788,1.680227,Not Drowsy,Non Drowsy/x1178.png
0.212681,0.209014,0.210848,0.007243,-1.755778,10.572037,2.008438,Not Drowsy,Non Drowsy/x1182.png
0.21536,0.201556,0.208458,0.014079,-2.076887,8.465962,1.683157,Not Drowsy,Non Drowsy/x1186.png
0.185996,0.191001,0.188499,0.013314,-1.54316,1.200249,2.61127,Not Drowsy,Non Drowsy/x1204.png
0.256043,0.236519,0.246281,0.0,-2.610793,15.554604,2.198088,Not Drowsy,Non Drowsy/x1208.png
0.254763,0.240567,0.247665,0.00714,-2.093521,12.132013,2.187586,Not Drowsy,Non Drowsy/x1212.png
0.243859,0.238741,0.2413,0.017229,-2.477133,9.697084,2.275301,Not Drowsy,Non Drowsy/x1216.png
0.096676,0.110832,0.103754,0.006844,-2.648228,7.737999,2.385426,Not Drowsy,Non Drowsy/x1219.png
0.214702,0.217497,0.216099,0.013687,-1.800755,6.664511,2.345719,Not Drowsy,Non Drowsy/x1223.png
0.028072,0.062264,0.045168,0.006938,-1.61929,7.658888,1.846333,Not Drowsy,Non Drowsy/x1227.png
0.239012,0.238816,0.238914,0.0,-2.352597,6.501785,2.105665,Not Drowsy,Non Drowsy/x1231.png
0.238082,0.208076,0.223079,0.016511,-2.319487,6.22577,2.638301,Not Drowsy,Non Drowsy/x1235.png
0.21536,0.226385,0.220873,0.014273,-2.075832,6.753619,2.191626,Not Drowsy,Non Drowsy/x1239.png
0.214702,0.222865,0.218783,0.007136,-1.959486,6.183236,2.307956,Not Drowsy,Non Drowsy/x1243.png
0.221335,0.220122,0.220729,0.006747,-1.997509,4.642921,2.559004,Not Drowsy,Non Drowsy/x1247.png
0.221037,0.191959,0.206498,0.016299,-1.863745,4.758362,2.576453,Not Drowsy,Non Drowsy/x1251.png
0.197195,0.207993,0.202594,0.006839,-2.319342,4.271269,2.352804,Not Drowsy,Non Drowsy/x1254.png
0.214702,0.225622,0.220162,0.016511,-2.257888,4.910466,2.508767,Not Drowsy,Non Drowsy/x1258.png
0.210363,0.215543,0.212953,0.006657,-2.107811,4.234833,2.592695,Not Drowsy,Non Drowsy/x1262.png
0.208795,0.227444,0.218119,0.006844,-2.258748,5.173189,2.659649,Not Drowsy,Non Drowsy/x1266.png
0.21536,0.222865,0.219113,0.013494,-1.911462,4.994594,2.702184,Not Drowsy,Non Drowsy/x1270.png
0.220394,0.210754,0.215574,0.006839,-2.189397,4.805161,2.630707,Not Drowsy,Non Drowsy/x1274.png
0.243961,0.254237,0.249099,0.00735,-1.251445,15.014648,1.553281,Not Drowsy,Non Drowsy/x1280.png
0.219251,0.226314,0.222783,0.00714,-1.576681,9.156246,1.938874,Not Drowsy,Non Drowsy/x1289.png
0.219926,0.189167,0.204546,0.007243,-1.272246,8.468659,1.890265,Not Drowsy,Non Drowsy/x1293.png
0.20972,0.220188,0.214954,0.013502,-2.027084,6.801501,2.124875,Not Drowsy,Non Drowsy/x1296.png
0.225411,0.215955,0.220683,0.006938,-1.156963,6.217412,2.137868,Not Drowsy,Non Drowsy/x1300.png
0.225411,0.213192,0.219302,0.00724,-1.407616,6.174696,2.169588,Not Drowsy,Non Drowsy/x1304.png
0.227186,0.244438,0.235812,0.006844,-1.944008,4.516177,2.388249,Not Drowsy,Non Drowsy/x1308.png
0.224572,0.221489,0.223031,0.0,-2.386934,10.029541,2.913888,Not Drowsy,Non Drowsy/x1312.png
0.269817,0.281035,0.275426,0.0,-2.899052,21.753849,3.23581,Not Drowsy,Non Drowsy/x1318.png
0.226419,0.2248,0.22561,0.0,-2.722458,13.707972,2.710463,Not Drowsy,Non Drowsy/x1328.png
0.219601,0.215955,0.217778,0.007131,-3.31002,10.331197,3.429776,Not Drowsy,Non Drowsy/x1334.png
0.202864,0.226385,0.214624,0.007125,-3.36241,10.004813,3.178978,Not Drowsy,Non Drowsy/x1340.png
0.026825,0.015923,0.021374,0.0,-2.5601,7.899137,3.325165,Not Drowsy,Non Drowsy/x1343.png
0.238082,0.222799,0.230441,0.006934,-2.334304,8.518024,3.24534,Not Drowsy,Non Drowsy/x1348.png
0.226273,0.228437,0.227355,0.023673,-2.992276,7.612932,3.031623,Not Drowsy,Non Drowsy/x1352.png
0.214399,0.220797,0.217598,0.006747,-2.401071,6.608563,3.101641,Not Drowsy,Non Drowsy/x1356.png
0.216037,0.215543,0.21579,0.013494,-2.691823,7.327826,2.74232,Not Drowsy,Non Drowsy/x1360.png
0.226273,0.220797,0.223535,0.006839,-2.078408,6.009905,3.21396,Not Drowsy,Non Drowsy/x1364.png
0.190261,0.196582,0.193421,0.013687,-2.475461,6.863015,2.837318,Not Drowsy,Non Drowsy/x1373.png
0.232886,0.215543,0.224215,0.013494,-2.227277,6.410064,2.975554,Not Drowsy,Non Drowsy/x1377.png
0.219601,0.226314,0.222957,0.013868,-2.488768,6.256415,3.05547,Not Drowsy,Non Drowsy/x1381.png
0.218927,0.222865,0.220896,0.006938,-1.773294,5.573388,2.637177,Not Drowsy,Non Drowsy/x1384.png
0.219926,0.226385,0.223155,0.007036,-2.019989,5.451424,2.746349,Not Drowsy,Non Drowsy/x1397.png
0.200528,0.201493,0.201011,0.007131,-1.676451,6.237704,3.077677,Not Drowsy,Non Drowsy/x1401.png
0.200528,0.189167,0.194847,0.0,-1.311396,5.818627,2.734943,Not Drowsy,Non Drowsy/x1405.png
0.214399,0.20869,0.211544,0.0,-2.100553,5.355186,2.798065,Not Drowsy,Non Drowsy/x1409.png
0.21536,0.220188,0.217774,0.0,-1.46796,5.522718,2.257068,Not Drowsy,Non Drowsy/x1420.png
0.219601,0.232113,0.225857,0.013868,-2.03715,5.141814,2.76013,Not Drowsy,Non Drowsy/x1424.png
0.219601,0.210754,0.215177,0.019625,-1.56265,5.994208,2.787096,Not Drowsy,Non Drowsy/x1428.png
0.202892,0.196582,0.199737,0.006844,-2.338256,5.710516,2.688939,Not Drowsy,Non Drowsy/x1434.png
0.214043,0.207931,0.210987,0.020815,-1.694809,3.974161,2.632293,Not Drowsy,Non Drowsy/x1437.png
0.191163,0.207931,0.199547,0.006938,-1.901847,4.988556,2.192666,Not Drowsy,Non Drowsy/x1443.png
0.209076,0.195823,0.20245,0.006844,-1.512282,3.442365,2.379213,Not Drowsy,Non Drowsy/x1447.png
0.214225,0.195823,0.205024,0.006934,-1.462712,4.338769,2.422182,Not Drowsy,Non Drowsy/x1451.png
0.195649,0.183631,0.18964,0.006934,-1.633954,4.591979,2.573553,Not Drowsy,Non Drowsy/x1455.png
0.195823,0.180339,0.188081,0.007036,-1.740263,1.583817,2.049105,Not Drowsy,Non Drowsy/x1459.png
0.183794,0.175833,0.179813,0.006844,-1.453371,0.453415,2.022117,Not Drowsy,Non Drowsy/x1479.png
0.174945,0.175669,0.175307,0.014062,-1.466735,-1.283501,2.302397,Not Drowsy,Non Drowsy/x1483.png
0.18833,0.188043,0.188186,0.020815,-1.165335,1.200237,2.057129,Not Drowsy,Non Drowsy/x1487.png
0.214702,0.196582,0.205642,0.0,-1.244624,0.870512,2.384127,Not Drowsy,Non Drowsy/x1490.png
0.19975,0.179166,0.189458,0.014468,-1.646942,2.951558,3.408158,Not Drowsy,Non Drowsy/x1494.png
0.171547,0.188931,0.180239,0.01674,-1.527746,0.851964,3.140276,Not Drowsy,Non Drowsy/x1498.png
0.198345,0.219447,0.208896,0.019721,-0.983367,-1.262713,1.659624,Not Drowsy,Non Drowsy/x1505.png
0.190476,0.206453,0.198465,0.009672,-3.333489,-3.977471,2.295696,Not Drowsy,Non Drowsy/x1509.png
0.249922,0.244229,0.247075,0.014072,-3.05457,6.368925,2.130182,Not Drowsy,Non Drowsy/x1513.png
0.250003,0.2246,0.237301,0.007039,-2.751046,12.184731,2.058936,Not Drowsy,Non Drowsy/x1517.png
0.219926,0.200716,0.210321,0.020815,-1.758775,7.70392,1.853462,Not Drowsy,Non Drowsy/x1523.png
0.288477,0.266258,0.277367,0.010703,-3.844425,0.806985,5.260354,Not Drowsy,Non Drowsy/y0003.png
0.282188,0.28317,0.282679,0.0,-5.961635,2.874783,-1.464973,Not Drowsy,Non Drowsy/y0006.png
0.309136,0.280906,0.295021,0.186456,-2.185374,4.953646,-3.644202,Not Drowsy,Non Drowsy/y0010.png
0.294223,0.304357,0.29929,0.117059,0.534354,5.623442,-0.478607,Not Drowsy,Non Drowsy/y0014.png
0.322381,0.309492,0.315936,0.008464,-1.01876,5.501862,-1.621596,Not Drowsy,Non Drowsy/y0018.png
0.328319,0.305052,0.316685,0.175568,0.561474,3.515515,0.671799,Not Drowsy,Non Drowsy/y0022.png
0.30118,0.295848,0.298514,0.0,1.473511,5.51518,5.407292,Not Drowsy,Non Drowsy/y0026.png
0.302107,0.295055,0.298581,0.066657,-1.509161,4.646222,3.754177,Not Drowsy,Non Drowsy/y0030.png
0.286299,0.296807,0.291553,0.172108,-4.294311,4.41183,0.416208,Not Drowsy,Non Drowsy/y0034.png
0.314453,0.280906,0.297679,0.101012,1.43682,5.942646,0.32046,Not Drowsy,Non Drowsy/y0038.png
0.327722,0.292257,0.30999,0.016393,7.856825,5.449505,1.877128,Not Drowsy,Non Drowsy/y0041.png
0.194273,0.218962,0.206618,0.0,-0.633443,4.744526,-0.668049,Not Drowsy,Non Drowsy/y0045.png
0.287065,0.301731,0.294398,0.007809,-4.275193,5.765871,-1.462429,Not Drowsy,Non Drowsy/y0049.png
0.303759,0.310087,0.306923,0.15682,-5.525025,4.582938,-1.390704,Not Drowsy,Non Drowsy/y0053.png
0.291459,0.304719,0.298089,0.088606,-4.89346,6.564669,-1.683621,Not Drowsy,Non Drowsy/y0057.png
0.304043,0.296465,0.300254,0.19038,-4.558004,4.118217,-1.194889,Not Drowsy,Non Drowsy/y0061.png
0.317435,0.328556,0.322995,0.022222,-11.556312,12.923824,-1.620415,Not Drowsy,Non Drowsy/y0067.png
0.269501,0.294592,0.282047,0.094202,-7.066513,5.114254,1.503481,Not Drowsy,Non Drowsy/y0071.png
0.304357,0.301507,0.302932,0.158136,-5.178946,8.028825,-2.19809,Not Drowsy,Non Drowsy/y0075.png
0.316746,0.316228,0.316487,0.15555,-4.702191,6.626722,-1.65342,Not Drowsy,Non Drowsy/y0079.png
0.308847,0.32018,0.314514,0.188297,-4.503928,6.73837,-1.721466,Not Drowsy,Non Drowsy/y0082.png
0.316746,0.312557,0.314651,0.104621,-4.121004,6.114895,-1.917727,Not Drowsy,Non Drowsy/y0086.png
0.305012,0.321053,0.313033,0.166895,-3.837982,7.133342,-2.572144,Not Drowsy,Non Drowsy/y0090.png
0.308826,0.310309,0.309567,0.023392,-3.113213,9.090462,-2.907283,Not Drowsy,Non Drowsy/y0094.png
0.336104,0.313657,0.324881,0.011727,-4.127613,9.217368,-4.006205,Not Drowsy,Non Drowsy/y0098.png
0.293848,0.30386,0.298854,0.161786,-5.79563,8.19066,-2.400152,Not Drowsy,Non Drowsy/y0102.png
0.297046,0.318386,0.307716,0.008048,-3.709006,7.520767,-3.600308,Not Drowsy,Non Drowsy/y0106.png
0.309136,0.318386,0.313761,0.07243,-3.795849,6.559459,-3.287535,Not Drowsy,Non Drowsy/y0110.png
0.305012,0.310309,0.30766,0.071363,-3.706157,7.635365,-3.062298,Not Drowsy,Non Drowsy/y0114.png
0.305157,0.311996,0.308576,0.085401,-3.727495,7.629557,-3.291666,Not Drowsy,Non Drowsy/y0117.png
0.304757,0.300421,0.302589,0.008179,0.707894,8.23913,-3.527501,Not Drowsy,Non Drowsy/y0129.png
0.297046,0.321053,0.309049,0.042276,-1.729996,9.540184,-3.16757,Not Drowsy,Non Drowsy/y0133.png
0.313623,0.299115,0.306369,0.065791,-0.679366,9.268125,-0.507884,Not Drowsy,Non Drowsy/y0137.png
0.304043,0.306758,0.3054,0.03222,-3.255245,3.212807,-1.891605,Not Drowsy,Non Drowsy/y0141.png
0.303759,0.329645,0.316702,0.057308,-6.087402,4.848523,-0.752061,Not Drowsy,Non Drowsy/y0145.png
0.328735,0.28907,0.308903,0.173298,1.475732,2.80967,-5.436357,Not Drowsy,Non Drowsy/y0149.png
0.321287,0.316746,0.319016,0.015865,-0.32096,4.524384,-1.463954,Not Drowsy,Non Drowsy/y0153.png
0.304657,0.296722,0.30069,0.151935,-1.696599,4.36357,-1.176953,Not Drowsy,Non Drowsy/y0157.png
0.304043,0.331069,0.317556,0.007933,-3.615855,4.52322,-1.24893,Not Drowsy,Non Drowsy/y0160.png
0.306303,0.310087,0.308195,0.134768,-5.744627,2.459363,-1.021297,Not Drowsy,Non Drowsy/y0164.png
0.271393,0.287952,0.279673,0.014884,-6.029215,9.568431,-3.254411,Not Drowsy,Non Drowsy/y0168.png
0.309064,0.326893,0.317979,0.0,-6.37265,10.435717,-3.940614,Not Drowsy,Non Drowsy/y0172.png
0.301332,0.335864,0.318598,0.008027,-5.805507,6.641717,-4.269073,Not Drowsy,Non Drowsy/y0176.png
0.293498,0.300421,0.29696,0.019379,-7.276065,7.298859,-4.067795,Not Drowsy,Non Drowsy/y0180.png
0.304757,0.335049,0.319903,0.024537,-4.269093,4.557472,-3.750445,Not Drowsy,Non Drowsy/y0184.png
0.317058,0.326893,0.321976,0.132873,-4.951272,5.718289,-3.571318,Not Drowsy,Non Drowsy/y0188.png
0.316584,0.329631,0.323108,0.0,-5.150839,6.59697,-3.177828,Not Drowsy,Non Drowsy/y0192.png
0.320661,0.328565,0.324613,0.09494,-5.817273,8.248698,-3.615548,Not Drowsy,Non Drowsy/y0195.png
0.32502,0.325836,0.325428,0.052026,-6.647527,8.352556,-3.402725,Not Drowsy,Non Drowsy/y0199.png
0.297754,0.324499,0.311126,0.076175,-5.265362,8.288215,-3.56694,Not Drowsy,Non Drowsy/y0203.png
0.297046,0.303396,0.300221,0.0,-4.64372,7.630312,-3.554781,Not Drowsy,Non Drowsy/y0207.png
0.306083,0.309404,0.307744,0.185027,-3.44718,6.015824,-3.917192,Not Drowsy,Non Drowsy/y0211.png
0.305012,0.302415,0.303713,0.048231,-3.641517,8.012035,-3.795536,Not Drowsy,Non Drowsy/y0215.png
0.297754,0.320068,0.308911,0.076348,-3.944827,8.251696,-4.111174,Not Drowsy,Non Drowsy/y0219.png
0.276333,0.32372,0.300026,0.049393,-5.62305,8.191221,-2.732845,Not Drowsy,Non Drowsy/y0223.png
0.278368,0.314778,0.296573,0.008315,-9.248018,10.358196,-2.417317,Not Drowsy,Non Drowsy/y0227.png
0.294174,0.309492,0.301833,0.02456,-8.534372,9.823841,-1.979292,Not Drowsy,Non Drowsy/y0230.png
0.297501,0.330467,0.313984,0.008179,-9.018141,8.831979,-2.424347,Not Drowsy,Non Drowsy/y0234.png
0.30474,0.312557,0.308649,0.074834,-8.919972,7.679933,-2.277222,Not Drowsy,Non Drowsy/y0238.png
0.308641,0.308665,0.308653,0.200787,-4.615007,3.982802,-3.169049,Not Drowsy,Non Drowsy/y0242.png
0.321387,0.338494,0.329941,0.008305,-2.314321,4.070189,-4.075089,Not Drowsy,Non Drowsy/y0246.png
0.175682,0.167921,0.171802,0.055493,-2.98424,2.003204,-0.989035,Not Drowsy,Non Drowsy/y0250.png
0.320749,0.325228,0.322989,0.143226,0.488455,4.619509,-4.050455,Not Drowsy,Non Drowsy/y0259.png
0.32803,0.314617,0.321323,0.008277,1.759285,7.97571,-6.963064,Not Drowsy,Non Drowsy/y0263.png
0.332115,0.32906,0.330587,0.02928,2.05154,7.160966,-7.315083,Not Drowsy,Non Drowsy/y0267.png
0.340037,0.320821,0.330429,0.143942,0.685774,6.998349,-6.413769,Not Drowsy,Non Drowsy/y0270.png
0.320129,0.304557,0.312343,0.016315,-2.479332,7.2223,-4.98624,Not Drowsy,Non Drowsy/y0274.png
0.311309,0.294674,0.302991,0.011682,0.215794,3.394443,-8.15184,Not Drowsy,Non Drowsy/y0278.png
0.307593,0.290204,0.298898,0.015473,-1.769903,4.864716,-7.979422,Not Drowsy,Non Drowsy/y0282.png
0.284164,0.282503,0.283334,0.007888,0.080016,6.778919,-6.156834,Not Drowsy,Non Drowsy/y0286.png
0.309233,0.310179,0.309706,0.007766,-5.504876,4.187269,-5.819806,Not Drowsy,Non Drowsy/y0290.png
0.308515,0.324177,0.316346,0.016315,-6.064555,7.048492,-5.587582,Not Drowsy,Non Drowsy/y0294.png
0.296998,0.321165,0.309081,0.016287,-6.898682,7.331532,-5.436208,Not Drowsy,Non Drowsy/y0298.png
0.300925,0.307612,0.304269,0.114203,-5.723253,7.259706,-5.36975,Not Drowsy,Non Drowsy/y0302.png
0.280938,0.300421,0.290679,0.132808,-5.34324,6.294209,-5.208284,Not Drowsy,Non Drowsy/y0305.png
0.305012,0.325836,0.315424,0.030731,-5.850804,6.89242,-5.152488,Not Drowsy,Non Drowsy/y0309.png
0.280938,0.29945,0.290194,0.097888,-5.254119,7.185372,-5.068845,Not Drowsy,Non Drowsy/y0313.png
0.289844,0.316228,0.303036,0.112378,-5.259406,8.163346,-5.345126,Not Drowsy,Non Drowsy/y0317.png
0.291467,0.319251,0.305359,0.04843,-3.528641,8.822923,-5.957316,Not Drowsy,Non Drowsy/y0321.png
0.285396,0.297642,0.291519,0.047328,-3.031075,8.043036,-6.130171,Not Drowsy,Non Drowsy/y0325.png
0.292617,0.294099,0.293358,0.016862,-4.875496,8.662591,-5.384309,Not Drowsy,Non Drowsy/y0329.png
0.292526,0.294099,0.293312,0.016584,-4.465877,9.070728,-5.729522,Not Drowsy,Non Drowsy/y0333.png
0.296998,0.301228,0.299113,0.0,-4.831293,9.260612,-5.883563,Not Drowsy,Non Drowsy/y0337.png
0.28847,0.315621,0.302046,0.00806,-4.544118,9.966711,-1.958133,Not Drowsy,Non Drowsy/y0340.png
0.284955,0.301183,0.293069,0.025454,-3.661727,6.700721,-2.314013,Not Drowsy,Non Drowsy/y0344.png
0.287296,0.307738,0.297517,0.024143,-6.044717,6.859611,-2.691407,Not Drowsy,Non Drowsy/y0348.png
0.289547,0.323128,0.306337,0.015595,-6.611429,7.215032,-2.271021,Not Drowsy,Non Drowsy/y0352.png
0.296768,0.329013,0.31289,0.0,-6.959775,7.345924,-1.533189,Not Drowsy,Non Drowsy/y0356.png
0.324023,0.328187,0.326105,0.047694,-2.23128,2.47647,-6.175428,Not Drowsy,Non Drowsy/y0363.png
0.296139,0.304939,0.300539,0.076064,-2.883651,3.583813,-4.977779,Not Drowsy,Non Drowsy/y0367.png
0.316228,0.326053,0.321141,0.030775,-3.768784,3.989289,-3.804799,Not Drowsy,Non Drowsy/y0371.png
0.309136,0.336764,0.32295,0.12684,-3.662343,4.353577,-2.809263,Not Drowsy,Non Drowsy/y0375.png
0.313455,0.319703,0.316579,0.033552,-3.856584,4.369469,-2.4943,Not Drowsy,Non Drowsy/y0378.png
0.299205,0.328319,0.313762,0.0,-4.984877,5.234778,-2.235442,Not Drowsy,Non Drowsy/y0382.png
0.297046,0.316228,0.306637,0.024143,-4.418687,5.915858,-2.537164,Not Drowsy,Non Drowsy/y0386.png
0.284955,0.291215,0.288085,0.097653,-4.690476,4.992342,-1.888388,Not Drowsy,Non Drowsy/y0390.png
0.31472,0.287592,0.301156,0.178113,0.605519,1.858708,-7.755181,Not Drowsy,Non Drowsy/y0394.png
0.323381,0.312466,0.317923,0.041225,0.958677,2.99421,-7.433808,Not Drowsy,Non Drowsy/y0398.png
0.32423,0.310983,0.317606,0.188888,-1.218924,3.129044,-6.190375,Not Drowsy,Non Drowsy/y0402.png
0.320644,0.302941,0.311792,0.051865,-0.519084,3.728563,-5.711665,Not Drowsy,Non Drowsy/y0406.png
0.341982,0.329061,0.335521,0.175111,-0.287097,4.556232,-5.458697,Not Drowsy,Non Drowsy/y0410.png
0.305012,0.309404,0.307208,0.035566,-1.938721,4.452476,-5.738642,Not Drowsy,Non Drowsy/y0413.png
0.278009,0.298607,0.288308,0.027012,-2.722077,5.242786,-5.149431,Not Drowsy,Non Drowsy/y0417.png
0.320749,0.322517,0.321633,0.193423,-1.990495,5.333291,-5.103641,Not Drowsy,Non Drowsy/y0421.png
0.316228,0.315793,0.31601,0.027406,-1.7193,6.718862,-5.008252,Not Drowsy,Non Drowsy/y0425.png
0.293586,0.31741,0.305498,0.052026,-2.534107,7.01999,-4.888851,Not Drowsy,Non Drowsy/y0429.png
0.296909,0.312643,0.304776,0.074848,-3.93045,7.786863,-4.670308,Not Drowsy,Non Drowsy/y0433.png
0.312228,0.305755,0.308992,0.055709,-2.374385,8.059892,-4.898052,Not Drowsy,Non Drowsy/y0437.png
0.293303,0.290619,0.291961,0.081693,-3.683052,8.663048,-4.667523,Not Drowsy,Non Drowsy/y0441.png
0.272367,0.305052,0.28871,0.018562,-5.58501,5.54318,-0.093074,Not Drowsy,Non Drowsy/y0445.png
0.277151,0.266895,0.272023,0.015595,-4.756302,7.733342,-3.454205,Not Drowsy,Non Drowsy/y0448.png
0.285044,0.281546,0.283295,0.032717,-4.200508,8.223215,-3.862715,Not Drowsy,Non Drowsy/y0452.png
0.312633,0.318386,0.31551,0.153619,-3.847941,6.973302,-2.966311,Not Drowsy,Non Drowsy/y0456.png
0.299116,0.325058,0.312087,0.047595,-2.396146,5.111536,-1.47294,Not Drowsy,Non Drowsy/y0460.png
0.295848,0.303274,0.299561,0.007635,-3.455787,5.612975,-7.17251,Not Drowsy,Non Drowsy/y0464.png
0.293216,0.285179,0.289198,0.007678,0.512899,10.939252,-3.597383,Not Drowsy,Non Drowsy/y0469.png
0.328477,0.322902,0.325689,0.0,-1.242214,9.182067,-4.013054,Not Drowsy,Non Drowsy/y0473.png
0.329628,0.316765,0.323196,0.140842,0.032077,4.879512,-4.421686,Not Drowsy,Non Drowsy/y0477.png
0.324885,0.325836,0.32536,0.007901,-1.190418,7.873796,-4.822577,Not Drowsy,Non Drowsy/y0481.png
0.32803,0.303396,0.315713,0.008048,-1.995719,8.658896,-3.975623,Not Drowsy,Non Drowsy/y0484.png
0.312633,0.315793,0.314213,0.0,-1.239777,4.974297,-3.842981,Not Drowsy,Non Drowsy/y0488.png
0.321387,0.314176,0.317782,0.162153,-1.153469,4.365877,-4.999286,Not Drowsy,Non Drowsy/y0492.png
0.316623,0.331307,0.323965,0.069027,-0.465205,5.297528,-4.610729,Not Drowsy,Non Drowsy/y0496.png
0.324635,0.316765,0.3207,0.091917,-0.632973,5.440323,-4.916666,Not Drowsy,Non Drowsy/y0500.png
0.31273,0.315793,0.314262,0.074329,-1.028371,5.350168,-4.643615,Not Drowsy,Non Drowsy/y0504.png
0.308423,0.305495,0.306959,0.087499,-2.230588,6.392831,-4.247637,Not Drowsy,Non Drowsy/y0508.png
0.339931,0.309404,0.324667,0.157317,2.404965,6.254572,-5.789113,Not Drowsy,Non Drowsy/y0512.png
0.328132,0.318386,0.323259,0.246302,-1.138086,5.397965,-4.728121,Not Drowsy,Non Drowsy/y0516.png
0.315833,0.32718,0.321507,0.207747,-1.710569,3.941566,-6.651989,Not Drowsy,Non Drowsy/y0519.png
0.316228,0.315793,0.31601,0.142132,-1.950069,5.28169,-5.46737,Not Drowsy,Non Drowsy/y0523.png
0.317162,0.32718,0.322171,0.09298,-1.423749,4.534343,-5.259251,Not Drowsy,Non Drowsy/y0527.png
0.305103,0.315793,0.310448,0.177128,-2.517009,5.348269,-5.401193,Not Drowsy,Non Drowsy/y0531.png
0.301601,0.309176,0.305388,0.138509,-1.971844,4.536931,-5.604337,Not Drowsy,Non Drowsy/y0535.png
0.316961,0.316765,0.316863,0.016609,3.497928,9.974515,-4.66412,Not Drowsy,Non Drowsy/y0539.png
0.320129,0.310309,0.315219,0.156329,-2.374216,5.911599,-4.468255,Not Drowsy,Non Drowsy/y0543.png
0.31273,0.324177,0.318453,0.177094,-2.795753,5.521584,-4.55356,Not Drowsy,Non Drowsy/y0547.png
0.308641,0.312643,0.310642,0.008431,-3.597111,9.945957,-5.360326,Not Drowsy,Non Drowsy/y0551.png
0.305103,0.316228,0.310665,0.141942,-1.614785,6.76202,-5.399308,Not Drowsy,Non Drowsy/y0554.png
0.316228,0.315793,0.31601,0.08652,-1.052971,7.552329,-4.862502,Not Drowsy,Non Drowsy/y0558.png
0.312507,0.30703,0.309769,0.073552,-1.523208,8.002547,-5.843667,Not Drowsy,Non Drowsy/y0562.png
0.296998,0.315793,0.306395,0.0,-0.94085,7.992006,-5.345034,Not Drowsy,Non Drowsy/y0566.png
0.320129,0.314617,0.317373,0.146479,-0.744843,7.1655,-5.415467,Not Drowsy,Non Drowsy/y0570.png
0.27916,0.296722,0.287941,0.0,-3.232926,6.095542,-1.283012,Not Drowsy,Non Drowsy/y0574.png
0.277761,0.296211,0.286986,0.008187,-2.842203,10.146093,-1.614891,Not Drowsy,Non Drowsy/y0578.png
0.301332,0.32372,0.312526,0.164318,-2.689304,9.2061,-2.530534,Not Drowsy,Non Drowsy/y0582.png
0.305012,0.315507,0.310259,0.041426,-2.520589,9.106105,-3.431555,Not Drowsy,Non Drowsy/y0586.png
0.302137,0.297744,0.29994,0.116832,-3.572736,8.347348,-3.3526,Not Drowsy,Non Drowsy/y0589.png
0.339931,0.350348,0.345139,0.122168,-2.157313,2.20597,-4.61694,Not Drowsy,Non Drowsy/y0593.png
0.301332,0.315143,0.308238,0.019043,-2.473204,1.763676,-6.157911,Not Drowsy,Non Drowsy/y0597.png
0.328185,0.332573,0.330379,0.09298,-1.498962,2.580306,-5.206322,Not Drowsy,Non Drowsy/y0601.png
0.309233,0.318691,0.313962,0.146687,-4.696507,3.117865,-4.194991,Not Drowsy,Non Drowsy/y0605.png
0.309233,0.336764,0.322998,0.031647,-4.660715,3.780044,-3.961943,Not Drowsy,Non Drowsy/y0609.png
0.292257,0.324384,0.30832,0.0,-3.540039,2.972067,-4.032804,Not Drowsy,Non Drowsy/y0613.png
0.32952,0.318386,0.323953,0.167452,-0.097073,3.090127,-3.817114,Not Drowsy,Non Drowsy/y0617.png
0.309233,0.292603,0.300918,0.023702,-0.56928,8.989799,-4.863601,Not Drowsy,Non Drowsy/y0621.png
0.300925,0.289944,0.295435,0.0,-0.551742,8.607702,-4.903049,Not Drowsy,Non Drowsy/y0624.png
0.297046,0.290837,0.293941,0.00766,-2.11712,8.928246,-4.125714,Not Drowsy,Non Drowsy/y0628.png
0.305012,0.292603,0.298807,0.015578,-3.423483,9.5886,-3.796904,Not Drowsy,Non Drowsy/y0632.png
0.320129,0.296876,0.308503,0.0,-1.852037,9.654225,-4.962032,Not Drowsy,Non Drowsy/y0636.png
0.304657,0.27314,0.288899,0.008027,0.145236,10.08249,-5.138401,Not Drowsy,Non Drowsy/y0641.png
0.308515,0.309404,0.30896,0.026152,-1.546498,9.647363,-4.798284,Not Drowsy,Non Drowsy/y0645.png
0.293586,0.290619,0.292102,0.007912,-1.194725,10.231054,-4.83265,Not Drowsy,Non Drowsy/y0649.png
0.305103,0.309404,0.307253,0.007778,-0.927392,9.643738,-4.75822,Not Drowsy,Non Drowsy/y0653.png
0.297838,0.296876,0.297357,0.015319,-2.195566,10.203257,-4.654011,Not Drowsy,Non Drowsy/y0657.png
0.283184,0.30179,0.292487,0.0,-1.540407,10.673619,-4.567304,Not Drowsy,Non Drowsy/y0660.png
0.283184,0.309404,0.296294,0.015089,-2.115611,9.869666,-4.777397,Not Drowsy,Non Drowsy/y0664.png
0.308423,0.310309,0.309366,0.015578,-0.571457,10.332239,-3.585471,Not Drowsy,Non Drowsy/y0668.png
0.320644,0.293584,0.307114,0.007635,2.150242,10.006443,-5.724048,Not Drowsy,Non Drowsy/y0672.png
0.308515,0.28957,0.299042,0.015296,0.052658,9.442326,-5.054364,Not Drowsy,Non Drowsy/y0676.png
0.304423,0.288865,0.296644,0.015557,0.267794,9.600642,-4.970241,Not Drowsy,Non Drowsy/y0680.png
0.308423,0.296876,0.30265,0.007778,-0.057882,10.146152,-4.444579,Not Drowsy,Non Drowsy/y0684.png
0.297838,0.309404,0.303621,0.0,-0.615492,10.45785,-4.512033,Not Drowsy,Non Drowsy/y0688.png
0.290833,0.304317,0.297575,0.015108,-1.417346,10.809801,-4.098899,Not Drowsy,Non Drowsy/y0692.png
0.30474,0.329631,0.317186,0.016077,-2.596848,10.005897,-3.333597,Not Drowsy,Non Drowsy/y0695.png
0.301332,0.2955,0.298416,0.023366,-2.358843,9.872101,-3.351652,Not Drowsy,Non Drowsy/y0699.png
0.316228,0.303728,0.309978,0.0,-0.43278,7.761488,-4.407762,Not Drowsy,Non Drowsy/y0703.png
0.320034,0.306252,0.313143,0.010816,-1.959418,4.965885,-6.395113,Not Drowsy,Non Drowsy/y0707.png
0.320328,0.309176,0.314752,0.02443,-2.837487,4.259852,-6.20087,Not Drowsy,Non Drowsy/y0711.png
0.316129,0.314176,0.315153,0.007752,-0.739276,7.345127,-6.222661,Not Drowsy,Non Drowsy/y0715.png
0.305103,0.315793,0.310448,0.007766,-1.749152,7.026377,-6.095902,Not Drowsy,Non Drowsy/y0719.png
0.320129,0.315793,0.317961,0.015296,-2.827279,7.967776,-5.954362,Not Drowsy,Non Drowsy/y0723.png
0.304328,0.298607,0.301467,0.0,-2.192904,8.966467,-5.647326,Not Drowsy,Non Drowsy/y0727.png
0.308515,0.310835,0.309675,0.024041,-3.558435,8.189054,-5.85202,Not Drowsy,Non Drowsy/y0731.png
0.316228,0.312643,0.314435,0.016054,-3.039592,9.578734,-5.704529,Not Drowsy,Non Drowsy/y0734.png
0.312794,0.312643,0.312718,0.008143,-3.266461,8.873789,-5.808184,Not Drowsy,Non Drowsy/y0738.png
0.308423,0.292603,0.300513,0.0,-3.804573,9.787793,-4.500285,Not Drowsy,Non Drowsy/y0742.png
0.304328,0.30449,0.304409,0.019379,-2.953893,8.729531,-5.454877,Not Drowsy,Non Drowsy/y0746.png
0.320129,0.31741,0.318769,0.015776,-4.187897,10.404803,-5.190765,Not Drowsy,Non Drowsy/y0750.png
0.308423,0.315793,0.312108,0.015802,-3.542769,9.503853,-5.126486,Not Drowsy,Non Drowsy/y0754.png
0.296998,0.311417,0.304207,0.008014,-3.762203,10.021009,-5.547958,Not Drowsy,Non Drowsy/y0758.png
0.296998,0.29945,0.298224,0.0,-4.26287,10.650473,-5.549764,Not Drowsy,Non Drowsy/y0762.png
0.301522,0.285858,0.29369,0.015473,0.884316,9.98826,-7.774776,Not Drowsy,Non Drowsy/y0766.png
0.282909,0.291215,0.287062,0.015089,-5.571725,10.485135,-3.547983,Not Drowsy,Non Drowsy/y0769.png
0.287273,0.311641,0.299457,0.015473,-3.286342,9.758124,-8.705758,Not Drowsy,Non Drowsy/y0773.png
0.296976,0.301175,0.299075,0.019309,-2.760679,9.435402,-8.438932,Not Drowsy,Non Drowsy/y0777.png
0.305075,0.285858,0.295466,0.015677,-1.503258,9.075566,-8.935882,Not Drowsy,Non Drowsy/y0781.png
0.300919,0.285271,0.293095,0.011111,-2.762306,9.523104,-8.736191,Not Drowsy,Non Drowsy/y0785.png
0.274041,0.301175,0.287608,0.008109,-2.906469,10.298512,-8.452967,Not Drowsy,Non Drowsy/y0789.png
0.297254,0.301175,0.299214,0.008241,-4.224084,11.04981,-8.318851,Not Drowsy,Non Drowsy/y0793.png
0.3058,0.294674,0.300237,0.008127,-4.476952,10.001593,-8.1414,Not Drowsy,Non Drowsy/y0797.png
0.294097,0.314617,0.304357,0.008109,-4.246148,9.926619,-8.142343,Not Drowsy,Non Drowsy/y0801.png
0.296645,0.285858,0.291251,0.015713,-2.699865,9.938608,-8.042038,Not Drowsy,Non Drowsy/y0804.png
0.297254,0.281395,0.289324,0.00826,-5.008269,10.691202,-7.819937,Not Drowsy,Non Drowsy/y0808.png
0.272202,0.292603,0.282403,0.015532,-4.880109,10.792486,-5.604501,Not Drowsy,Non Drowsy/y0812.png
0.300828,0.317258,0.309043,0.019122,-0.614255,12.844982,-2.52715,Not Drowsy,Non Drowsy/y0816.png
0.267451,0.292927,0.280189,0.008027,-7.036319,13.166172,-3.291452,Not Drowsy,Non Drowsy/y0820.png
0.267349,0.297809,0.282579,0.0,-7.401652,7.636106,-0.764883,Not Drowsy,Non Drowsy/y0824.png
0.289419,0.314252,0.301835,0.133259,-7.136788,2.217217,-0.951109,Not Drowsy,Non Drowsy/y0828.png
0.308847,0.309492,0.30917,0.007928,-5.869047,5.842087,-1.760209,Not Drowsy,Non Drowsy/y0832.png
0.301332,0.301183,0.301258,0.047565,-5.607607,5.498623,-2.017395,Not Drowsy,Non Drowsy/y0836.png
0.289805,0.293307,0.291556,0.0,-5.4694,5.661126,-1.746126,Not Drowsy,Non Drowsy/y0839.png
0.289547,0.307148,0.298347,0.0,-5.224017,6.740049,-2.101698,Not Drowsy,Non Drowsy/y0843.png
0.287348,0.309134,0.298241,0.026644,-6.200158,7.232566,-2.031525,Not Drowsy,Non Drowsy/y0847.png
0.278009,0.291215,0.284612,0.016096,-5.620455,7.143847,-2.468079,Not Drowsy,Non Drowsy/y0851.png
0.300828,0.298398,0.299613,0.01611,-4.476552,7.576336,-2.712787,Not Drowsy,Non Drowsy/y0855.png
0.206005,0.217403,0.211704,0.015296,-2.790962,11.672969,-6.060643,Not Drowsy,Non Drowsy/y0859.png
0.316228,0.310309,0.313268,0.0,-3.058142,12.483277,-2.928104,Not Drowsy,Non Drowsy/y0863.png
0.284955,0.301731,0.293343,0.0,-4.370877,8.140358,-2.633587,Not Drowsy,Non Drowsy/y0867.png
0.315833,0.329013,0.322423,0.0,-7.488303,11.112686,-2.446712,Not Drowsy,Non Drowsy/y0871.png
0.284955,0.310087,0.297521,0.008179,-5.199337,8.512596,-2.449969,Not Drowsy,Non Drowsy/y0874.png
0.308018,0.28609,0.297054,0.008157,-3.302198,5.603524,-5.400323,Not Drowsy,Non Drowsy/y0878.png
0.278009,0.286134,0.282071,0.0,-3.595621,5.73253,-2.724789,Not Drowsy,Non Drowsy/y0882.png
0.284955,0.293846,0.2894,0.007912,-4.701852,5.731077,-3.442179,Not Drowsy,Non Drowsy/y0886.png
0.294424,0.309134,0.301779,0.0,-4.982258,8.352683,-3.190046,Not Drowsy,Non Drowsy/y0890.png
0.293586,0.318386,0.305986,0.0,-2.811474,8.581198,-4.393468,Not Drowsy,Non Drowsy/y0894.png
0.282909,0.305495,0.294202,0.00767,-3.462998,7.730829,-3.671441,Not Drowsy,Non Drowsy/y0898.png
0.282909,0.309134,0.296021,0.007789,-4.604693,9.086269,-3.331492,Not Drowsy,Non Drowsy/y0902.png
0.305996,0.285179,0.295588,0.0,-4.112618,9.007787,-3.590843,Not Drowsy,Non Drowsy/y0906.png
0.294424,0.321826,0.308125,0.0,-3.888262,9.449309,-3.284964,Not Drowsy,Non Drowsy/y0909.png
0.30474,0.320068,0.312404,0.015578,-4.210558,10.88199,-3.506406,Not Drowsy,Non Drowsy/y0913.png
0.294424,0.2955,0.294962,0.0,-4.573319,9.876785,-3.74474,Not Drowsy,Non Drowsy/y0917.png
0.282909,0.321053,0.301981,0.027012,-4.738082,10.456756,-3.846022,Not Drowsy,Non Drowsy/y0921.png
0.301084,0.318386,0.309735,0.0,-4.472707,10.203554,-4.197762,Not Drowsy,Non Drowsy/y0925.png
0.286514,0.320068,0.303291,0.0,-4.265027,10.19266,-3.8208,Not Drowsy,Non Drowsy/y0929.png
0.289844,0.318386,0.304115,0.0,-3.937094,10.785686,-4.338222,Not Drowsy,Non Drowsy/y0933.png
0.305157,0.298408,0.301782,0.023366,-2.275591,10.511203,-4.918758,Not Drowsy,Non Drowsy/y0937.png
0.304328,0.312643,0.308485,0.024472,-2.390943,11.031967,-5.367613,Not Drowsy,Non Drowsy/y0941.png
0.304423,0.291705,0.298064,0.027445,-3.210284,10.902919,-4.40692,Not Drowsy,Non Drowsy/y0944.png
0.304328,0.309763,0.307046,0.008277,1.041354,9.347209,-6.476543,Not Drowsy,Non Drowsy/y0948.png
0.308515,0.309404,0.30896,0.0,0.011652,10.152518,-5.441587,Not Drowsy,Non Drowsy/y0952.png
0.320129,0.295826,0.307977,0.008027,-1.239429,10.091029,-5.106796,Not Drowsy,Non Drowsy/y0956.png
0.316228,0.304557,0.310393,0.008027,-1.318596,10.608052,-4.859666,Not Drowsy,Non Drowsy/y0960.png
0.296998,0.291705,0.294351,0.0,-3.081217,10.230678,-4.949795,Not Drowsy,Non Drowsy/y0964.png
0.076863,0.124943,0.100903,0.008187,-9.022561,9.841591,-1.344371,Not Drowsy,Non Drowsy/y0968.png
0.304328,0.300421,0.302374,0.008169,-3.186366,10.19399,-3.935499,Not Drowsy,Non Drowsy/y0972.png
0.293216,0.303396,0.298306,0.019746,-5.018008,11.06572,-3.378308,Not Drowsy,Non Drowsy/y0976.png
0.276805,0.292927,0.284866,0.008455,-5.912365,12.315339,-3.469215,Not Drowsy,Non Drowsy/y0980.png
0.293303,0.309404,0.301354,0.0,-1.528225,11.599434,-4.453603,Not Drowsy,Non Drowsy/y0984.png
0.304328,0.294594,0.299461,0.0,-2.31673,11.713513,-4.227908,Not Drowsy,Non Drowsy/y0988.png
0.285396,0.294594,0.289995,0.019746,-3.024168,11.51136,-3.799703,Not Drowsy,Non Drowsy/y0992.png
0.278604,0.285179,0.281892,0.0,-3.855877,11.692329,-3.41474,Not Drowsy,Non Drowsy/y0996.png
0.281702,0.298398,0.29005,0.008169,-3.030708,11.533523,-3.621163,Not Drowsy,Non Drowsy/y1000.png
0.293216,0.294594,0.293905,0.008305,-2.545222,12.37386,-3.930039,Not Drowsy,Non Drowsy/y1004.png
0.283107,0.311996,0.297551,0.022001,-3.42603,10.720952,-3.931264,Not Drowsy,Non Drowsy/y1008.png
0.289844,0.292603,0.291224,0.024508,-5.966593,10.112073,-3.476822,Not Drowsy,Non Drowsy/y1012.png
0.312633,0.308665,0.310649,0.0,-5.71046,10.591259,-3.379883,Not Drowsy,Non Drowsy/y1015.png
0.297046,0.314453,0.305749,0.01611,-5.837176,6.488865,-2.856569,Not Drowsy,Non Drowsy/y1019.png
0.323543,0.317911,0.320727,0.180141,-1.347252,1.421456,-7.136781,Not Drowsy,Non Drowsy/y1023.png
0.320328,0.30118,0.310754,0.0,-0.348977,6.526494,-6.647864,Not Drowsy,Non Drowsy/y1027.png
0.323911,0.309176,0.316543,0.007752,-1.335284,5.666926,-6.742658,Not Drowsy,Non Drowsy/y1031.png
0.296139,0.302107,0.299123,0.015532,-1.134372,6.160969,-5.909336,Not Drowsy,Non Drowsy/y1035.png
0.304328,0.290837,0.297582,0.007521,-2.11987,6.113532,-5.377366,Not Drowsy,Non Drowsy/y1039.png
0.301169,0.316765,0.308967,0.023335,-2.538124,7.382496,-5.007694,Not Drowsy,Non Drowsy/y1043.png
0.316228,0.297642,0.306935,0.007778,-2.31048,7.413027,-5.059401,Not Drowsy,Non Drowsy/y1047.png
0.305012,0.316765,0.310888,0.018492,-2.302856,7.598154,-5.242854,Not Drowsy,Non Drowsy/y1050.png
0.293586,0.315793,0.304689,0.0,-3.354946,7.908022,-5.363219,Not Drowsy,Non Drowsy/y1054.png
0.292617,0.29945,0.296034,0.008027,-2.476943,9.23966,-5.22409,Not Drowsy,Non Drowsy/y1058.png
0.308515,0.312643,0.310579,0.016287,-2.233137,9.896323,-6.141657,Not Drowsy,Non Drowsy/y1062.png
0.313147,0.295112,0.30413,0.016254,0.026013,9.890305,-7.551781,Not Drowsy,Non Drowsy/y1068.png
0.302254,0.301669,0.301962,0.016254,-0.763404,10.074335,-6.878791,Not Drowsy,Non Drowsy/y1072.png
0.312701,0.295826,0.304263,0.007888,-0.415245,9.656231,-6.645693,Not Drowsy,Non Drowsy/y1076.png
0.312794,0.318045,0.315419,0.0,-1.079932,10.049162,-6.667904,Not Drowsy,Non Drowsy/y1080.png
0.295315,0.283195,0.289255,0.130217,0.099555,6.43721,-7.375114,Not Drowsy,Non Drowsy/y1084.png
0.316663,0.285858,0.30126,0.0,3.785952,11.130578,-8.505191,Not Drowsy,Non Drowsy/y1087.png
0.28975,0.279921,0.284836,0.007719,0.074345,10.969886,-7.736808,Not Drowsy,Non Drowsy/y1091.png
0.301522,0.301813,0.301667,0.019309,-2.509556,9.490392,-6.723147,Not Drowsy,Non Drowsy/y1095.png
0.304328,0.309176,0.306752,0.011493,-3.093668,8.977366,-6.481861,Not Drowsy,Non Drowsy/y1099.png
0.30526,0.313006,0.309133,0.015747,-3.499345,9.818308,-7.000461,Not Drowsy,Non Drowsy/y1103.png
0.292526,0.309763,0.301145,0.0,-2.820234,10.720677,-6.189753,Not Drowsy,Non Drowsy/y1107.png
0.294104,0.300058,0.297081,0.015504,-2.770932,9.65033,-6.589719,Not Drowsy,Non Drowsy/y1111.png
0.290008,0.29945,0.294729,0.008143,-3.548621,10.614591,-6.395347,Not Drowsy,Non Drowsy/y1115.png
0.304423,0.306339,0.305381,0.008277,-4.497573,9.963991,-6.348891,Not Drowsy,Non Drowsy/y1119.png
0.285396,0.295826,0.290611,0.0,-2.720242,10.476224,-6.385852,Not Drowsy,Non Drowsy/y1122.png
0.290008,0.289351,0.28968,0.007857,0.080296,10.461483,-8.142939,Not Drowsy,Non Drowsy/y1126.png
0.29443,0.27876,0.286595,0.018432,-2.005275,10.026195,-6.888288,Not Drowsy,Non Drowsy/y1130.png
0.28085,0.283371,0.282111,0.01652,-3.009097,9.927206,-7.132365,Not Drowsy,Non Drowsy/y1134.png
0.263588,0.296474,0.280031,0.008014,-2.066093,9.737936,-6.918535,Not Drowsy,Non Drowsy/y1138.png
0.304328,0.288865,0.296596,0.008127,-1.037056,10.263946,-7.006589,Not Drowsy,Non Drowsy/y1142.png
0.3058,0.301669,0.303734,0.007998,-2.351577,10.080917,-7.269847,Not Drowsy,Non Drowsy/y1146.png
0.272202,0.291705,0.281954,0.0,-6.097344,11.466562,-4.171609,Not Drowsy,Non Drowsy/y1150.png
0.286425,0.304357,0.295391,0.007933,-2.456404,10.14187,-0.301035,Not Drowsy,Non Drowsy/y1154.png
0.287348,0.320328,0.303838,0.007809,-3.365306,9.331193,-0.117188,Not Drowsy,Non Drowsy/y1157.png
0.298408,0.316746,0.307577,0.023798,-4.642639,9.687111,0.199124,Not Drowsy,Non Drowsy/y1161.png
0.291492,0.316228,0.30386,0.008192,-3.414626,9.763678,-0.471757,Not Drowsy,Non Drowsy/y1165.png
0.317162,0.327722,0.322442,0.008027,-0.831859,6.685848,-4.238521,Not Drowsy,Non Drowsy/y1169.png
0.32423,0.315793,0.320011,0.008277,-0.082038,8.259192,-6.135681,Not Drowsy,Non Drowsy/y1173.png
0.30854,0.290837,0.299688,0.0,-1.385803,7.375545,-4.212463,Not Drowsy,Non Drowsy/y1177.png
0.316228,0.31741,0.316819,0.008157,-1.497809,9.69627,-4.661448,Not Drowsy,Non Drowsy/y1181.png
0.316228,0.289944,0.303086,0.007901,-1.103666,8.417479,-4.813041,Not Drowsy,Non Drowsy/y1185.png
0.312228,0.324177,0.318202,0.008292,-1.49985,9.132875,-5.185314,Not Drowsy,Non Drowsy/y1189.png
0.316623,0.305495,0.311059,0.016315,-2.327466,9.473685,-4.591609,Not Drowsy,Non Drowsy/y1192.png
0.308423,0.320821,0.314622,0.0,-2.093326,8.710174,-4.735926,Not Drowsy,Non Drowsy/y1196.png
0.300542,0.304557,0.30255,0.016054,-2.30874,8.503975,-4.723016,Not Drowsy,Non Drowsy/y1200.png
0.317162,0.304557,0.31086,0.0,-0.810056,8.946271,-4.921047,Not Drowsy,Non Drowsy/y1204.png
0.305103,0.31741,0.311256,0.0,-2.121402,9.527072,-4.822764,Not Drowsy,Non Drowsy/y1208.png
0.305103,0.31741,0.311256,0.008027,-2.129355,9.870065,-4.950569,Not Drowsy,Non Drowsy/y1212.png
0.304423,0.300421,0.302422,0.016584,-3.145258,9.335225,-4.095694,Not Drowsy,Non Drowsy/y1216.png
0.301169,0.309404,0.305287,0.015823,-0.858865,8.879036,-4.828715,Not Drowsy,Non Drowsy/y1220.png
0.323845,0.306739,0.315292,0.015504,-1.693233,10.327182,-6.08229,Not Drowsy,Non Drowsy/y1224.png
0.316228,0.303423,0.309826,0.008157,-1.599928,10.73416,-5.051877,Not Drowsy,Non Drowsy/y1227.png
0.305012,0.311996,0.308504,0.0,-2.601324,10.517334,-4.056638,Not Drowsy,Non Drowsy/y1231.png
0.288141,0.307612,0.297877,0.0,-1.312035,10.721378,-5.931251,Not Drowsy,Non Drowsy/y1235.png
0.292617,0.289351,0.290984,0.008277,-1.879683,11.389899,-5.783217,Not Drowsy,Non Drowsy/y1239.png
0.312507,0.330291,0.321399,0.023702,-2.477375,8.705269,-5.211498,Not Drowsy,Non Drowsy/y1244.png
0.322644,0.293055,0.307849,0.00749,1.483048,3.509318,-7.976319,Not Drowsy,Non Drowsy/y1248.png
0.330859,0.304641,0.31775,0.015169,0.858766,6.294931,-8.679948,Not Drowsy,Non Drowsy/y1252.png
0.316228,0.309176,0.312702,0.011516,-2.890047,7.084906,-5.685037,Not Drowsy,Non Drowsy/y1256.png
0.281786,0.298607,0.290197,0.007766,-3.804515,6.568134,-5.234751,Not Drowsy,Non Drowsy/y1260.png
0.301691,0.316765,0.309228,0.015557,-3.393289,6.948681,-5.094287,Not Drowsy,Non Drowsy/y1263.png
0.316961,0.310309,0.313635,0.007766,-2.253048,7.66127,-5.195664,Not Drowsy,Non Drowsy/y1267.png
0.301691,0.322517,0.312104,0.007888,-2.855561,7.133328,-5.169044,Not Drowsy,Non Drowsy/y1271.png
0.294086,0.315793,0.304939,0.0,-3.05321,8.370556,-5.248366,Not Drowsy,Non Drowsy/y1275.png
0.308423,0.326893,0.317658,0.007901,-3.608,7.440598,-4.651211,Not Drowsy,Non Drowsy/y1279.png
0.296909,0.325836,0.311373,0.008027,-3.989274,9.257543,-5.08862,Not Drowsy,Non Drowsy/y1283.png
0.296909,0.280463,0.288686,0.0,-0.034759,8.797268,-7.043776,Not Drowsy,Non Drowsy/y1287.png
0.226895,0.248859,0.237877,0.0,-7.148744,7.09237,-4.237921,Not Drowsy,Non Drowsy/y1291.png
0.308423,0.316395,0.312409,0.024115,-6.497909,10.892113,-4.137317,Not Drowsy,Non Drowsy/y1295.png
0.301084,0.31741,0.309247,0.007778,-6.545748,10.57354,-4.778549,Not Drowsy,Non Drowsy/y1298.png
0.293498,0.302415,0.297956,0.0,-6.757162,10.874916,-4.539799,Not Drowsy,Non Drowsy/y1302.png
0.289844,0.300421,0.295133,0.008014,-6.817989,10.647012,-4.672228,Not Drowsy,Non Drowsy/y1306.png
0.293303,0.301228,0.297266,0.0,-5.288518,10.819135,-4.849406,Not Drowsy,Non Drowsy/y1310.png
0.301601,0.30118,0.30139,0.025341,-0.795979,5.536691,-5.794339,Not Drowsy,Non Drowsy/y1314.png
0.308344,0.300421,0.304383,0.008277,-2.350175,8.703308,-5.521721,Not Drowsy,Non Drowsy/y1318.png
0.296139,0.30118,0.29866,0.008143,-1.170633,8.795304,-5.756071,Not Drowsy,Non Drowsy/y1322.png
0.299942,0.295834,0.297888,0.008157,-0.634455,6.969172,-5.607474,Not Drowsy,Non Drowsy/y1326.png
0.308423,0.30118,0.304801,0.007752,0.385167,7.097172,-6.622108,Not Drowsy,Non Drowsy/y1330.png
0.323543,0.295194,0.309369,0.0077,4.24062,9.625219,-9.068703,Not Drowsy,Non Drowsy/y1333.png
0.32409,0.305854,0.314972,0.018311,5.264802,9.959742,-9.152528,Not Drowsy,Non Drowsy/y1337.png
0.303927,0.270045,0.286986,0.008014,-0.669189,5.4979,-6.018471,Not Drowsy,Non Drowsy/y1341.png
0.297838,0.309404,0.303621,0.0,-1.825294,10.730655,-5.036139,Not Drowsy,Non Drowsy/y1345.png
0.304423,0.290619,0.297521,0.008143,-0.742248,11.498961,-5.800546,Not Drowsy,Non Drowsy/y1349.png
0.288141,0.294099,0.29112,0.016554,-0.427381,12.408108,-5.768915,Not Drowsy,Non Drowsy/y1353.png
0.304423,0.290619,0.297521,0.024041,-1.266664,11.853323,-5.653729,Not Drowsy,Non Drowsy/y1357.png
0.308515,0.321961,0.315238,0.008027,-0.007389,11.648595,-5.30822,Not Drowsy,Non Drowsy/y1361.png
0.292743,0.297642,0.295192,0.008277,-0.660676,11.740011,-5.596327,Not Drowsy,Non Drowsy/y1365.png
0.316228,0.281395,0.298811,0.016482,2.214932,9.779922,-7.465147,Not Drowsy,Non Drowsy/y1369.png
0.287763,0.283371,0.285567,0.02362,1.906932,9.68127,-7.242601,Not Drowsy,Non Drowsy/y1372.png
0.321472,0.287604,0.304538,0.007998,-0.005012,10.54866,-6.78201,Not Drowsy,Non Drowsy/y1376.png
0.292526,0.283342,0.287934,0.007998,0.402082,10.569769,-6.319703,Not Drowsy,Non Drowsy/y1380.png
0.304423,0.290619,0.297521,0.007998,-0.510459,10.360102,-6.529025,Not Drowsy,Non Drowsy/y1384.png
0.275077,0.294594,0.284835,0.019694,-3.774285,12.72209,-4.420845,Not Drowsy,Non Drowsy/y1388.png
0.286239,0.316632,0.301435,0.007912,-5.465933,8.91115,-3.728071,Not Drowsy,Non Drowsy/y1392.png
0.289805,0.304165,0.296985,0.0,-5.383428,9.459908,-2.352802,Not Drowsy,Non Drowsy/y1396.png
0.277761,0.314778,0.29627,0.0,-5.866183,10.27954,-2.775077,Not Drowsy,Non Drowsy/y1400.png
0.30474,0.311059,0.3079,0.015841,-2.164777,10.257543,-2.802603,Not Drowsy,Non Drowsy/y1404.png
0.301332,0.324499,0.312916,0.015855,-3.980977,10.197434,-1.755004,Not Drowsy,Non Drowsy/y1407.png
0.312153,0.321053,0.316603,0.015595,-2.586955,10.155909,-2.879936,Not Drowsy,Non Drowsy/y1411.png
0.316341,0.303167,0.309754,0.0,-3.08371,11.857155,-2.559628,Not Drowsy,Non Drowsy/y1415.png
0.301332,0.297482,0.299407,0.007789,-3.75333,11.636604,-2.867487,Not Drowsy,Non Drowsy/y1419.png
0.304328,0.2955,0.299914,0.008179,-1.528502,12.211985,-3.446812,Not Drowsy,Non Drowsy/y1423.png
0.304328,0.30637,0.305349,0.0,-2.2665,12.20177,-2.806945,Not Drowsy,Non Drowsy/y1427.png
0.297501,0.2955,0.296501,0.019746,-3.614195,11.825886,-2.893685,Not Drowsy,Non Drowsy/y1431.png
0.28847,0.316632,0.302551,0.0,-3.945199,12.940536,-2.78968,Not Drowsy,Non Drowsy/y1435.png
0.278368,0.297482,0.287925,0.008038,-2.847813,12.117656,-3.209932,Not Drowsy,Non Drowsy/y1439.png
0.292526,0.303396,0.297961,0.008464,-3.97922,12.968437,-2.96022,Not Drowsy,Non Drowsy/y1442.png
0.315833,0.316395,0.316114,0.0,-4.930876,9.006274,-2.800126,Not Drowsy,Non Drowsy/y1446.png
0.297501,0.288661,0.293081,0.007455,-4.482588,12.645586,-1.612049,Not Drowsy,Non Drowsy/y1450.png
0.30474,0.2955,0.30012,0.019122,-3.645096,11.479808,-2.281535,Not Drowsy,Non Drowsy/y1454.png
0.315833,0.30118,0.308506,0.0,-1.742904,5.702475,-7.813389,Not Drowsy,Non Drowsy/y1458.png
0.331743,0.325228,0.328486,0.007752,-6.394404,4.618148,-5.695795,Not Drowsy,Non Drowsy/y1462.png
0.311819,0.317603,0.314711,0.008109,-2.756047,4.513341,-8.020238,Not Drowsy,Non Drowsy/y1466.png
0.327213,0.305194,0.316204,0.015473,-1.652436,4.295571,-7.129732,Not Drowsy,Non Drowsy/y1470.png
0.292526,0.304939,0.298733,0.008143,-3.086472,4.918032,-6.46634,Not Drowsy,Non Drowsy/y1474.png
0.305103,0.297642,0.301372,0.007888,-5.424063,6.198282,-5.46003,Not Drowsy,Non Drowsy/y1477.png
0.323731,0.305168,0.31445,0.015747,0.197981,6.763729,-6.718513,Not Drowsy,Non Drowsy/y1481.png
0.31273,0.298607,0.305669,0.007888,-1.415116,7.401471,-5.618003,Not Drowsy,Non Drowsy/y1485.png
0.297838,0.305495,0.301667,0.015776,-2.526433,7.742904,-5.454272,Not Drowsy,Non Drowsy/y1489.png
0.305012,0.315793,0.310402,0.019379,-2.757691,7.507791,-4.862638,Not Drowsy,Non Drowsy/y1493.png
0.312418,0.310032,0.311225,0.007635,-1.938606,7.476782,-6.373862,Not Drowsy,Non Drowsy/y1497.png
0.316228,0.325836,0.321032,0.0,-3.991194,8.440394,-5.640955,Not Drowsy,Non Drowsy/y1501.png
0.309414,0.315793,0.312603,0.0,-2.707383,8.249445,-4.648454,Not Drowsy,Non Drowsy/y1505.png
0.286425,0.330467,0.308446,0.007684,-5.48082,7.062045,-1.090681,Not Drowsy,Non Drowsy/y1509.png
0.28664,0.307706,0.297173,0.0,-6.659326,7.347651,-0.878113,Not Drowsy,Non Drowsy/y1512.png
0.296306,0.317198,0.306752,0.0,-6.139536,9.397193,-0.726485,Not Drowsy,Non Drowsy/y1516.png
0.289547,0.317198,0.303372,0.007804,-6.169256,7.614933,-0.990383,Not Drowsy,Non Drowsy/y1520.png
0.358734,0.343444,0.351089,0.0,-2.759554,7.475263,4.40836,Not Drowsy,Non Drowsy/y1524.png
0.264058,0.22798,0.246019,0.0,3.772594,8.37841,-0.376282,Not Drowsy,Non Drowsy/za0004.png
0.237538,0.235963,0.23675,0.00625,2.346919,5.772074,-0.943516,Not Drowsy,Non Drowsy/za0008.png
0.232374,0.23623,0.234302,0.0,3.118905,5.787139,-0.930297,Not Drowsy,Non Drowsy/za0012.png
0.239998,0.242821,0.24141,0.0,2.951172,5.806038,-0.8863,Not Drowsy,Non Drowsy/za0016.png
0.226567,0.227224,0.226896,0.0,2.421537,6.171617,-0.724183,Not Drowsy,Non Drowsy/za0020.png
0.245689,0.22908,0.237384,0.0,2.958349,6.574833,-0.572839,Not Drowsy,Non Drowsy/za0023.png
0.237538,0.22908,0.233309,0.125563,3.80364,4.064131,-0.730483,Not Drowsy,Non Drowsy/za0027.png
0.242936,0.237303,0.24012,0.0,3.86015,4.02732,-0.78228,Not Drowsy,Non Drowsy/za0031.png
0.250912,0.235963,0.243438,0.0,3.383617,6.533952,-0.546715,Not Drowsy,Non Drowsy/za0035.png
0.256615,0.232154,0.244385,0.019737,3.888402,4.164116,-1.251049,Not Drowsy,Non Drowsy/za0039.png
0.242936,0.230545,0.236741,0.0,3.690047,6.036354,-0.951108,Not Drowsy,Non Drowsy/za0043.png
0.24017,0.23247,0.23632,0.0,3.759194,6.45536,-1.004674,Not Drowsy,Non Drowsy/za0047.png
0.239998,0.234795,0.237396,0.00641,3.728185,4.361566,-1.095468,Not Drowsy,Non Drowsy/za0051.png
0.250912,0.246423,0.248667,0.008623,3.695783,7.176566,-0.882389,Not Drowsy,Non Drowsy/za0055.png
0.245458,0.242713,0.244085,0.0,3.761922,6.768162,-1.11577,Not Drowsy,Non Drowsy/za0058.png
0.231714,0.216783,0.224249,0.0,3.66822,5.654241,-1.015166,Not Drowsy,Non Drowsy/za0062.png
0.231774,0.225789,0.228781,0.006494,3.879484,5.765462,-1.001763,Not Drowsy,Non Drowsy/za0066.png
0.248452,0.232722,0.240587,0.006329,3.79923,6.674295,-0.952446,Not Drowsy,Non Drowsy/za0070.png
0.25085,0.237664,0.244257,0.00641,3.71311,6.651873,-0.646169,Not Drowsy,Non Drowsy/za0074.png
0.239998,0.232722,0.23636,0.0,3.817438,6.62722,-1.094402,Not Drowsy,Non Drowsy/za0078.png
0.231774,0.228347,0.23006,0.097185,0.505251,1.165137,-0.68929,Not Drowsy,Non Drowsy/za0082.png
0.237538,0.227224,0.232381,0.197164,4.413377,2.583434,-0.859241,Not Drowsy,Non Drowsy/za0086.png
0.232374,0.241685,0.23703,0.147436,2.89883,3.397005,-1.035384,Not Drowsy,Non Drowsy/za0090.png
0.240235,0.222079,0.231157,0.005556,2.819091,7.849145,-0.394694,Not Drowsy,Non Drowsy/za0093.png
0.250912,0.248136,0.249524,0.012346,3.52562,6.095503,-0.529987,Not Drowsy,Non Drowsy/za0097.png
0.273305,0.25352,0.263413,0.012987,3.188434,6.218087,-0.638674,Not Drowsy,Non Drowsy/za0101.png
0.24269,0.258315,0.250502,0.012658,3.419867,6.549825,-0.898949,Not Drowsy,Non Drowsy/za0105.png
0.22459,0.248136,0.236363,0.017676,3.446367,6.259079,-0.942067,Not Drowsy,Non Drowsy/za0109.png
0.2371,0.200236,0.218668,0.006493,4.401574,5.751739,-0.628807,Not Drowsy,Non Drowsy/za0113.png
0.234527,0.227224,0.230875,0.00641,3.828754,5.786735,-0.460744,Not Drowsy,Non Drowsy/za0117.png
0.25085,0.237664,0.244257,0.006494,3.279453,6.711353,-0.36175,Not Drowsy,Non Drowsy/za0121.png
0.229258,0.222498,0.225878,0.0,3.92495,5.92015,-0.899577,Not Drowsy,Non Drowsy/za0125.png
0.248452,0.222258,0.235355,0.006329,3.743605,6.001449,-0.882968,Not Drowsy,Non Drowsy/za0128.png
0.243051,0.242975,0.243013,0.0,3.938266,6.54585,-0.869401,Not Drowsy,Non Drowsy/za0132.png
0.229315,0.242821,0.236068,0.006329,3.621879,5.685549,-0.942322,Not Drowsy,Non Drowsy/za0136.png
0.242591,0.236761,0.239676,0.0,3.877076,7.298124,-0.787306,Not Drowsy,Non Drowsy/za0140.png
0.226567,0.234795,0.230681,0.0,3.128979,5.174953,-0.919516,Not Drowsy,Non Drowsy/za0144.png
0.231714,0.235963,0.233839,0.0,4.340068,5.038832,-1.141696,Not Drowsy,Non Drowsy/za0148.png
0.254099,0.22881,0.241454,0.006667,3.979817,5.309851,-1.018325,Not Drowsy,Non Drowsy/za0152.png
0.2371,0.235805,0.236452,0.009686,3.69544,4.353075,-1.014733,Not Drowsy,Non Drowsy/za0156.png
0.25085,0.247856,0.249353,0.0,3.967369,5.422902,-1.058757,Not Drowsy,Non Drowsy/za0160.png
0.256548,0.237396,0.246972,0.006578,3.78038,5.652472,-0.681788,Not Drowsy,Non Drowsy/za0163.png
0.245452,0.226121,0.235787,0.006757,3.554802,4.980565,-1.341351,Not Drowsy,Non Drowsy/za0167.png
0.237414,0.222498,0.229956,0.006329,2.702491,8.506011,-0.850906,Not Drowsy,Non Drowsy/za0171.png
0.243051,0.226369,0.23471,0.005814,3.600305,8.578643,-0.786646,Not Drowsy,Non Drowsy/za0175.png
0.226567,0.213634,0.2201,0.022222,3.834635,6.141219,-0.983863,Not Drowsy,Non Drowsy/za0179.png
0.242873,0.224215,0.233544,0.144322,4.3868,1.021559,-1.46622,Not Drowsy,Non Drowsy/za0183.png
0.240235,0.217739,0.228987,0.005952,3.624595,5.991668,-1.367628,Not Drowsy,Non Drowsy/za0187.png
0.231714,0.230689,0.231201,0.006329,3.915586,3.872514,-1.189236,Not Drowsy,Non Drowsy/za0191.png
0.237479,0.216783,0.227131,0.006329,3.913826,5.975336,-1.346179,Not Drowsy,Non Drowsy/za0195.png
0.256615,0.239608,0.248111,0.00641,3.288206,6.617177,-1.068634,Not Drowsy,Non Drowsy/za0198.png
0.2454,0.232722,0.239061,0.0,3.224411,6.76618,-0.924963,Not Drowsy,Non Drowsy/za0202.png
0.22433,0.246818,0.235574,0.00625,3.109288,7.00635,-1.084972,Not Drowsy,Non Drowsy/za0206.png
0.250912,0.231317,0.241115,0.0,3.91011,6.355052,-0.672546,Not Drowsy,Non Drowsy/za0210.png
0.24269,0.231067,0.236878,0.00625,3.382591,7.074755,-0.825461,Not Drowsy,Non Drowsy/za0214.png
0.250912,0.23623,0.243571,0.006579,4.382366,5.804296,-0.79392,Not Drowsy,Non Drowsy/za0218.png
0.248391,0.232154,0.240273,0.15,3.565982,2.526869,-0.895506,Not Drowsy,Non Drowsy/za0222.png
0.250912,0.232154,0.241533,0.027154,3.282106,6.971422,-0.98199,Not Drowsy,Non Drowsy/za0226.png
0.229315,0.232722,0.231018,0.008828,5.465714,6.606491,0.608028,Not Drowsy,Non Drowsy/za0230.png
0.245452,0.237396,0.241424,0.110793,4.842701,3.997175,-0.911368,Not Drowsy,Non Drowsy/za0233.png
0.232374,0.226968,0.229671,0.0,3.208742,8.698134,-1.529047,Not Drowsy,Non Drowsy/za0237.png
0.2454,0.227744,0.236572,0.0,2.830447,9.335119,-0.530873,Not Drowsy,Non Drowsy/za0241.png
0.247864,0.23247,0.240167,0.0,4.161374,7.975971,-1.58936,Not Drowsy,Non Drowsy/za0245.png
0.232319,0.234795,0.233557,0.019229,2.354533,-1.389131,-1.55468,Not Drowsy,Non Drowsy/za0249.png
0.215209,0.2051,0.210154,0.005747,2.74935,-5.227006,-1.125581,Not Drowsy,Non Drowsy/za0253.png
0.220427,0.211613,0.21602,0.022462,3.9862,-5.074817,-1.704377,Not Drowsy,Non Drowsy/za0257.png
0.225542,0.220034,0.222788,0.157519,3.072617,-3.150337,-1.213593,Not Drowsy,Non Drowsy/za0261.png
0.211011,0.219694,0.215353,0.006097,2.233368,1.892863,-0.647482,Not Drowsy,Non Drowsy/za0265.png
0.205751,0.213104,0.209427,0.0,3.553131,2.174271,-0.548372,Not Drowsy,Non Drowsy/za0268.png
0.215538,0.213779,0.214658,0.0,2.724215,2.898522,-0.829482,Not Drowsy,Non Drowsy/za0272.png
0.242873,0.234795,0.238834,0.0,3.394738,2.923321,-0.838002,Not Drowsy,Non Drowsy/za0276.png
0.2371,0.221644,0.229372,0.0,3.765373,3.194525,-0.65161,Not Drowsy,Non Drowsy/za0280.png
0.226567,0.212413,0.21949,0.006329,4.165179,3.86755,-0.366856,Not Drowsy,Non Drowsy/za0284.png
0.226567,0.222643,0.224605,0.0,4.562784,5.046933,-0.307249,Not Drowsy,Non Drowsy/za0288.png
0.231774,0.230545,0.23116,0.006494,4.081803,4.46448,-0.484371,Not Drowsy,Non Drowsy/za0292.png
0.250912,0.222498,0.236705,0.0,4.506537,5.327802,-0.473747,Not Drowsy,Non Drowsy/za0296.png
0.237164,0.242821,0.239993,0.00641,4.48139,4.523253,-0.68665,Not Drowsy,Non Drowsy/za0300.png
0.242993,0.226604,0.234799,0.0,5.800985,3.204264,-1.057529,Not Drowsy,Non Drowsy/za0303.png
0.223817,0.22311,0.223463,0.012986,5.139438,1.503091,-1.174019,Not Drowsy,Non Drowsy/za0307.png
0.242873,0.216783,0.229828,0.006172,4.529301,5.080957,-0.957165,Not Drowsy,Non Drowsy/za0311.png
0.220427,0.213634,0.21703,0.006173,4.526819,3.372725,-0.836323,Not Drowsy,Non Drowsy/za0315.png
0.24017,0.212275,0.226223,0.00625,4.005573,4.033952,-0.555146,Not Drowsy,Non Drowsy/za0319.png
0.226567,0.210733,0.21865,0.0,4.665842,4.680811,-0.947623,Not Drowsy,Non Drowsy/za0323.png
0.242993,0.226604,0.234799,0.012195,5.019224,6.284805,-0.636317,Not Drowsy,Non Drowsy/za0327.png
0.231714,0.230689,0.231201,0.0,4.999382,5.586122,-0.984693,Not Drowsy,Non Drowsy/za0331.png
0.224277,0.232722,0.228499,0.012191,3.104137,8.537552,-0.088762,Not Drowsy,Non Drowsy/za0335.png
0.231774,0.235805,0.233789,0.0,3.737306,4.789164,-0.72913,Not Drowsy,Non Drowsy/za0339.png
0.242936,0.218269,0.230603,0.006494,4.380964,3.59217,-0.657362,Not Drowsy,Non Drowsy/za0343.png
0.229258,0.227224,0.228241,0.0,4.528107,4.762199,-0.525728,Not Drowsy,Non Drowsy/za0347.png
0.232319,0.219314,0.225816,0.0,3.183089,4.351232,-1.145657,Not Drowsy,Non Drowsy/za0351.png
0.254099,0.237396,0.245748,0.0,3.415131,4.79513,-1.115799,Not Drowsy,Non Drowsy/za0355.png
0.220654,0.219878,0.220266,0.006494,3.811236,4.6432,-0.733695,Not Drowsy,Non Drowsy/za0359.png
0.260008,0.230417,0.245212,0.006579,4.500559,4.461634,-0.821676,Not Drowsy,Non Drowsy/za0363.png
0.245689,0.224215,0.234952,0.153195,4.508891,2.81921,-0.697897,Not Drowsy,Non Drowsy/za0367.png
0.250912,0.225649,0.238281,0.00641,3.580276,5.531265,-0.540165,Not Drowsy,Non Drowsy/za0371.png
0.256615,0.237664,0.24714,0.0,3.822471,6.056863,-0.230533,Not Drowsy,Non Drowsy/za0374.png
0.256615,0.242821,0.249718,0.006494,3.668954,6.263928,-0.397115,Not Drowsy,Non Drowsy/za0378.png
0.229315,0.221487,0.225401,0.0,2.421541,5.920356,-0.439987,Not Drowsy,Non Drowsy/za0382.png
0.247806,0.242975,0.24539,0.0,3.284326,8.155663,-0.358493,Not Drowsy,Non Drowsy/za0386.png
0.25331,0.239747,0.246528,0.0,3.575126,7.774061,-0.475549,Not Drowsy,Non Drowsy/za0390.png
0.232374,0.231067,0.23172,0.012345,3.58371,8.296797,-0.9496,Not Drowsy,Non Drowsy/za0394.png
0.229258,0.237664,0.233461,0.0,3.274357,7.470311,-0.261047,Not Drowsy,Non Drowsy/za0398.png
0.253372,0.242821,0.248097,0.0,3.175222,7.601463,-0.681384,Not Drowsy,Non Drowsy/za0402.png
0.229315,0.242536,0.235925,0.00641,3.287617,8.467517,-0.132533,Not Drowsy,Non Drowsy/za0406.png
0.253372,0.232722,0.243047,0.0,3.774483,8.306565,-0.459219,Not Drowsy,Non Drowsy/za0409.png
0.248452,0.246818,0.247635,0.006329,3.294956,7.16296,-0.268885,Not Drowsy,Non Drowsy/za0413.png
0.237218,0.242821,0.24002,0.0,2.887465,7.576882,-0.324711,Not Drowsy,Non Drowsy/za0417.png
0.253699,0.258607,0.256153,0.0,3.272516,7.080755,-0.315113,Not Drowsy,Non Drowsy/za0421.png
0.229315,0.227378,0.228347,0.006329,3.242438,7.252143,-0.271419,Not Drowsy,Non Drowsy/za0425.png
0.229258,0.232154,0.230706,0.006494,2.958245,7.973853,-0.454361,Not Drowsy,Non Drowsy/za0429.png
0.229258,0.230545,0.229902,0.012819,2.339984,6.186387,-0.600317,Not Drowsy,Non Drowsy/za0433.png
0.215751,0.221487,0.218619,0.006491,3.479415,7.174489,-0.19017,Not Drowsy,Non Drowsy/za0437.png
0.23195,0.237396,0.234673,0.0,3.2404,8.863008,-0.777263,Not Drowsy,Non Drowsy/za0441.png
0.242371,0.240181,0.241276,0.012499,1.233329,7.866455,0.422913,Not Drowsy,Non Drowsy/za0445.png
0.242873,0.2454,0.244136,0.013329,2.077373,7.556061,0.453496,Not Drowsy,Non Drowsy/za0448.png
0.234466,0.22691,0.230688,0.006666,2.816675,6.497194,0.429511,Not Drowsy,Non Drowsy/za0452.png
0.231714,0.2454,0.238557,0.006664,2.558765,6.19737,0.395566,Not Drowsy,Non Drowsy/za0456.png
0.24017,0.227378,0.233774,0.013157,2.845558,6.779386,0.364895,Not Drowsy,Non Drowsy/za0460.png
0.234466,0.237826,0.236146,0.0,3.049414,6.653314,0.117513,Not Drowsy,Non Drowsy/za0464.png
0.229258,0.237826,0.233542,0.0,2.975676,5.445443,-0.053511,Not Drowsy,Non Drowsy/za0468.png
0.245389,0.237664,0.241527,0.0,3.072714,7.364308,-0.074619,Not Drowsy,Non Drowsy/za0472.png
0.242936,0.221644,0.23229,0.0,2.94384,6.373365,0.078617,Not Drowsy,Non Drowsy/za0476.png
0.234466,0.232154,0.23331,0.0,2.847377,6.098514,-0.063465,Not Drowsy,Non Drowsy/za0480.png
0.248391,0.237664,0.243028,0.0,3.245952,7.284227,-0.389894,Not Drowsy,Non Drowsy/za0483.png
0.256548,0.25352,0.255034,0.006666,3.181614,7.454296,-0.386382,Not Drowsy,Non Drowsy/za0487.png
0.25635,0.237396,0.246873,0.006578,3.091774,7.219248,-0.344026,Not Drowsy,Non Drowsy/za0491.png
0.235179,0.22798,0.23158,0.017441,3.179693,8.279812,-0.163897,Not Drowsy,Non Drowsy/za0495.png
0.243051,0.241685,0.242368,0.0,2.803581,5.130839,-0.771682,Not Drowsy,Non Drowsy/za0499.png
0.245689,0.237664,0.241677,0.0,3.782765,4.120415,-0.938221,Not Drowsy,Non Drowsy/za0503.png
0.242936,0.232154,0.237545,0.006579,3.261182,4.647407,-0.607224,Not Drowsy,Non Drowsy/za0507.png
0.243051,0.225789,0.23442,0.0,3.927698,4.948202,-0.687587,Not Drowsy,Non Drowsy/za0511.png
0.254033,0.237396,0.245715,0.012986,3.992184,5.423901,-0.624916,Not Drowsy,Non Drowsy/za0515.png
0.232374,0.225649,0.229011,0.006579,3.590672,6.066544,-0.611242,Not Drowsy,Non Drowsy/za0518.png
0.24269,0.221094,0.231892,0.0,3.240839,6.435858,-0.503328,Not Drowsy,Non Drowsy/za0522.png
0.247864,0.232722,0.240293,0.0,3.901873,5.748608,-0.512995,Not Drowsy,Non Drowsy/za0526.png
0.237164,0.224921,0.231042,0.006757,3.027838,5.304419,-0.345765,Not Drowsy,Non Drowsy/za0530.png
0.245689,0.242821,0.244255,0.0,4.151476,5.709196,-0.483623,Not Drowsy,Non Drowsy/za0534.png
0.247864,0.232722,0.240293,0.0,4.039693,6.694941,-0.448905,Not Drowsy,Non Drowsy/za0538.png
0.234527,0.2264,0.230463,0.006756,3.477972,5.443956,-0.690575,Not Drowsy,Non Drowsy/za0542.png
0.2454,0.253229,0.249314,0.006493,3.785447,7.629467,-0.274597,Not Drowsy,Non Drowsy/za0546.png
0.264405,0.250302,0.257354,0.015882,3.214778,7.45336,-0.295686,Not Drowsy,Non Drowsy/za0550.png
0.274603,0.258315,0.266459,0.006666,4.24838,6.638398,-0.32885,Not Drowsy,Non Drowsy/za0553.png
0.231714,0.237303,0.234509,0.006666,3.677988,5.532465,-0.353673,Not Drowsy,Non Drowsy/za0557.png
0.21435,0.210861,0.212606,0.006757,4.533976,6.027782,-0.370649,Not Drowsy,Non Drowsy/za0561.png
0.225786,0.209401,0.217593,0.0,4.219175,6.195824,-0.128665,Not Drowsy,Non Drowsy/za0565.png
0.234527,0.221644,0.228085,0.0,4.012079,6.61723,-0.442266,Not Drowsy,Non Drowsy/za0569.png
0.237164,0.218269,0.227717,0.0,5.014163,5.842746,-0.717613,Not Drowsy,Non Drowsy/za0573.png
0.237164,0.209253,0.223208,0.006757,4.162887,6.81884,-0.589705,Not Drowsy,Non Drowsy/za0577.png
0.239981,0.215698,0.227839,0.0,4.182399,6.678481,-0.472925,Not Drowsy,Non Drowsy/za0581.png
0.220597,0.198594,0.209596,0.0,4.108854,5.77925,-0.582544,Not Drowsy,Non Drowsy/za0585.png
0.234527,0.209253,0.22189,0.0,4.047825,6.373726,-0.330475,Not Drowsy,Non Drowsy/za0588.png
0.225725,0.215698,0.220711,0.0,3.759386,5.715151,-0.878238,Not Drowsy,Non Drowsy/za0592.png
0.245452,0.221487,0.23347,0.03154,3.455168,6.962096,-0.277927,Not Drowsy,Non Drowsy/za0596.png
0.219451,0.220597,0.220024,0.118044,3.919914,1.08078,-0.909822,Not Drowsy,Non Drowsy/za0600.png
0.25085,0.242713,0.246781,0.0,4.995985,7.125356,-0.674528,Not Drowsy,Non Drowsy/za0604.png
0.234466,0.227378,0.230922,0.0,4.66762,5.81542,-0.802064,Not Drowsy,Non Drowsy/za0608.png
0.248452,0.234795,0.241624,0.0,2.580544,5.233538,-0.898623,Not Drowsy,Non Drowsy/za0612.png
0.245626,0.227224,0.236425,0.099336,3.698914,1.76675,-1.71217,Not Drowsy,Non Drowsy/za0616.png
0.239938,0.23623,0.238084,0.0,4.158784,4.94907,-1.239826,Not Drowsy,Non Drowsy/za0620.png
0.239938,0.231067,0.235503,0.0,4.276763,5.261719,-1.403465,Not Drowsy,Non Drowsy/za0623.png
0.237218,0.221487,0.229353,0.006329,3.449807,6.184359,-1.176231,Not Drowsy,Non Drowsy/za0627.png
0.247864,0.232722,0.240293,0.0,4.458099,6.497518,-1.324182,Not Drowsy,Non Drowsy/za0631.png
0.253372,0.23623,0.244801,0.006329,4.278549,7.311033,-1.081347,Not Drowsy,Non Drowsy/za0635.png
0.156416,0.155954,0.156185,0.012658,5.549272,4.167661,-0.33585,Not Drowsy,Non Drowsy/za0639.png
0.25832,0.249888,0.254104,0.0,4.990969,10.028389,-0.769522,Not Drowsy,Non Drowsy/za0643.png
0.264058,0.226369,0.245213,0.015088,5.380971,5.818783,-1.740518,Not Drowsy,Non Drowsy/za0647.png
0.231535,0.217471,0.224503,0.006327,4.901392,1.239138,-2.685759,Not Drowsy,Non Drowsy/za0651.png
0.231237,0.203064,0.21715,0.012819,5.115229,2.369276,-2.059178,Not Drowsy,Non Drowsy/za0655.png
0.223461,0.214966,0.219213,0.0,5.239728,4.0517,-1.86195,Not Drowsy,Non Drowsy/za0658.png
0.234785,0.210505,0.222645,0.00625,5.080899,5.123854,-1.90939,Not Drowsy,Non Drowsy/za0662.png
0.218505,0.219314,0.21891,0.0,5.458068,4.728538,-1.861857,Not Drowsy,Non Drowsy/za0666.png
0.229258,0.213634,0.221446,0.00641,4.655887,4.991853,-1.41505,Not Drowsy,Non Drowsy/za0670.png
0.25085,0.231067,0.240959,0.008951,5.124848,5.012297,-1.514003,Not Drowsy,Non Drowsy/za0674.png
0.245626,0.216783,0.231205,0.0,5.343812,5.128155,-1.418749,Not Drowsy,Non Drowsy/za0678.png
0.259131,0.237396,0.248264,0.0,5.159664,6.578904,-1.2944,Not Drowsy,Non Drowsy/za0682.png
0.214408,0.192193,0.2033,0.00641,4.445619,4.119718,-0.752745,Not Drowsy,Non Drowsy/za0686.png
0.231714,0.219878,0.225796,0.006578,4.549497,3.552837,-0.818243,Not Drowsy,Non Drowsy/za0690.png
0.231714,0.215355,0.223534,0.0,4.808572,6.899667,-0.342179,Not Drowsy,Non Drowsy/za0693.png
0.237164,0.219878,0.228521,0.0,4.387867,5.09633,-0.342912,Not Drowsy,Non Drowsy/za0697.png
0.235461,0.249172,0.242317,0.01875,3.930269,7.08118,-0.98882,Not Drowsy,Non Drowsy/za0701.png
0.240707,0.238771,0.239739,0.006173,4.47806,7.732349,-0.802091,Not Drowsy,Non Drowsy/za0705.png
0.240707,0.251666,0.246187,0.0,3.732076,7.572179,-0.802306,Not Drowsy,Non Drowsy/za0709.png
0.240229,0.237664,0.238947,0.012986,5.022614,6.005175,-0.508585,Not Drowsy,Non Drowsy/za0713.png
0.237479,0.225649,0.231564,0.00625,4.868586,6.553452,-0.563014,Not Drowsy,Non Drowsy/za0717.png
0.245452,0.232154,0.238803,0.0,4.918993,5.606516,-0.758371,Not Drowsy,Non Drowsy/za0721.png
0.220654,0.21693,0.218792,0.012986,4.823711,4.110903,-0.357916,Not Drowsy,Non Drowsy/za0725.png
0.234466,0.221487,0.227977,0.121416,5.453804,3.398494,-0.89741,Not Drowsy,Non Drowsy/za0728.png
0.243051,0.23247,0.237761,0.0,4.830684,7.767386,-0.562371,Not Drowsy,Non Drowsy/za0732.png
0.229258,0.222643,0.225951,0.0,3.911904,6.373475,-0.36065,Not Drowsy,Non Drowsy/za0736.png
0.224277,0.227224,0.22575,0.0,4.135127,6.753741,-0.105042,Not Drowsy,Non Drowsy/za0740.png
0.229258,0.220956,0.225107,0.0,4.567183,6.644333,-0.378925,Not Drowsy,Non Drowsy/za0744.png
0.25331,0.227744,0.240527,0.0,4.552663,7.229269,-0.352278,Not Drowsy,Non Drowsy/za0748.png
0.248452,0.226746,0.237599,0.0,5.002954,6.944797,-0.095301,Not Drowsy,Non Drowsy/za0752.png
0.229258,0.225789,0.227524,0.0,4.209087,6.131793,-0.305583,Not Drowsy,Non Drowsy/za0756.png
0.237538,0.222498,0.230018,0.0,4.780503,6.93884,-0.425913,Not Drowsy,Non Drowsy/za0760.png
0.245458,0.232722,0.23909,0.006329,4.762379,7.158405,-0.549652,Not Drowsy,Non Drowsy/za0763.png
0.22433,0.23623,0.23028,0.0,5.13874,6.888767,-0.748166,Not Drowsy,Non Drowsy/za0767.png
0.21698,0.232722,0.224851,0.0,4.856873,7.699262,-0.452044,Not Drowsy,Non Drowsy/za0771.png
0.229315,0.221094,0.225204,0.006329,5.213401,7.059607,-0.220159,Not Drowsy,Non Drowsy/za0775.png
0.226623,0.227224,0.226924,0.0,3.462164,7.187142,-0.403918,Not Drowsy,Non Drowsy/za0779.png
0.25331,0.232722,0.243016,0.0,4.479684,7.180843,-0.100298,Not Drowsy,Non Drowsy/za0783.png
0.274806,0.260479,0.267642,0.0,4.417024,7.649484,-0.728553,Not Drowsy,Non Drowsy/za0787.png
0.23788,0.22798,0.23293,0.0,4.056008,7.58,-0.795831,Not Drowsy,Non Drowsy/za0791.png
0.232374,0.226604,0.229489,0.0,3.94464,7.138972,-0.593715,Not Drowsy,Non Drowsy/za0795.png
0.229258,0.225535,0.227396,0.012499,3.469956,7.139162,-0.791108,Not Drowsy,Non Drowsy/za0798.png
0.250912,0.221094,0.236003,0.006329,4.317895,6.817926,-0.751887,Not Drowsy,Non Drowsy/za0802.png
0.24017,0.231317,0.235744,0.0,4.0146,7.72207,-0.484338,Not Drowsy,Non Drowsy/za0806.png
0.221697,0.22798,0.224838,0.0,4.18075,7.903413,-0.364443,Not Drowsy,Non Drowsy/za0810.png
0.234466,0.232154,0.23331,0.0,3.817612,6.624504,-0.398848,Not Drowsy,Non Drowsy/za0814.png
0.239938,0.232722,0.23633,0.0,4.028946,6.652806,-0.315837,Not Drowsy,Non Drowsy/za0818.png
0.247864,0.22798,0.237922,0.0,3.360375,8.535001,-0.238175,Not Drowsy,Non Drowsy/za0822.png
0.247864,0.235179,0.241522,0.008838,3.78451,6.251526,-0.134176,Not Drowsy,Non Drowsy/za0826.png
0.26662,0.250147,0.258384,0.012499,4.028731,7.577346,-0.105532,Not Drowsy,Non Drowsy/za0830.png
0.274603,0.263505,0.269054,0.0,3.490954,6.786237,-0.115677,Not Drowsy,Non Drowsy/za0833.png
0.245689,0.21693,0.23131,0.0,3.55503,5.799878,-0.047767,Not Drowsy,Non Drowsy/za0837.png
0.232374,0.232722,0.232548,0.006172,3.854972,6.215563,-0.486145,Not Drowsy,Non Drowsy/za0841.png
0.2454,0.242975,0.244187,0.0,3.41434,6.952722,-0.197027,Not Drowsy,Non Drowsy/za0845.png
0.262939,0.251963,0.257451,0.0,4.301131,9.103964,-0.193586,Not Drowsy,Non Drowsy/za0849.png
0.272341,0.257833,0.265087,0.0,3.393744,7.761862,-0.303881,Not Drowsy,Non Drowsy/za0853.png
0.248391,0.237396,0.242894,0.0,3.932629,8.841895,-0.324615,Not Drowsy,Non Drowsy/za0857.png
0.248452,0.232319,0.240385,0.0,3.633561,6.218458,-0.587678,Not Drowsy,Non Drowsy/za0861.png
0.245626,0.226968,0.236297,0.0,3.955687,7.675929,-0.138963,Not Drowsy,Non Drowsy/za0865.png
0.248391,0.237303,0.242847,0.006493,3.136339,6.843243,-0.268069,Not Drowsy,Non Drowsy/za0868.png
0.221644,0.232722,0.227183,0.0,3.837475,6.73751,-0.304568,Not Drowsy,Non Drowsy/za0872.png
0.234527,0.227378,0.230952,0.0,3.23358,7.11377,0.049823,Not Drowsy,Non Drowsy/za0876.png
0.211011,0.237664,0.224338,0.0,2.174625,6.590291,-0.367136,Not Drowsy,Non Drowsy/za0880.png
0.226567,0.220034,0.223301,0.006493,2.419073,8.053485,0.061923,Not Drowsy,Non Drowsy/za0884.png
0.248452,0.237303,0.242878,0.006493,2.954752,6.274082,-0.241944,Not Drowsy,Non Drowsy/za0888.png
0.229258,0.222667,0.225963,0.006329,3.639171,6.703814,-0.047367,Not Drowsy,Non Drowsy/za0892.png
0.231817,0.237303,0.23456,0.0,2.894493,6.205726,-0.233019,Not Drowsy,Non Drowsy/za0896.png
0.25085,0.260773,0.255812,0.0,3.824053,8.02125,-0.130061,Not Drowsy,Non Drowsy/za0900.png
0.256548,0.242821,0.249685,0.006578,3.866949,6.843168,-0.393644,Not Drowsy,Non Drowsy/za0903.png
0.25085,0.245226,0.248038,0.0,3.692557,7.3578,-0.360743,Not Drowsy,Non Drowsy/za0907.png
0.253372,0.242975,0.248174,0.0,5.057121,7.989167,-0.340896,Not Drowsy,Non Drowsy/za0911.png
0.242993,0.238025,0.240509,0.00641,4.55217,7.935864,0.058378,Not Drowsy,Non Drowsy/za0915.png
0.2454,0.237664,0.241532,0.0,3.156167,7.17229,-0.471996,Not Drowsy,Non Drowsy/za0919.png
0.221644,0.237664,0.229654,0.006329,3.641278,7.419557,-0.413727,Not Drowsy,Non Drowsy/za0923.png
0.234466,0.232154,0.23331,0.0,3.338145,6.447706,-0.382105,Not Drowsy,Non Drowsy/za0927.png
0.063977,0.047094,0.055535,0.013157,4.19917,5.583052,-0.431807,Not Drowsy,Non Drowsy/za0931.png
0.247864,0.242975,0.24542,0.0,3.947121,6.868239,-0.640897,Not Drowsy,Non Drowsy/za0935.png
0.245452,0.248136,0.246794,0.0,4.308043,6.874696,-0.541528,Not Drowsy,Non Drowsy/za0938.png
0.262582,0.232154,0.247368,0.006578,4.33405,7.348074,-0.349662,Not Drowsy,Non Drowsy/za0942.png
0.248205,0.230545,0.239375,0.006493,4.485741,6.967093,-0.460485,Not Drowsy,Non Drowsy/za0946.png
0.245689,0.242821,0.244255,0.006578,4.415317,6.422328,-0.435022,Not Drowsy,Non Drowsy/za0950.png
0.234466,0.247339,0.240902,0.012816,5.507194,8.006965,-0.036749,Not Drowsy,Non Drowsy/za0954.png
0.245452,0.231881,0.238667,0.155868,5.96269,4.761508,-1.576518,Not Drowsy,Non Drowsy/za0958.png
0.250912,0.220956,0.235934,0.0,5.210791,6.299645,-0.894751,Not Drowsy,Non Drowsy/za0962.png
0.21435,0.213716,0.214033,0.0,3.472134,6.386209,-0.884486,Not Drowsy,Non Drowsy/za0966.png
0.240229,0.213634,0.226932,0.006173,3.052899,6.276715,-1.321183,Not Drowsy,Non Drowsy/za0970.png
0.226623,0.227378,0.227001,0.00625,2.432766,6.020981,-0.260935,Not Drowsy,Non Drowsy/za0973.png
0.229258,0.237396,0.233327,0.006329,3.755867,7.425728,-0.793867,Not Drowsy,Non Drowsy/za0977.png
0.24269,0.222498,0.232594,0.0,4.471371,7.29974,-0.518478,Not Drowsy,Non Drowsy/za0981.png
0.245256,0.223205,0.234231,0.006173,4.89707,7.996618,-0.914554,Not Drowsy,Non Drowsy/za0987.png
0.209481,0.20767,0.208575,0.0,-0.787637,2.52,-1.385673,Not Drowsy,Non Drowsy/za0991.png
0.232374,0.235963,0.234169,0.006172,1.892658,6.887477,-1.884158,Not Drowsy,Non Drowsy/za0995.png
0.240229,0.221487,0.230858,0.006493,1.382055,7.113703,-1.372035,Not Drowsy,Non Drowsy/za0999.png
0.240229,0.237011,0.23862,0.006329,1.423857,5.449925,-1.383871,Not Drowsy,Non Drowsy/za1003.png
0.265336,0.250019,0.257678,0.0,2.023262,7.085038,-1.124201,Not Drowsy,Non Drowsy/za1007.png
0.245458,0.235963,0.24071,0.0,3.125458,6.501825,-1.764104,Not Drowsy,Non Drowsy/za1010.png
0.242873,0.232154,0.237514,0.012047,4.257223,6.160942,-1.341528,Not Drowsy,Non Drowsy/za1014.png
0.250912,0.23247,0.241691,0.0,5.400045,7.665052,-0.674662,Not Drowsy,Non Drowsy/za1018.png
0.229258,0.237664,0.233461,0.009065,3.561805,8.086636,-0.15795,Not Drowsy,Non Drowsy/za1022.png
0.255516,0.225641,0.240578,0.0,3.867423,9.125135,0.497157,Not Drowsy,Non Drowsy/za1026.png
0.25331,0.258607,0.255958,0.0,4.313195,7.845457,-0.328463,Not Drowsy,Non Drowsy/za1030.png
0.207849,0.195983,0.201916,0.0,4.389622,7.143213,-0.114245,Not Drowsy,Non Drowsy/za1034.png
0.232374,0.222498,0.227436,0.0,3.972164,7.734699,-0.275103,Not Drowsy,Non Drowsy/za1038.png
0.2454,0.232722,0.239061,0.0,3.85176,8.857908,0.669915,Not Drowsy,Non Drowsy/za1042.png
0.253122,0.25535,0.254236,0.0,4.027084,8.426733,0.270167,Not Drowsy,Non Drowsy/za1045.png
0.243051,0.212413,0.227732,0.016093,4.663764,6.646527,0.19776,Not Drowsy,Non Drowsy/za1049.png
0.220597,0.230709,0.225653,0.121622,1.863376,-0.328265,-1.339926,Not Drowsy,Non Drowsy/za1053.png
0.231714,0.241072,0.236393,0.0,3.520138,5.991898,-1.79347,Not Drowsy,Non Drowsy/za1057.png
0.243717,0.216408,0.230063,0.008179,13.524722,11.484801,-2.442622,Not Drowsy,Non Drowsy/zb0004.png
0.1366,0.101225,0.118912,0.015608,9.355062,11.521288,-0.727669,Not Drowsy,Non Drowsy/zb0008.png
0.23692,0.196545,0.216732,0.018852,9.133691,10.859993,-0.47594,Not Drowsy,Non Drowsy/zb0012.png
0.265715,0.235994,0.250854,0.019151,10.010015,11.00224,-0.452354,Not Drowsy,Non Drowsy/zb0016.png
0.312557,0.310835,0.311696,0.00876,4.729574,2.707269,-1.87096,Not Drowsy,Non Drowsy/zb0020.png
0.312557,0.306802,0.30968,0.012595,-1.928122,3.309177,-1.372789,Not Drowsy,Non Drowsy/zb0024.png
0.255704,0.261712,0.258708,0.008906,-1.496719,4.467545,-1.289176,Not Drowsy,Non Drowsy/zb0027.png
0.28421,0.266908,0.275559,0.008916,-2.555251,5.508511,-1.003002,Not Drowsy,Non Drowsy/zb0031.png
0.252917,0.270812,0.261864,0.0,-1.788076,5.643412,-1.738249,Not Drowsy,Non Drowsy/zb0035.png
0.253661,0.237278,0.24547,0.0086,1.919224,5.736924,-2.169076,Not Drowsy,Non Drowsy/zb0039.png
0.263117,0.258447,0.260782,0.00876,1.417518,6.023462,-1.790421,Not Drowsy,Non Drowsy/zb0043.png
0.274975,0.25509,0.265032,0.008916,2.910628,5.877136,-2.223841,Not Drowsy,Non Drowsy/zb0047.png
0.263117,0.253664,0.25839,0.021125,3.191158,7.258001,-2.12137,Not Drowsy,Non Drowsy/zb0051.png
0.270942,0.258222,0.264582,0.011942,2.813765,7.288975,-2.011631,Not Drowsy,Non Drowsy/zb0055.png
0.245913,0.235077,0.240495,0.008444,1.679395,7.608799,-1.810661,Not Drowsy,Non Drowsy/zb0060.png
0.256027,0.224851,0.240439,0.020413,0.754884,7.701011,-1.777175,Not Drowsy,Non Drowsy/zb0063.png
0.230835,0.224851,0.227843,0.008292,2.408977,7.031842,-2.969629,Not Drowsy,Non Drowsy/zb0067.png
0.230854,0.219575,0.225215,0.0,-2.088797,7.160359,-3.506795,Not Drowsy,Non Drowsy/zb0071.png
0.23986,0.239955,0.239908,0.021096,-3.230887,7.303135,-3.070284,Not Drowsy,Non Drowsy/zb0075.png
0.237242,0.233238,0.23524,0.017178,-2.3427,8.351334,-2.904902,Not Drowsy,Non Drowsy/zb0079.png
0.250332,0.252941,0.251636,0.008431,-5.848733,7.592934,-3.239418,Not Drowsy,Non Drowsy/zb0083.png
0.230835,0.233238,0.232036,0.016862,-5.619586,8.443288,-2.808095,Not Drowsy,Non Drowsy/zb0087.png
0.256642,0.274874,0.265758,0.0,-1.641451,5.874784,-2.203655,Not Drowsy,Non Drowsy/zb0091.png
0.274619,0.276227,0.275423,0.0,1.723599,5.318803,-2.599242,Not Drowsy,Non Drowsy/zb0095.png
0.269273,0.253664,0.261468,0.0,-0.082403,5.88381,-1.754778,Not Drowsy,Non Drowsy/zb0098.png
0.242486,0.233238,0.237862,0.0,-1.342716,5.439162,-2.763589,Not Drowsy,Non Drowsy/zb0102.png
0.228973,0.22163,0.225301,0.017178,-0.389906,7.054713,-2.524076,Not Drowsy,Non Drowsy/zb0106.png
0.230478,0.233238,0.231858,0.0,2.636595,7.432963,-1.854934,Not Drowsy,Non Drowsy/zb0110.png
0.232838,0.224851,0.228845,0.017178,3.777642,7.850901,-2.128463,Not Drowsy,Non Drowsy/zb0114.png
0.236968,0.214324,0.225646,0.008589,0.018594,7.831324,-1.639587,Not Drowsy,Non Drowsy/zb0118.png
0.230919,0.24437,0.237645,0.0,-1.366932,7.968435,-3.438379,Not Drowsy,Non Drowsy/zb0122.png
0.260912,0.266019,0.263466,0.0,-0.419824,8.031805,-3.519417,Not Drowsy,Non Drowsy/zb0126.png
0.270611,0.265593,0.268102,0.0,0.219535,6.698128,-3.338796,Not Drowsy,Non Drowsy/zb0130.png
0.256406,0.241287,0.248846,0.008431,3.894607,-3.056122,-4.312835,Not Drowsy,Non Drowsy/zb0133.png
0.235247,0.240621,0.237934,0.0,1.673982,1.994956,-3.850013,Not Drowsy,Non Drowsy/zb0137.png
0.246915,0.260241,0.253578,0.0,-2.178085,3.584094,-2.4178,Not Drowsy,Non Drowsy/zb0141.png
0.267125,0.271309,0.269217,0.0,-0.51838,4.064668,-3.786034,Not Drowsy,Non Drowsy/zb0145.png
0.229061,0.255342,0.242202,0.0,1.726582,2.336408,-3.881918,Not Drowsy,Non Drowsy/zb0149.png
0.28421,0.279039,0.281624,0.0,1.920698,6.176206,-1.290222,Not Drowsy,Non Drowsy/zb0153.png
0.285693,0.257341,0.271517,0.00876,-1.148492,8.404399,-0.900417,Not Drowsy,Non Drowsy/zb0157.png
0.267125,0.244402,0.255763,0.0,1.551647,5.738413,-3.064219,Not Drowsy,Non Drowsy/zb0161.png
0.281759,0.266019,0.273889,0.0,2.350277,6.798859,-2.724524,Not Drowsy,Non Drowsy/zb0165.png
0.270942,0.262282,0.266612,0.017786,-0.084044,5.580394,-3.15384,Not Drowsy,Non Drowsy/zb0168.png
0.263117,0.260768,0.261943,0.0,2.608384,5.545094,-2.541134,Not Drowsy,Non Drowsy/zb0172.png
0.226059,0.206658,0.216358,0.0,2.755182,5.615483,-2.843028,Not Drowsy,Non Drowsy/zb0176.png
0.28317,0.273406,0.278288,0.0,0.744838,5.930336,-2.845195,Not Drowsy,Non Drowsy/zb0180.png
0.266799,0.263501,0.26515,0.0,2.060789,5.608575,-2.65727,Not Drowsy,Non Drowsy/zb0184.png
0.286202,0.266019,0.276111,0.017178,1.616453,5.619583,-2.46502,Not Drowsy,Non Drowsy/zb0188.png
0.252697,0.243774,0.248235,0.011567,3.780944,4.76853,-2.83325,Not Drowsy,Non Drowsy/zb0192.png
0.237242,0.249147,0.243194,0.0,2.461244,4.991594,-2.980883,Not Drowsy,Non Drowsy/zb0196.png
0.249409,0.249147,0.249278,0.017218,6.962821,0.59011,-2.776878,Not Drowsy,Non Drowsy/zb0200.png
0.271046,0.249147,0.260096,0.017786,8.429837,-0.046039,-4.355746,Not Drowsy,Non Drowsy/zb0203.png
0.229061,0.234602,0.231832,0.0,-3.505776,1.381438,-3.89791,Not Drowsy,Non Drowsy/zb0207.png
0.256098,0.249051,0.252575,0.0,1.222344,0.101246,-4.276356,Not Drowsy,Non Drowsy/zb0211.png
0.305052,0.286304,0.295678,0.008589,3.173697,-0.354198,-3.99923,Not Drowsy,Non Drowsy/zb0215.png
0.297635,0.276509,0.287072,0.0,10.932606,-3.582406,-2.474825,Not Drowsy,Non Drowsy/zb0219.png
0.256,0.25,0.253,0.0,3.008349,0.828863,-2.224436,Not Drowsy,Non Drowsy/zb0223.png
0.268049,0.249237,0.258643,0.011744,3.86018,1.605799,-2.880887,Not Drowsy,Non Drowsy/zb0227.png
0.289562,0.274606,0.282084,0.017501,2.191174,3.643061,-2.421455,Not Drowsy,Non Drowsy/zb0231.png
0.269273,0.278547,0.27391,0.008906,1.560184,4.058828,-2.266562,Not Drowsy,Non Drowsy/zb0235.png
0.269273,0.253664,0.261468,0.0,-0.088576,4.746413,-2.110337,Not Drowsy,Non Drowsy/zb0238.png
0.313157,0.306339,0.309748,0.0,1.1698,3.103538,-2.828399,Not Drowsy,Non Drowsy/zb0242.png
0.277394,0.294941,0.286168,0.0,-11.267338,1.283021,-3.057925,Not Drowsy,Non Drowsy/zb0246.png
0.221805,0.254605,0.238205,0.021061,-10.826975,1.740874,-2.739328,Not Drowsy,Non Drowsy/zb0250.png
0.256401,0.280655,0.268528,0.008996,-16.585895,3.272218,-3.905398,Not Drowsy,Non Drowsy/zb0254.png
0.237333,0.259684,0.248509,0.009159,-15.887503,4.342492,-3.829706,Not Drowsy,Non Drowsy/zb0258.png
0.276659,0.290996,0.283828,0.022168,-19.968595,6.488913,-3.130961,Not Drowsy,Non Drowsy/zb0262.png
0.224531,0.282123,0.253327,0.021019,-18.593615,7.123439,-2.902834,Not Drowsy,Non Drowsy/zb0266.png
0.246051,0.280655,0.263353,0.021389,-18.299871,6.767463,-2.919118,Not Drowsy,Non Drowsy/zb0270.png
0.286504,0.334706,0.310605,0.026579,-19.412001,7.900571,-2.733521,Not Drowsy,Non Drowsy/zb0273.png
0.239548,0.282123,0.260835,0.026579,-20.290641,7.200553,-2.634428,Not Drowsy,Non Drowsy/zb0277.png
0.262108,0.281208,0.271658,0.008707,-19.718377,7.331291,-2.613545,Not Drowsy,Non Drowsy/zb0281.png
0.269273,0.291986,0.28063,0.009018,-22.430059,6.444994,-2.072809,Not Drowsy,Non Drowsy/zb0285.png
0.27465,0.303325,0.288987,0.030855,-21.815964,7.441933,-2.023307,Not Drowsy,Non Drowsy/zb0289.png
0.256,0.275498,0.265749,0.018036,-21.798668,6.516662,-2.169697,Not Drowsy,Non Drowsy/zb0293.png
0.222789,0.262613,0.242701,0.008724,-19.704488,7.404751,-2.585259,Not Drowsy,Non Drowsy/zb0297.png
0.226812,0.278111,0.252462,0.009018,-20.647302,7.342507,-2.752606,Not Drowsy,Non Drowsy/zb0301.png
0.239286,0.284657,0.261972,0.008724,-19.920832,8.26139,-1.956151,Not Drowsy,Non Drowsy/zb0305.png
0.239548,0.269631,0.25459,0.017413,-19.046865,7.553063,-2.490249,Not Drowsy,Non Drowsy/zb0308.png
0.219779,0.251765,0.235772,0.0125,-12.113924,5.645645,-3.169731,Not Drowsy,Non Drowsy/zb0312.png
0.246051,0.256569,0.25131,0.008724,-21.241743,6.1128,-1.137722,Not Drowsy,Non Drowsy/zb0316.png
0.252697,0.29361,0.273153,0.021818,-19.473871,7.836425,-2.431786,Not Drowsy,Non Drowsy/zb0320.png
0.268893,0.286249,0.277571,0.018319,-23.816029,8.740328,-3.170618,Not Drowsy,Non Drowsy/zb0324.png
0.267999,0.316951,0.292475,0.017413,-23.309654,8.421251,-3.072566,Not Drowsy,Non Drowsy/zb0328.png
0.260682,0.307658,0.28417,0.029726,-22.826413,8.284302,-2.932673,Not Drowsy,Non Drowsy/zb0332.png
0.058813,0.087947,0.07338,0.020566,-19.182482,6.465933,-3.812235,Not Drowsy,Non Drowsy/zb0336.png
0.271463,0.274874,0.273168,0.008707,-22.284778,8.330063,-3.100931,Not Drowsy,Non Drowsy/zb0340.png
0.250332,0.283176,0.266754,0.009018,-13.44824,5.849826,-3.612572,Not Drowsy,Non Drowsy/zb0343.png
0.263117,0.258356,0.260737,0.0,-0.023633,1.916456,-6.437283,Not Drowsy,Non Drowsy/zb0347.png
0.267125,0.284061,0.275593,0.008996,-4.27063,2.635213,-5.095959,Not Drowsy,Non Drowsy/zb0351.png
0.253661,0.253713,0.253687,0.017992,-3.815393,2.799926,-5.855894,Not Drowsy,Non Drowsy/zb0355.png
0.259411,0.262282,0.260846,0.0,-2.355911,3.687353,-5.878318,Not Drowsy,Non Drowsy/zb0359.png
0.263422,0.256793,0.260107,0.008687,-0.374442,4.767243,-5.407651,Not Drowsy,Non Drowsy/zb0363.png
0.269187,0.275188,0.272188,0.0,-3.774888,4.523445,-5.613604,Not Drowsy,Non Drowsy/zb0367.png
0.252789,0.239789,0.246289,0.0,-4.441621,4.814973,-4.985554,Not Drowsy,Non Drowsy/zb0371.png
0.239636,0.260364,0.25,0.017413,-9.29834,6.162408,-3.873879,Not Drowsy,Non Drowsy/zb0375.png
0.246197,0.247065,0.246631,0.017719,-13.872073,6.194474,-2.84787,Not Drowsy,Non Drowsy/zb0378.png
0.226895,0.269631,0.248263,0.021389,-13.812833,5.920616,-3.055462,Not Drowsy,Non Drowsy/zb0382.png
0.250332,0.283176,0.266754,0.0,-14.570206,6.13731,-2.924923,Not Drowsy,Non Drowsy/zb0386.png
0.224441,0.237873,0.231157,0.017413,-15.059873,6.54244,-2.821176,Not Drowsy,Non Drowsy/zb0390.png
0.226059,0.264426,0.245242,0.017992,-15.800219,6.801018,-3.115659,Not Drowsy,Non Drowsy/zb0394.png
0.201296,0.245303,0.223299,0.008707,-14.395737,6.193076,-2.968324,Not Drowsy,Non Drowsy/zb0398.png
0.198471,0.239691,0.219081,0.00886,-17.024622,6.669535,-2.85494,Not Drowsy,Non Drowsy/zb0402.png
0.201296,0.237873,0.219585,0.021019,-16.598166,6.382403,-2.824261,Not Drowsy,Non Drowsy/zb0406.png
0.201296,0.233624,0.21746,0.017413,-12.971083,6.365481,-3.422176,Not Drowsy,Non Drowsy/zb0410.png
0.237333,0.237873,0.237603,0.026579,-15.360321,6.863664,-2.704398,Not Drowsy,Non Drowsy/zb0413.png
0.256307,0.279062,0.267685,0.0,-14.370894,5.938009,-2.966425,Not Drowsy,Non Drowsy/zb0417.png
0.247812,0.272427,0.260119,0.008996,-17.594993,6.338026,-3.06439,Not Drowsy,Non Drowsy/zb0421.png
0.263422,0.283176,0.273299,0.018036,-16.777949,7.261312,-3.129574,Not Drowsy,Non Drowsy/zb0425.png
0.27465,0.304047,0.289348,0.0,-15.721503,6.384153,-3.261157,Not Drowsy,Non Drowsy/zb0429.png
0.27849,0.310955,0.294722,0.0,-18.265741,5.651234,-2.716193,Not Drowsy,Non Drowsy/zb0433.png
0.267349,0.31869,0.293019,0.00886,-17.513291,6.520903,-2.720895,Not Drowsy,Non Drowsy/zb0437.png
0.249308,0.310955,0.280132,0.027054,-22.847383,6.834768,-1.998202,Not Drowsy,Non Drowsy/zb0441.png
0.265286,0.299763,0.282524,0.012555,-20.641174,6.777574,-2.29412,Not Drowsy,Non Drowsy/zb0445.png
0.273722,0.31323,0.293476,0.017719,-21.548048,7.876007,-2.370536,Not Drowsy,Non Drowsy/zb0448.png
0.286998,0.32026,0.303629,0.027112,-20.664538,7.880056,-2.163277,Not Drowsy,Non Drowsy/zb0452.png
0.268893,0.299763,0.284328,0.017756,-21.022127,7.791177,-2.14767,Not Drowsy,Non Drowsy/zb0456.png
0.051659,0.090465,0.071062,0.029785,-18.528787,5.237099,-1.542913,Not Drowsy,Non Drowsy/zb0460.png
0.311807,0.307963,0.309885,0.011969,-0.998179,1.546814,-1.634176,Not Drowsy,Non Drowsy/zb0464.png
0.325632,0.287592,0.306612,0.0,13.093883,-1.036521,-2.99875,Not Drowsy,Non Drowsy/zb0468.png
0.302833,0.313541,0.308187,0.008609,-6.611116,-1.218692,-0.153092,Not Drowsy,Non Drowsy/zb0472.png
0.286654,0.299412,0.293033,0.020433,-4.970165,-3.143409,-1.117026,Not Drowsy,Non Drowsy/zb0476.png
0.273521,0.304313,0.288917,0.008609,-4.11804,-1.879585,-1.49715,Not Drowsy,Non Drowsy/zb0480.png
0.0404,0.054034,0.047217,0.020784,-8.431246,0.356793,-0.521319,Not Drowsy,Non Drowsy/zb0483.png
0.247065,0.257457,0.252261,0.018134,-6.750754,-0.166644,-1.668828,Not Drowsy,Non Drowsy/zb0487.png
0.055718,0.072695,0.064207,0.029931,-5.155759,1.919726,-0.184167,Not Drowsy,Non Drowsy/zb0491.png
0.286202,0.287385,0.286794,0.017832,-3.549816,1.76765,-1.541525,Not Drowsy,Non Drowsy/zb0495.png
0.278795,0.305755,0.292275,0.016889,-3.717268,2.847675,-2.437888,Not Drowsy,Non Drowsy/zb0499.png
0.27298,0.269008,0.270994,0.008893,-4.380068,4.526426,-2.325225,Not Drowsy,Non Drowsy/zb0503.png
0.303374,0.294595,0.298984,0.0,-3.480071,4.787424,-2.40667,Not Drowsy,Non Drowsy/zb0507.png
0.301731,0.306339,0.304035,0.017477,-4.283553,5.318982,-2.114418,Not Drowsy,Non Drowsy/zb0511.png
0.277281,0.265889,0.271585,0.017501,-3.888266,4.519724,-1.885557,Not Drowsy,Non Drowsy/zb0515.png
0.286533,0.292439,0.289486,0.00875,-4.949163,4.22981,-1.918635,Not Drowsy,Non Drowsy/zb0518.png
0.285654,0.286349,0.286001,0.0,-0.841852,5.086466,-1.705021,Not Drowsy,Non Drowsy/zb0522.png
0.267234,0.254116,0.260675,0.018075,-2.266324,3.746753,-3.286475,Not Drowsy,Non Drowsy/zb0526.png
0.286202,0.291033,0.288618,0.00875,4.631211,4.059732,-2.649444,Not Drowsy,Non Drowsy/zb0530.png
0.304908,0.290204,0.297556,0.012848,10.561146,0.958588,-2.796518,Not Drowsy,Non Drowsy/zb0534.png
0.293813,0.303898,0.298856,0.020763,-4.832837,1.193978,-2.036373,Not Drowsy,Non Drowsy/zb0538.png
0.267219,0.304557,0.285888,0.008893,-9.739407,2.307945,-1.627957,Not Drowsy,Non Drowsy/zb0542.png
0.262017,0.289599,0.275808,0.008906,-12.699784,2.990646,-1.274426,Not Drowsy,Non Drowsy/zb0546.png
0.267999,0.282514,0.275256,0.02668,-12.626432,3.316248,-1.61624,Not Drowsy,Non Drowsy/zb0550.png
0.280398,0.279588,0.279993,0.017786,-11.882068,2.794457,-1.81158,Not Drowsy,Non Drowsy/zb0561.png
0.271463,0.305544,0.288504,0.030363,-13.039804,3.049018,-1.666535,Not Drowsy,Non Drowsy/zb0565.png
0.232599,0.257934,0.245267,0.009054,-14.498506,3.557043,-1.338107,Not Drowsy,Non Drowsy/zb0569.png
0.226812,0.252852,0.239832,0.0,-13.477582,3.797186,-1.912118,Not Drowsy,Non Drowsy/zb0573.png
0.243571,0.298667,0.271119,0.018319,-20.855756,5.031405,-3.958689,Not Drowsy,Non Drowsy/zb0577.png
0.24366,0.272568,0.258114,0.017413,-18.746424,3.952987,-3.10429,Not Drowsy,Non Drowsy/zb0581.png
0.226059,0.277092,0.251575,0.018365,-21.161213,4.478331,-2.909797,Not Drowsy,Non Drowsy/zb0585.png
0.246292,0.26811,0.257201,0.022168,-19.566601,4.784459,-3.299234,Not Drowsy,Non Drowsy/zb0589.png
0.229061,0.275498,0.252279,0.017719,-20.196925,5.184774,-3.189981,Not Drowsy,Non Drowsy/zb0593.png
0.228973,0.276447,0.25271,0.009018,-19.811846,5.297604,-2.840131,Not Drowsy,Non Drowsy/zb0596.png
0.249086,0.289707,0.269397,0.0,-22.202,6.047646,-1.462681,Not Drowsy,Non Drowsy/zb0600.png
0.245796,0.273768,0.259782,0.017477,-19.616243,4.79903,-1.126268,Not Drowsy,Non Drowsy/zb0604.png
0.242486,0.26382,0.253153,0.027112,-19.988398,4.92158,-1.577755,Not Drowsy,Non Drowsy/zb0608.png
0.082534,0.118995,0.100765,0.0,-17.818537,4.689028,-1.459868,Not Drowsy,Non Drowsy/zb0612.png
0.315621,0.298332,0.306977,0.009067,-3.688686,1.986027,-2.185574,Not Drowsy,Non Drowsy/zb0616.png
0.302061,0.299518,0.300789,0.0,10.103903,-0.950458,-3.521274,Not Drowsy,Non Drowsy/zb0620.png
0.260303,0.25,0.255151,0.008455,-1.172255,0.125072,-2.267578,Not Drowsy,Non Drowsy/zb0624.png
0.256,0.231471,0.243736,0.00876,2.251791,3.002838,-2.328285,Not Drowsy,Non Drowsy/zb0628.png
0.294198,0.318139,0.306168,0.012609,3.517942,3.818549,-2.372689,Not Drowsy,Non Drowsy/zb0631.png
0.291783,0.321407,0.306595,0.0,-7.361867,1.910017,-2.548989,Not Drowsy,Non Drowsy/zb0635.png
0.271463,0.297475,0.284469,0.017413,-17.445209,3.44152,-2.570943,Not Drowsy,Non Drowsy/zb0639.png
0.275522,0.29356,0.284541,0.009054,-6.217999,3.040819,-2.126428,Not Drowsy,Non Drowsy/zb0643.png
0.309689,0.258234,0.283961,0.017544,17.54493,-2.419862,-1.546987,Not Drowsy,Non Drowsy/zb0647.png
0.246915,0.22886,0.237888,0.0,1.452324,1.852361,-3.013844,Not Drowsy,Non Drowsy/zb0651.png
0.318918,0.297028,0.307973,0.0,3.523512,4.189281,-2.729368,Not Drowsy,Non Drowsy/zb0655.png
0.27849,0.283371,0.280931,0.0,3.473053,5.095516,-2.782788,Not Drowsy,Non Drowsy/zb0659.png
0.286202,0.289443,0.287823,0.008906,5.461407,4.937421,-3.310912,Not Drowsy,Non Drowsy/zb0663.png
0.289897,0.282069,0.285983,0.009077,10.992868,4.226549,-3.498447,Not Drowsy,Non Drowsy/zb0667.png
0.289897,0.285858,0.287877,0.008906,12.6141,4.532732,-3.891769,Not Drowsy,Non Drowsy/zb0670.png
0.286602,0.276051,0.281327,0.017501,8.294091,4.925592,-3.489493,Not Drowsy,Non Drowsy/zb0674.png
0.281759,0.272069,0.276914,0.0086,6.129502,4.762158,-2.935431,Not Drowsy,Non Drowsy/zb0678.png
0.306538,0.276685,0.291611,0.0,5.459367,4.886587,-3.016544,Not Drowsy,Non Drowsy/zb0682.png
0.289562,0.272069,0.280815,0.008906,8.201449,4.578579,-3.303584,Not Drowsy,Non Drowsy/zb0686.png
0.285654,0.272069,0.278861,0.008916,10.196516,5.833539,-2.767101,Not Drowsy,Non Drowsy/zb0690.png
0.280398,0.277395,0.278896,0.012595,9.354119,5.264451,-3.022628,Not Drowsy,Non Drowsy/zb0694.png
0.297809,0.266019,0.281914,0.009234,9.820262,5.811495,-3.312978,Not Drowsy,Non Drowsy/zb0698.png
0.270611,0.272069,0.27134,0.017812,9.632836,5.478638,-3.353556,Not Drowsy,Non Drowsy/zb0707.png
0.297809,0.268851,0.28333,0.008893,12.393679,4.775224,-3.997192,Not Drowsy,Non Drowsy/zb0710.png
0.270611,0.244834,0.257722,0.009067,11.695845,6.047548,-3.515157,Not Drowsy,Non Drowsy/zb0714.png
0.303245,0.295112,0.299179,0.0,9.727112,5.009584,-3.848086,Not Drowsy,Non Drowsy/zb0718.png
0.307148,0.289351,0.298249,0.025801,10.455982,6.344248,-3.147114,Not Drowsy,Non Drowsy/zb0722.png
0.282843,0.269008,0.275925,0.0,2.069424,5.94177,-3.444168,Not Drowsy,Non Drowsy/zb0726.png
0.311794,0.322905,0.31735,0.0,9.583944,3.759667,-3.515402,Not Drowsy,Non Drowsy/zb0730.png
0.263308,0.249147,0.256228,0.026747,9.151964,3.777645,-3.18883,Not Drowsy,Non Drowsy/zb0734.png
0.259411,0.270092,0.264752,0.00876,7.22924,5.035346,-2.827652,Not Drowsy,Non Drowsy/zb0738.png
0.286202,0.26377,0.274986,0.008906,6.212314,4.807333,-2.783416,Not Drowsy,Non Drowsy/zb0742.png
0.286202,0.25704,0.271621,0.0,8.185426,4.250634,-3.297908,Not Drowsy,Non Drowsy/zb0745.png
0.281759,0.272069,0.276914,0.008609,7.879826,4.756739,-2.770763,Not Drowsy,Non Drowsy/zb0749.png
0.263117,0.256826,0.259972,0.0,8.55907,3.963754,-3.054993,Not Drowsy,Non Drowsy/zb0753.png
0.307706,0.268116,0.287911,0.0,9.1706,4.240151,-3.330292,Not Drowsy,Non Drowsy/zb0757.png
0.286202,0.272069,0.279136,0.00875,8.521781,4.08942,-3.096646,Not Drowsy,Non Drowsy/zb0761.png
0.286933,0.266019,0.276476,0.008707,-3.622748,4.648273,-3.553662,Not Drowsy,Non Drowsy/zb0765.png
0.28421,0.269008,0.276609,0.017832,3.990144,4.892946,-2.66931,Not Drowsy,Non Drowsy/zb0769.png
0.286202,0.287183,0.286693,0.017812,5.041089,5.650132,-3.270692,Not Drowsy,Non Drowsy/zb0773.png
0.287296,0.279425,0.28336,0.0,-0.524528,5.844372,-3.798773,Not Drowsy,Non Drowsy/zb0777.png
0.268893,0.293781,0.281337,0.008996,-10.635703,5.784935,-4.11043,Not Drowsy,Non Drowsy/zb0780.png
0.27634,0.283176,0.279758,0.0,-15.923437,5.763644,-3.27791,Not Drowsy,Non Drowsy/zb0784.png
0.273646,0.306804,0.290225,0.009159,-13.265977,6.122997,-4.989997,Not Drowsy,Non Drowsy/zb0788.png
0.269187,0.261605,0.265396,0.017631,-11.24541,6.054892,-4.500265,Not Drowsy,Non Drowsy/zb0792.png
0.269187,0.285606,0.277397,0.027478,-13.956297,6.153366,-4.1704,Not Drowsy,Non Drowsy/zb0796.png
0.284557,0.289512,0.287035,0.0,1.241545,5.743087,-5.130725,Not Drowsy,Non Drowsy/zb0800.png
0.289897,0.272007,0.280952,0.0,1.512617,6.938809,-3.543074,Not Drowsy,Non Drowsy/zb0804.png
0.263117,0.25139,0.257254,0.011744,7.075185,6.342602,-3.258353,Not Drowsy,Non Drowsy/zb0808.png
0.303612,0.280828,0.29222,0.016609,9.444737,7.849354,-3.496232,Not Drowsy,Non Drowsy/zb0812.png
0.302885,0.280589,0.291737,0.017756,12.412913,6.864063,-4.55174,Not Drowsy,Non Drowsy/zb0815.png
0.311521,0.262613,0.287067,0.008724,12.571158,7.277571,-4.620615,Not Drowsy,Non Drowsy/zb0819.png
0.284557,0.257826,0.271192,0.017756,12.96687,6.780878,-4.914686,Not Drowsy,Non Drowsy/zb0823.png
0.271052,0.243549,0.257301,0.017756,12.001752,6.829299,-4.894724,Not Drowsy,Non Drowsy/zb0827.png
0.29292,0.274524,0.283722,0.008878,13.761129,7.368746,-5.080487,Not Drowsy,Non Drowsy/zb0831.png
0.298173,0.269398,0.283785,0.0,11.805092,7.260374,-4.637324,Not Drowsy,Non Drowsy/zb0835.png
0.06991,0.065522,0.067716,0.0,12.808738,5.817462,-5.080001,Not Drowsy,Non Drowsy/zb0839.png
0.284673,0.252348,0.268511,0.008738,13.993006,5.642842,-5.540597,Not Drowsy,Non Drowsy/zb0843.png
0.284557,0.260094,0.272326,0.017447,15.173219,6.132094,-5.492021,Not Drowsy,Non Drowsy/zb0847.png
0.298294,0.265868,0.282081,0.012529,15.373899,6.49528,-5.703009,Not Drowsy,Non Drowsy/zb0850.png
0.271052,0.254516,0.262784,0.008724,14.844006,6.972658,-5.459732,Not Drowsy,Non Drowsy/zb0854.png
0.271052,0.269398,0.270225,0.008724,12.365345,6.920018,-4.956537,Not Drowsy,Non Drowsy/zb0858.png
0.281241,0.267441,0.274341,0.008431,14.67501,6.355557,-5.354341,Not Drowsy,Non Drowsy/zb0862.png
0.281349,0.262613,0.271981,0.025293,14.266026,6.852271,-5.388736,Not Drowsy,Non Drowsy/zb0866.png
0.271052,0.269398,0.270225,0.008878,14.218572,7.188872,-4.915611,Not Drowsy,Non Drowsy/zb0870.png
0.289845,0.241381,0.265613,0.01715,13.036434,6.916034,-5.053733,Not Drowsy,Non Drowsy/zb0874.png
0.263523,0.252614,0.258069,0.0,4.017848,6.624753,-3.938825,Not Drowsy,Non Drowsy/zb0878.png
0.274365,0.290018,0.282192,0.0,0.360468,8.473297,-2.850151,Not Drowsy,Non Drowsy/zb0882.png
0.307724,0.272824,0.290274,0.017374,8.600028,7.371843,-6.599484,Not Drowsy,Non Drowsy/zb0885.png
0.29906,0.254516,0.276788,0.0,12.999253,7.793317,-5.371066,Not Drowsy,Non Drowsy/zb0889.png
0.289562,0.270819,0.28019,0.008444,9.285092,6.605903,-4.216524,Not Drowsy,Non Drowsy/zb0893.png
0.282067,0.267441,0.274754,0.0,7.534254,6.293339,-4.6058,Not Drowsy,Non Drowsy/zb0897.png
0.277394,0.255854,0.266624,0.017501,10.381861,-0.702004,-3.960012,Not Drowsy,Non Drowsy/zb0901.png
0.271163,0.267451,0.269307,0.018107,14.785465,1.320686,-5.20472,Not Drowsy,Non Drowsy/zb0905.png
0.281098,0.238481,0.259789,0.017117,9.593897,1.818977,-6.625559,Not Drowsy,Non Drowsy/zb0909.png
0.250861,0.257669,0.254265,0.008996,9.443032,2.230932,-7.481301,Not Drowsy,Non Drowsy/zb0913.png
0.274975,0.258462,0.266718,0.008996,7.375393,1.994567,-7.766561,Not Drowsy,Non Drowsy/zb0917.png
0.290898,0.262877,0.276887,0.012285,8.256918,1.584099,-7.614987,Not Drowsy,Non Drowsy/zb0920.png
0.253226,0.245549,0.249387,0.018075,14.155138,2.573709,-6.909355,Not Drowsy,Non Drowsy/zb0924.png
0.278904,0.244798,0.261851,0.017756,13.670361,3.572218,-6.722835,Not Drowsy,Non Drowsy/zb0928.png
0.251186,0.239789,0.245487,0.017719,7.990799,4.178606,-6.665789,Not Drowsy,Non Drowsy/zb0932.png
0.250332,0.234309,0.242321,0.008416,9.941078,5.171266,-6.693921,Not Drowsy,Non Drowsy/zb0936.png
0.230835,0.216543,0.223689,0.0,5.724763,5.685986,-5.883656,Not Drowsy,Non Drowsy/zb0940.png
0.270942,0.269708,0.270325,0.008559,5.355417,5.441064,-5.615075,Not Drowsy,Non Drowsy/zb0944.png
0.269286,0.25,0.259643,0.0,0.702473,5.455974,-5.962203,Not Drowsy,Non Drowsy/zb0948.png
0.299148,0.280142,0.289645,0.008839,-1.264593,5.18608,-6.231704,Not Drowsy,Non Drowsy/zb0952.png
0.295163,0.288057,0.29161,0.0,0.504678,6.240654,-6.344346,Not Drowsy,Non Drowsy/zb0955.png
0.284673,0.278092,0.281383,0.0,7.181208,5.054226,-6.405065,Not Drowsy,Non Drowsy/zb0959.png
0.281241,0.25281,0.267025,0.008398,7.215286,6.753798,-6.611903,Not Drowsy,Non Drowsy/zb0963.png
0.230835,0.252908,0.241872,0.00879,-10.045636,6.635616,-7.331585,Not Drowsy,Non Drowsy/zb0967.png
0.278638,0.302002,0.29032,0.008665,-8.014653,7.292249,-6.700781,Not Drowsy,Non Drowsy/zb0971.png
0.288141,0.307148,0.297644,0.0,-7.396801,7.48108,-7.010467,Not Drowsy,Non Drowsy/zb0975.png
0.29456,0.280142,0.287351,0.0,3.715558,6.7337,-6.316739,Not Drowsy,Non Drowsy/zb0979.png
0.294592,0.276091,0.285342,0.008815,8.720116,6.637855,-7.72375,Not Drowsy,Non Drowsy/zb0983.png
0.29906,0.303439,0.30125,0.008996,9.043226,7.278719,-7.153722,Not Drowsy,Non Drowsy/zb0987.png
0.303717,0.291705,0.297711,0.012077,7.477373,7.462015,-6.970217,Not Drowsy,Non Drowsy/zb0990.png
0.290984,0.299235,0.295109,0.008398,6.513737,7.655331,-7.038707,Not Drowsy,Non Drowsy/zb0994.png
0.266185,0.272824,0.269505,0.017037,8.153659,7.296741,-7.169691,Not Drowsy,Non Drowsy/zb0998.png
0.256737,0.243238,0.249987,0.0,8.7419,7.082389,-7.107069,Not Drowsy,Non Drowsy/zb1002.png
0.299176,0.268979,0.284077,0.016991,8.337757,7.179466,-7.469004,Not Drowsy,Non Drowsy/zb1006.png
0.303456,0.299235,0.301346,0.008519,9.596734,7.019467,-7.609318,Not Drowsy,Non Drowsy/zb1010.png
0.263523,0.261636,0.26258,0.0,4.205418,7.229656,-6.093961,Not Drowsy,Non Drowsy/zb1014.png
0.289845,0.278092,0.283969,0.0,6.133738,7.16229,-6.981214,Not Drowsy,Non Drowsy/zb1018.png
0.296631,0.266978,0.281804,0.025556,7.557496,7.726525,-7.122005,Not Drowsy,Non Drowsy/zb1022.png
0.283332,0.253311,0.268321,0.0,7.927192,7.390627,-7.065113,Not Drowsy,Non Drowsy/zb1025.png
0.299176,0.284283,0.29173,0.026446,8.298733,8.498322,-7.067419,Not Drowsy,Non Drowsy/zb1029.png
0.28343,0.282815,0.283122,0.008378,7.90674,8.362045,-7.059572,Not Drowsy,Non Drowsy/zb1033.png
0.056334,0.03584,0.046087,0.0,7.778825,7.213826,-7.829694,Not Drowsy,Non Drowsy/zb1037.png
0.30487,0.260356,0.282613,0.008378,9.765615,7.580346,-7.586513,Not Drowsy,Non Drowsy/zb1041.png
0.29444,0.244559,0.269499,0.0,12.44057,7.845414,-8.001597,Not Drowsy,Non Drowsy/zb1045.png
0.273474,0.284283,0.278879,0.0,8.626711,8.289953,-7.47688,Not Drowsy,Non Drowsy/zb1049.png
0.302061,0.260356,0.281209,0.008355,8.721767,8.597348,-8.389766,Not Drowsy,Non Drowsy/zb1053.png
0.296631,0.264194,0.280413,0.008378,9.700078,8.792188,-7.645864,Not Drowsy,Non Drowsy/zb1057.png
0.296631,0.260356,0.278493,0.0,10.376521,8.471663,-8.349689,Not Drowsy,Non Drowsy/zb1060.png
0.307598,0.270962,0.28928,0.021339,10.250153,8.429401,-7.658291,Not Drowsy,Non Drowsy/zb1064.png
0.284075,0.264143,0.274109,0.008495,10.749324,8.27315,-8.152648,Not Drowsy,Non Drowsy/zb1068.png
0.260614,0.242362,0.251488,0.008665,10.756182,8.07727,-8.432264,Not Drowsy,Non Drowsy/zb1072.png
0.281241,0.272944,0.277093,0.017329,10.032966,8.054781,-7.723608,Not Drowsy,Non Drowsy/zb1076.png
0.248069,0.243549,0.245809,0.008378,6.683808,7.896835,-6.669704,Not Drowsy,Non Drowsy/zb1080.png
0.32645,0.291705,0.309077,0.016795,5.994629,9.062491,-6.167878,Not Drowsy,Non Drowsy/zb1084.png
0.266088,0.284283,0.275186,0.016795,5.623801,8.731564,-6.352153,Not Drowsy,Non Drowsy/zb1088.png
0.296631,0.266076,0.281353,0.0,6.776035,8.342409,-6.905972,Not Drowsy,Non Drowsy/zb1092.png
0.255593,0.239962,0.247778,0.008398,7.449525,8.079301,-6.727496,Not Drowsy,Non Drowsy/zb1095.png
0.271211,0.262616,0.266914,0.008355,3.164519,8.373715,-6.539917,Not Drowsy,Non Drowsy/zb1099.png
0.300702,0.294594,0.297648,0.011655,2.002323,9.640708,-6.621356,Not Drowsy,Non Drowsy/zb1103.png
0.29109,0.274821,0.282955,0.00822,3.274796,8.405978,-6.597247,Not Drowsy,Non Drowsy/zb1107.png
0.266185,0.267814,0.266999,0.008378,4.637431,8.649113,-6.512237,Not Drowsy,Non Drowsy/zb1111.png
0.243717,0.23935,0.241533,0.012047,5.871866,7.738014,-6.722042,Not Drowsy,Non Drowsy/zb1115.png
0.281241,0.263267,0.272254,0.008378,4.941557,8.464022,-6.761041,Not Drowsy,Non Drowsy/zb1119.png
0.217594,0.176644,0.197119,0.0,14.155413,8.493129,-3.177818,Not Drowsy,Non Drowsy/zb1123.png
0.256098,0.278307,0.267203,0.017812,-0.941262,-3.332106,-2.820712,Not Drowsy,Non Drowsy/zb1127.png
0.223865,0.249197,0.236531,0.008277,-3.977068,-5.481127,-4.194361,Not Drowsy,Non Drowsy/zb1130.png
0.296465,0.29769,0.297077,0.009037,-5.717602,-0.184963,-2.646986,Not Drowsy,Non Drowsy/zb1134.png
0.269585,0.29356,0.281572,0.016889,-9.813425,1.008766,-1.815358,Not Drowsy,Non Drowsy/zb1138.png
0.279934,0.331321,0.305628,0.017413,-17.91983,6.023277,-2.976245,Not Drowsy,Non Drowsy/zb1142.png
0.21556,0.276764,0.246162,0.017719,-19.499273,5.718265,-2.088603,Not Drowsy,Non Drowsy/zb1146.png
0.287296,0.301838,0.294567,0.0,-20.239446,6.878431,-3.623911,Not Drowsy,Non Drowsy/zb1150.png
0.261837,0.302305,0.282071,0.00886,-16.167229,6.699739,-3.519396,Not Drowsy,Non Drowsy/zb1154.png
0.262108,0.300109,0.281109,0.0,-17.334759,5.784752,-4.488671,Not Drowsy,Non Drowsy/zb1158.png
0.257756,0.2943,0.276028,0.017694,-21.635414,5.674223,-9.237547,Not Drowsy,Non Drowsy/zb1162.png
0.24892,0.286892,0.267906,0.0,-20.454031,6.697645,-8.49559,Not Drowsy,Non Drowsy/zb1165.png
0.24258,0.280655,0.261617,0.026989,-20.423153,6.325633,-3.634226,Not Drowsy,Non Drowsy/zb1169.png
0.298913,0.327423,0.313168,0.008839,-20.334345,7.2651,-3.773225,Not Drowsy,Non Drowsy/zb1173.png
0.286998,0.326243,0.306621,0.021772,-23.358092,7.240426,-2.86239,Not Drowsy,Non Drowsy/zb1177.png
0.261402,0.302305,0.281854,0.008665,-19.178911,5.897796,-3.951886,Not Drowsy,Non Drowsy/zb1181.png
0.256401,0.310955,0.283678,0.008996,-18.743426,6.175693,-3.877288,Not Drowsy,Non Drowsy/zb1185.png
0.274745,0.304047,0.289396,0.017719,-15.865574,5.880819,-3.895694,Not Drowsy,Non Drowsy/zb1189.png
0.310445,0.289003,0.299724,0.017812,9.021372,0.647886,-3.392097,Not Drowsy,Non Drowsy/zb1193.png
0.291308,0.269172,0.28024,0.0,9.755614,1.492334,-3.282325,Not Drowsy,Non Drowsy/zb1197.png
0.271046,0.249051,0.260049,0.008878,1.324941,5.654508,-3.377792,Not Drowsy,Non Drowsy/zb1200.png
0.256027,0.269681,0.262854,0.0086,0.612227,6.328155,-2.559098,Not Drowsy,Non Drowsy/zb1204.png
0.255358,0.23098,0.243169,0.008589,0.254435,7.191014,-2.693899,Not Drowsy,Non Drowsy/zb1208.png
0.256307,0.24437,0.250339,0.008455,1.552448,7.615389,-2.570133,Not Drowsy,Non Drowsy/zb1212.png
0.11452,0.117323,0.115921,0.0,1.078263,7.323101,-2.929182,Not Drowsy,Non Drowsy/zb1216.png
0.281241,0.269681,0.275461,0.0,0.147467,6.892378,-2.986492,Not Drowsy,Non Drowsy/zb1220.png
0.263416,0.256125,0.25977,0.0,-0.231416,0.545736,-3.042017,Not Drowsy,Non Drowsy/zb1224.png
0.262304,0.276509,0.269406,0.017447,-3.092687,0.925064,-3.124081,Not Drowsy,Non Drowsy/zb1228.png
0.256098,0.272412,0.264255,0.0,-6.484096,1.969172,-3.587096,Not Drowsy,Non Drowsy/zb1232.png
0.269273,0.269008,0.269141,0.0,-6.690931,4.270075,-2.819583,Not Drowsy,Non Drowsy/zb1235.png
0.280398,0.250365,0.265381,0.0,9.032184,4.400247,-2.596048,Not Drowsy,Non Drowsy/zb1239.png
0.313519,0.288183,0.300851,0.0,11.041145,-0.382006,-3.17242,Not Drowsy,Non Drowsy/zb1243.png
0.260964,0.268701,0.264832,0.018155,5.512382,-0.671128,-2.744306,Not Drowsy,Non Drowsy/zb1247.png
0.210647,0.158574,0.18461,0.017477,14.252352,8.780399,-3.782097,Not Drowsy,Non Drowsy/zb1251.png
0.396989,0.399845,0.398417,0.017241,-1.679363,-0.094889,0.71955,Not Drowsy,Non Drowsy/zc0004.png
0.426282,0.381068,0.403675,0.028917,6.419612,0.272234,-2.414574,Not Drowsy,Non Drowsy/zc0010.png
0.403718,0.381212,0.392465,0.020093,-0.70823,0.544015,-1.915838,Not Drowsy,Non Drowsy/zc0014.png
0.360031,0.342502,0.351267,0.008923,0.524962,0.769425,-1.989584,Not Drowsy,Non Drowsy/zc0018.png
0.424747,0.413096,0.418922,0.016664,0.090698,0.984668,0.589854,Not Drowsy,Non Drowsy/zc0021.png
0.408421,0.398649,0.403535,0.017239,0.709471,0.629728,0.659137,Not Drowsy,Non Drowsy/zc0025.png
0.390873,0.370424,0.380648,0.016374,4.373669,0.423597,-2.691307,Not Drowsy,Non Drowsy/zc0029.png
0.38699,0.396989,0.391989,0.02893,0.773896,-0.03328,-0.921153,Not Drowsy,Non Drowsy/zc0033.png
0.409465,0.384202,0.396833,0.008619,0.871299,0.288473,-0.153592,Not Drowsy,Non Drowsy/zc0037.png
0.422245,0.422967,0.422606,0.017854,-1.483553,0.31027,0.779602,Not Drowsy,Non Drowsy/zc0041.png
0.375137,0.367138,0.371137,0.025858,-2.503433,-0.400628,1.527593,Not Drowsy,Non Drowsy/zc0048.png
0.401973,0.390611,0.396292,0.017854,-3.911106,-0.074836,1.665553,Not Drowsy,Non Drowsy/zc0052.png
0.403596,0.393874,0.398735,0.026781,-3.285193,0.263715,1.493339,Not Drowsy,Non Drowsy/zc0057.png
0.403596,0.412171,0.407884,0.008767,-4.04011,0.233755,2.06783,Not Drowsy,Non Drowsy/zc0061.png
0.403024,0.393874,0.398449,0.0,-4.099071,-0.049555,2.083872,Not Drowsy,Non Drowsy/zc0064.png
0.378843,0.409235,0.394039,0.008767,-4.04011,0.233755,2.06783,Not Drowsy,Non Drowsy/zc0068.png
0.422452,0.397844,0.410148,0.012398,-3.884495,-0.933791,2.063228,Not Drowsy,Non Drowsy/zc0081.png
0.374513,0.391622,0.383068,0.012403,-4.474718,-0.558963,1.75994,Not Drowsy,Non Drowsy/zc0085.png
0.40505,0.393874,0.399462,0.008767,-3.359149,-0.612973,1.837281,Not Drowsy,Non Drowsy/zc0090.png
0.391573,0.411863,0.401718,0.017533,-3.865902,-0.227293,2.023712,Not Drowsy,Non Drowsy/zc0094.png
0.355767,0.348705,0.352236,0.017239,-3.694587,-0.86277,1.872817,Not Drowsy,Non Drowsy/zc0098.png
0.374513,0.392092,0.383303,0.0,-3.604709,-0.768984,1.789163,Not Drowsy,Non Drowsy/zc0102.png
0.40505,0.410229,0.407639,0.008771,-5.098161,-0.255603,1.976312,Not Drowsy,Non Drowsy/zc0106.png
0.404475,0.3775,0.390987,0.021542,-5.188692,-0.464473,2.352321,Not Drowsy,Non Drowsy/zc0109.png
0.391573,0.393874,0.392724,0.021525,-5.703557,0.50691,2.336289,Not Drowsy,Non Drowsy/zc0114.png
0.422452,0.411863,0.417157,0.017533,-3.899171,-0.387767,2.028464,Not Drowsy,Non Drowsy/zc0124.png
0.406055,0.396937,0.401496,0.008619,-4.665601,-0.771659,2.307242,Not Drowsy,Non Drowsy/zc0128.png
0.391573,0.382038,0.386805,0.017854,-5.642461,-0.470369,2.29307,Not Drowsy,Non Drowsy/zc0134.png
0.057223,0.069338,0.06328,0.008332,-3.857551,0.775047,1.77852,Not Drowsy,Non Drowsy/zc0138.png
0.422452,0.411863,0.417157,0.025847,-5.275237,-0.339539,2.376263,Not Drowsy,Non Drowsy/zc0142.png
0.404475,0.393874,0.399174,0.021174,-4.553408,-0.946082,2.038222,Not Drowsy,Non Drowsy/zc0149.png
0.403596,0.393874,0.398735,0.008771,-4.934106,-0.312501,2.147704,Not Drowsy,Non Drowsy/zc0153.png
0.389494,0.423408,0.406451,0.012398,-7.358257,0.165414,2.361982,Not Drowsy,Non Drowsy/zc0156.png
0.386584,0.361964,0.374274,0.0,-6.336056,-0.52102,2.264182,Not Drowsy,Non Drowsy/zc0160.png
0.40505,0.393874,0.399462,0.026769,-5.186749,-0.189011,2.330485,Not Drowsy,Non Drowsy/zc0173.png
0.402492,0.378439,0.390466,0.008927,-6.102451,-0.150911,2.196575,Not Drowsy,Non Drowsy/zc0179.png
0.40505,0.396937,0.400994,0.012403,-6.035921,-0.47799,2.132785,Not Drowsy,Non Drowsy/zc0183.png
0.409465,0.395421,0.402443,0.008619,2.430181,-0.824509,-0.428513,Not Drowsy,Non Drowsy/zc0188.png
0.421696,0.382529,0.402113,0.008771,3.264058,-1.163828,-0.618327,Not Drowsy,Non Drowsy/zc0193.png
0.405009,0.419766,0.412387,0.027268,1.597299,-0.135921,0.465198,Not Drowsy,Non Drowsy/zc0197.png
0.396523,0.399845,0.398184,0.017241,-1.020518,-0.541125,0.761874,Not Drowsy,Non Drowsy/zc0204.png
0.422936,0.411541,0.417239,0.021552,0.451444,-0.559832,0.485509,Not Drowsy,Non Drowsy/zc0207.png
0.409465,0.395678,0.402572,0.026786,-0.96559,-0.78511,0.504217,Not Drowsy,Non Drowsy/zc0211.png
0.422936,0.397094,0.410015,0.017239,-1.623243,-0.567687,0.981169,Not Drowsy,Non Drowsy/zc0215.png
0.407383,0.410257,0.40882,0.017544,-1.644387,-0.763152,0.926013,Not Drowsy,Non Drowsy/zc0219.png
0.408426,0.396937,0.402682,0.017541,-0.325969,-0.674819,1.15377,Not Drowsy,Non Drowsy/zc0223.png
0.295579,0.270206,0.282892,0.029429,-2.068187,-1.451393,1.641327,Not Drowsy,Non Drowsy/zc0227.png
0.391573,0.393874,0.392724,0.017541,-4.677572,-0.486043,1.584845,Not Drowsy,Non Drowsy/zc0241.png
0.392834,0.396937,0.394886,0.030465,-1.758105,-0.30577,1.694138,Not Drowsy,Non Drowsy/zc0245.png
0.407902,0.396937,0.40242,0.017239,-2.684686,-0.98155,1.603985,Not Drowsy,Non Drowsy/zc0251.png
0.417931,0.411863,0.414897,0.026769,-2.106757,-0.637633,1.577949,Not Drowsy,Non Drowsy/zc0256.png
0.404475,0.390164,0.397319,0.008771,-2.50716,-0.916019,1.349555,Not Drowsy,Non Drowsy/zc0260.png
0.393393,0.396937,0.395165,0.0263,-3.094981,-0.763856,1.793751,Not Drowsy,Non Drowsy/zc0264.png
0.407902,0.385354,0.396628,0.008927,-1.27262,-0.309841,1.403347,Not Drowsy,Non Drowsy/zc0270.png
0.40505,0.407453,0.406252,0.017854,-3.341427,-1.057237,1.5162,Not Drowsy,Non Drowsy/zc0274.png
0.391573,0.396112,0.393843,0.012403,-2.544036,-1.010226,1.622636,Not Drowsy,Non Drowsy/zc0278.png
0.403065,0.382038,0.392551,0.008771,-2.859228,-0.76349,1.820578,Not Drowsy,Non Drowsy/zc0282.png
0.407942,0.399845,0.403893,0.025847,-1.596684,-1.23073,1.933175,Not Drowsy,Non Drowsy/zc0287.png
0.408329,0.414335,0.411332,0.031886,-1.937262,-1.429556,1.792203,Not Drowsy,Non Drowsy/zc0291.png
0.404475,0.382038,0.393256,0.017846,-2.472646,-0.682554,1.685758,Not Drowsy,Non Drowsy/zc0294.png
0.393393,0.396937,0.395165,0.017533,-3.021603,-0.351366,1.791907,Not Drowsy,Non Drowsy/zc0298.png
0.403065,0.396937,0.400001,0.017854,-4.759518,-0.500366,2.359626,Not Drowsy,Non Drowsy/zc0302.png
0.411097,0.398285,0.404691,0.012619,-1.714646,-0.125255,1.669583,Not Drowsy,Non Drowsy/zc0306.png
0.406532,0.411863,0.409198,0.030465,-2.579613,-1.065142,1.956199,Not Drowsy,Non Drowsy/zc0310.png
0.435469,0.411863,0.423666,0.026312,-2.84019,-0.873016,1.825325,Not Drowsy,Non Drowsy/zc0314.png
0.420498,0.398285,0.409391,0.008616,-3.324422,-0.768818,2.341005,Not Drowsy,Non Drowsy/zc0322.png
0.40505,0.378439,0.391745,0.008771,-3.594094,-1.201447,1.807668,Not Drowsy,Non Drowsy/zc0329.png
0.406055,0.399845,0.40295,0.017533,-3.019592,-0.946035,2.046853,Not Drowsy,Non Drowsy/zc0333.png
0.391534,0.382038,0.386786,0.017231,-2.511718,-0.993217,1.936186,Not Drowsy,Non Drowsy/zc0339.png
0.391017,0.393874,0.392446,0.01219,-5.21744,-1.755292,2.313334,Not Drowsy,Non Drowsy/zc0343.png
0.401973,0.393044,0.397509,0.012625,-2.953287,-1.057977,1.936901,Not Drowsy,Non Drowsy/zc0347.png
0.422452,0.411863,0.417157,0.017231,-2.350492,-0.608151,1.896858,Not Drowsy,Non Drowsy/zc0351.png
0.362655,0.410229,0.386442,0.024369,-5.631422,-0.909284,2.553472,Not Drowsy,Non Drowsy/zc0355.png
0.402492,0.382038,0.392265,0.01817,-3.601376,0.103555,2.204482,Not Drowsy,Non Drowsy/zc0372.png
0.408426,0.414514,0.41147,0.0,-3.842823,1.011833,1.913657,Not Drowsy,Non Drowsy/zc0378.png
0.381212,0.411863,0.396538,0.025858,-4.900601,0.18798,1.850291,Not Drowsy,Non Drowsy/zc0382.png
0.406016,0.42679,0.416403,0.026312,-4.136578,0.046279,2.155665,Not Drowsy,Non Drowsy/zc0386.png
0.422878,0.414335,0.418607,0.0,-4.60936,0.356424,2.201552,Not Drowsy,Non Drowsy/zc0390.png
0.4093,0.400706,0.405003,0.017231,-4.791868,-0.137516,2.525418,Not Drowsy,Non Drowsy/zc0396.png
0.041651,0.060417,0.051034,0.017541,-4.801,1.995339,2.007694,Not Drowsy,Non Drowsy/zc0401.png
0.436868,0.398649,0.417758,0.008767,-2.765033,0.506615,1.892628,Not Drowsy,Non Drowsy/zc0409.png
0.417399,0.396937,0.407168,0.009085,-5.542292,1.149391,2.536398,Not Drowsy,Non Drowsy/zc0413.png
0.420498,0.424624,0.422561,0.021542,-6.159778,0.322379,2.568083,Not Drowsy,Non Drowsy/zc0417.png
0.405584,0.413172,0.409378,0.012619,-5.357655,-0.210518,2.622796,Not Drowsy,Non Drowsy/zc0422.png
0.409986,0.405584,0.407785,0.008771,3.566494,0.139755,-1.144351,Not Drowsy,Non Drowsy/zc0430.png
0.411097,0.401069,0.406083,0.016949,1.125068,-1.922803,0.316805,Not Drowsy,Non Drowsy/zc0434.png
0.409465,0.395209,0.402337,0.026781,-1.61568,-0.464298,0.985989,Not Drowsy,Non Drowsy/zc0437.png
0.434946,0.411541,0.423243,0.017241,-0.435563,-0.748815,0.804916,Not Drowsy,Non Drowsy/zc0441.png
0.396989,0.400706,0.398847,0.017241,-2.349062,-0.46636,1.550251,Not Drowsy,Non Drowsy/zc0445.png
0.411097,0.383676,0.397387,0.008619,-2.172098,-0.296029,1.190134,Not Drowsy,Non Drowsy/zc0456.png
0.363735,0.367977,0.365856,0.016949,-3.124596,-1.919342,1.141668,Not Drowsy,Non Drowsy/zc0460.png
0.417931,0.410135,0.414033,0.017239,-3.883819,-0.795609,1.439993,Not Drowsy,Non Drowsy/zc0464.png
0.408421,0.42679,0.417605,0.020812,-2.717521,-1.455719,1.178601,Not Drowsy,Non Drowsy/zc0468.png
0.408944,0.407453,0.408199,0.012403,-6.258976,-0.160262,1.952789,Not Drowsy,Non Drowsy/zc0472.png
0.406016,0.396937,0.401476,0.017241,-3.702589,-0.586584,1.501086,Not Drowsy,Non Drowsy/zc0476.png
0.273918,0.275947,0.274933,0.018182,-3.16826,-0.908343,1.050283,Not Drowsy,Non Drowsy/zc0481.png
0.420498,0.398285,0.409391,0.008616,-4.249605,-0.500613,1.880899,Not Drowsy,Non Drowsy/zc0486.png
0.411097,0.398285,0.404691,0.008473,-3.968956,-1.643009,1.26501,Not Drowsy,Non Drowsy/zc0491.png
0.422452,0.408955,0.415703,0.017854,-4.987336,-0.552341,1.340239,Not Drowsy,Non Drowsy/zc0497.png
0.391573,0.410229,0.400901,0.026312,-7.535267,-0.182097,2.306892,Not Drowsy,Non Drowsy/zc0501.png
0.073245,0.111693,0.092469,0.0,-9.08563,0.610364,4.025827,Not Drowsy,Non Drowsy/zc0505.png
0.3915,0.405867,0.398683,0.025366,0.723624,-0.056598,-2.658043,Not Drowsy,Non Drowsy/zc0509.png
0.423834,0.410557,0.417196,0.021944,-2.821434,0.509717,-0.014782,Not Drowsy,Non Drowsy/zc0519.png
0.412113,0.413096,0.412604,0.020116,0.322099,-1.327819,-0.37539,Not Drowsy,Non Drowsy/zc0532.png
0.322714,0.290751,0.306733,0.009085,3.228867,-1.548204,-1.493412,Not Drowsy,Non Drowsy/zc0535.png
0.3949,0.422119,0.408509,0.017541,2.393793,-0.387009,-1.078751,Not Drowsy,Non Drowsy/zc0539.png
0.406696,0.393912,0.400304,0.021944,3.078982,-0.784441,-0.978241,Not Drowsy,Non Drowsy/zc0543.png
0.42407,0.395461,0.409766,0.008929,2.180697,-0.370036,-0.869652,Not Drowsy,Non Drowsy/zc0547.png
0.425625,0.381068,0.403347,0.008772,3.173248,0.137807,-0.859301,Not Drowsy,Non Drowsy/zc0551.png
0.395421,0.397094,0.396258,0.017541,1.044879,-0.414142,-0.260579,Not Drowsy,Non Drowsy/zc0555.png
0.40799,0.380826,0.394408,0.017544,1.05135,-1.1447,-0.387681,Not Drowsy,Non Drowsy/zc0559.png
0.3949,0.369212,0.382056,0.016947,-0.371157,-1.134435,-0.066727,Not Drowsy,Non Drowsy/zc0563.png
0.395421,0.382529,0.388975,0.017241,0.058764,-0.834967,0.162589,Not Drowsy,Non Drowsy/zc0573.png
0.407902,0.410557,0.409229,0.021177,-1.545414,-0.42905,0.374796,Not Drowsy,Non Drowsy/zc0576.png
0.398426,0.410557,0.404491,0.021177,-1.605186,-0.108663,0.360392,Not Drowsy,Non Drowsy/zc0580.png
0.409465,0.395461,0.402463,0.017544,-0.878894,-0.359875,0.124424,Not Drowsy,Non Drowsy/zc0584.png
0.422233,0.380826,0.401529,0.012627,-1.285689,-0.444553,0.08382,Not Drowsy,Non Drowsy/zc0595.png
0.370117,0.380168,0.375142,0.016949,-2.860417,-0.999947,0.554314,Not Drowsy,Non Drowsy/zc0599.png
0.412585,0.413096,0.412841,0.025424,-1.427122,-0.793362,0.362295,Not Drowsy,Non Drowsy/zc0603.png
0.397958,0.397094,0.397526,0.024383,-1.242483,-1.039152,-0.200742,Not Drowsy,Non Drowsy/zc0607.png
0.3949,0.408955,0.401928,0.017544,-2.365647,-0.557622,0.3085,Not Drowsy,Non Drowsy/zc0611.png
0.401266,0.401448,0.401357,0.008475,-2.042359,0.134136,0.286494,Not Drowsy,Non Drowsy/zc0615.png
0.399439,0.395578,0.397508,0.017241,-1.538988,-0.251573,0.165721,Not Drowsy,Non Drowsy/zc0618.png
0.422452,0.423834,0.423143,0.017544,-3.10086,-0.499787,0.587226,Not Drowsy,Non Drowsy/zc0631.png
0.408944,0.396937,0.402941,0.021177,-3.965905,-0.825574,0.999493,Not Drowsy,Non Drowsy/zc0654.png
0.410626,0.397094,0.40386,0.008619,-4.233945,-0.891852,1.173017,Not Drowsy,Non Drowsy/zc0662.png
0.420529,0.393481,0.407005,0.017541,-3.88356,-1.33973,1.377807,Not Drowsy,Non Drowsy/zc0666.png
0.399439,0.412776,0.406107,0.008475,-5.043357,-1.192953,1.142561,Not Drowsy,Non Drowsy/zc0670.png
0.396989,0.423834,0.410411,0.008771,-1.986857,-0.717351,0.640521,Not Drowsy,Non Drowsy/zc0677.png
0.408421,0.395678,0.40205,0.017857,-3.426214,-0.256453,0.856763,Not Drowsy,Non Drowsy/zc0681.png
0.409986,0.392092,0.401039,0.017854,-3.209596,-0.066583,0.924778,Not Drowsy,Non Drowsy/zc0685.png
0.409465,0.410257,0.409861,0.021552,-3.115919,-0.268883,0.913273,Not Drowsy,Non Drowsy/zc0688.png
0.394751,0.398285,0.396518,0.016947,-2.376336,0.016797,1.262855,Not Drowsy,Non Drowsy/zc0692.png
0.407902,0.407453,0.407678,0.026781,-2.91186,-0.453485,1.341301,Not Drowsy,Non Drowsy/zc0696.png
0.411097,0.399845,0.405471,0.017239,-2.618708,-0.493674,1.560445,Not Drowsy,Non Drowsy/zc0702.png
0.411097,0.397094,0.404096,0.024369,-1.537035,-0.565567,1.372258,Not Drowsy,Non Drowsy/zc0710.png
0.410626,0.408834,0.40973,0.017541,-3.888256,-0.969943,1.411646,Not Drowsy,Non Drowsy/zc0714.png
0.088197,0.076968,0.082582,0.017854,-0.349211,-0.150007,0.978487,Not Drowsy,Non Drowsy/zc0726.png
0.406016,0.396937,0.401476,0.017533,-3.201873,-0.312819,1.819433,Not Drowsy,Non Drowsy/zc0730.png
0.420529,0.398167,0.409348,0.017854,-2.445741,-0.065643,1.216883,Not Drowsy,Non Drowsy/zc0734.png
0.422452,0.411863,0.417157,0.017541,-3.465145,-0.01327,1.7561,Not Drowsy,Non Drowsy/zc0737.png
0.417931,0.396937,0.407434,0.026769,-2.572189,-0.44042,1.689307,Not Drowsy,Non Drowsy/zc0741.png
0.390069,0.396112,0.393091,0.008927,-6.475282,-1.582349,1.937582,Not Drowsy,Non Drowsy/zc0745.png
0.407902,0.397844,0.402873,0.008619,-3.58966,-1.354986,1.402483,Not Drowsy,Non Drowsy/zc0751.png
0.05712,0.052126,0.054623,0.0,-1.542439,0.537955,0.676635,Not Drowsy,Non Drowsy/zc0755.png
0.411221,0.379306,0.395264,0.00847,5.675827,-0.275304,-2.136747,Not Drowsy,Non Drowsy/zc0760.png
0.408944,0.397094,0.403019,0.012191,1.635308,-1.827399,-0.497944,Not Drowsy,Non Drowsy/zc0766.png
0.395059,0.395678,0.395369,0.008616,0.252584,-1.477069,-0.357885,Not Drowsy,Non Drowsy/zc0770.png
0.412113,0.399937,0.406025,0.029429,-0.421499,-1.018649,0.121396,Not Drowsy,Non Drowsy/zc0774.png
0.37401,0.331076,0.352543,0.02235,-1.433562,-1.475415,0.184345,Not Drowsy,Non Drowsy/zc0778.png
0.391655,0.352273,0.371964,0.029949,-0.066168,-1.715766,0.253966,Not Drowsy,Non Drowsy/zc0782.png
0.407942,0.408955,0.408449,0.021177,-1.683372,-1.267334,0.650358,Not Drowsy,Non Drowsy/zc0786.png
0.373363,0.344495,0.358929,0.009091,-2.096899,-1.596272,0.769409,Not Drowsy,Non Drowsy/zc0792.png
0.411097,0.396937,0.404017,0.026312,-1.834347,-1.680645,1.328273,Not Drowsy,Non Drowsy/zc0796.png
0.392834,0.383676,0.388255,0.030479,-2.394436,-1.201938,1.489342,Not Drowsy,Non Drowsy/zc0800.png
0.421933,0.410557,0.416245,0.017541,-1.355345,-1.270928,0.965349,Not Drowsy,Non Drowsy/zc0804.png
0.389494,0.393874,0.391684,0.018182,-4.035108,-0.913138,1.482178,Not Drowsy,Non Drowsy/zc0808.png
0.404475,0.390164,0.397319,0.012625,-4.996355,-0.896904,1.630784,Not Drowsy,Non Drowsy/zc0812.png
0.379734,0.390164,0.384949,0.017544,-2.75547,-1.453553,1.010351,Not Drowsy,Non Drowsy/zc0815.png
0.401973,0.360031,0.381002,0.018182,-3.053155,-1.281321,1.347922,Not Drowsy,Non Drowsy/zc0820.png
0.374513,0.393044,0.383779,0.017544,-4.746589,-1.913544,1.592733,Not Drowsy,Non Drowsy/zc0824.png
0.389494,0.397844,0.393669,0.012403,-1.722237,-1.673256,1.37466,Not Drowsy,Non Drowsy/zc0828.png
0.405584,0.393955,0.39977,0.029429,-3.266398,-0.549849,0.440046,Not Drowsy,Non Drowsy/zc0834.png
0.380295,0.395678,0.387986,0.0,-0.960651,-0.157976,0.215748,Not Drowsy,Non Drowsy/zc0838.png
0.422936,0.408834,0.415885,0.017544,-2.086718,-1.23238,0.760867,Not Drowsy,Non Drowsy/zc0843.png
0.407942,0.395209,0.401575,0.021552,-2.406457,-0.903389,1.227976,Not Drowsy,Non Drowsy/zc0847.png
0.405009,0.388849,0.396929,0.017857,-0.667766,-0.220645,0.397561,Not Drowsy,Non Drowsy/zc0851.png
0.40505,0.384202,0.394626,0.021944,2.319796,-0.513919,0.501129,Not Drowsy,Non Drowsy/zc0854.png
0.393393,0.395678,0.394535,0.008927,0.809343,-0.562882,0.610003,Not Drowsy,Non Drowsy/zc0858.png
0.410626,0.397094,0.40386,0.017541,1.372274,-0.49245,0.463552,Not Drowsy,Non Drowsy/zc0862.png
0.419989,0.393955,0.406972,0.012625,-0.884849,-0.335434,0.76622,Not Drowsy,Non Drowsy/zc0866.png
0.31587,0.313905,0.314888,0.012405,-0.216111,-2.224634,0.818207,Not Drowsy,Non Drowsy/zc0870.png
0.422452,0.398649,0.41055,0.021944,-0.206976,-0.627387,0.859878,Not Drowsy,Non Drowsy/zc0878.png
0.38671,0.38873,0.38772,0.029835,-0.520112,0.500102,-3.591116,Not Drowsy,Non Drowsy/zc0906.png
0.399143,0.392361,0.395752,0.026747,1.917323,-0.480329,-2.630993,Not Drowsy,Non Drowsy/zc0910.png
0.395421,0.411541,0.403481,0.026781,1.49409,-0.632936,-0.557808,Not Drowsy,Non Drowsy/zc0915.png
0.398426,0.379402,0.388914,0.016939,-0.305812,-0.983414,-0.743001,Not Drowsy,Non Drowsy/zc0919.png
0.383765,0.382529,0.383147,0.017544,-0.641562,-1.009556,-0.063258,Not Drowsy,Non Drowsy/zc0922.png
0.409986,0.408834,0.40941,0.008772,-1.595424,0.652327,0.078994,Not Drowsy,Non Drowsy/zc0926.png
0.407233,0.421542,0.414387,0.017857,-2.873192,0.592401,0.617598,Not Drowsy,Non Drowsy/zc0930.png
0.419989,0.395678,0.407834,0.021552,-1.731049,0.103068,0.998741,Not Drowsy,Non Drowsy/zc0939.png
0.41102,0.395678,0.403349,0.021177,-1.993343,-0.19881,0.753058,Not Drowsy,Non Drowsy/zc0945.png
0.40505,0.392232,0.398641,0.021177,-2.468721,-1.227098,0.639133,Not Drowsy,Non Drowsy/zc0949.png
0.407902,0.408955,0.408429,0.017239,-2.91864,-1.138333,0.91423,Not Drowsy,Non Drowsy/zc0953.png
0.422452,0.413096,0.417774,0.034177,-2.26895,-0.399633,0.928864,Not Drowsy,Non Drowsy/zc0957.png
0.424001,0.410557,0.417279,0.021552,-3.149058,0.248388,0.909867,Not Drowsy,Non Drowsy/zc0961.png
0.407902,0.413096,0.410499,0.029429,-2.188024,-0.638835,0.92348,Not Drowsy,Non Drowsy/zc0964.png
0.407902,0.411863,0.409883,0.025862,-3.263546,-1.236837,1.123901,Not Drowsy,Non Drowsy/zc0968.png
0.410626,0.399845,0.405236,0.017239,-2.976046,-0.964261,1.171093,Not Drowsy,Non Drowsy/zc0972.png
0.331964,0.306225,0.319095,0.020456,-1.554083,-1.823889,1.076845,Not Drowsy,Non Drowsy/zc0979.png
0.422452,0.413096,0.417774,0.008771,-2.598191,-0.692738,1.474808,Not Drowsy,Non Drowsy/zc0984.png
0.422452,0.411863,0.417157,0.017241,-3.3652,-1.251752,1.137971,Not Drowsy,Non Drowsy/zc0989.png
0.382529,0.404304,0.393416,0.008771,-2.725025,-0.337768,0.016609,Not Drowsy,Non Drowsy/zc0993.png
0.397919,0.397094,0.397507,0.025858,-2.765768,0.24367,0.577017,Not Drowsy,Non Drowsy/zc0997.png
0.394751,0.423834,0.409293,0.017241,-4.751123,-1.276129,1.06588,Not Drowsy,Non Drowsy/zc1002.png
0.396484,0.398285,0.397385,0.020809,-2.817859,-1.065717,1.142072,Not Drowsy,Non Drowsy/zc1005.png
0.422936,0.410257,0.416596,0.017541,-4.290371,-2.017476,1.775615,Not Drowsy,Non Drowsy/zc1017.png
0.389494,0.407453,0.398474,0.008929,-4.299527,-1.324338,1.126875,Not Drowsy,Non Drowsy/zc1023.png
0.407942,0.395678,0.40181,0.017854,-2.493237,-0.500613,1.221726,Not Drowsy,Non Drowsy/zc1027.png
0.407383,0.398285,0.402834,0.017857,-2.749327,-1.618913,1.190997,Not Drowsy,Non Drowsy/zc1031.png
0.392834,0.378439,0.385637,0.017544,-2.79022,-1.183986,0.996447,Not Drowsy,Non Drowsy/zc1035.png
0.393393,0.378439,0.385916,0.008621,-3.954226,-1.722814,1.106349,Not Drowsy,Non Drowsy/zc1039.png
0.407902,0.383676,0.395789,0.021555,-2.79573,-1.624346,1.183942,Not Drowsy,Non Drowsy/zc1049.png
0.406055,0.411863,0.408959,0.017541,-4.890234,-1.122563,1.697829,Not Drowsy,Non Drowsy/zc1053.png
0.412585,0.396976,0.404781,0.029433,-1.815439,-0.478768,0.639801,Not Drowsy,Non Drowsy/zc1070.png
0.407383,0.397094,0.402239,0.021174,-0.559773,-0.86215,0.733332,Not Drowsy,Non Drowsy/zc1074.png
0.378843,0.393955,0.386399,0.021177,0.056849,0.295809,-0.027544,Not Drowsy,Non Drowsy/zc1078.png
0.407902,0.396937,0.40242,0.012405,-2.819027,-0.645579,0.994966,Not Drowsy,Non Drowsy/zc1094.png
0.219753,0.158851,0.189302,0.009091,-0.872807,-1.072737,0.951452,Not Drowsy,Non Drowsy/zc1098.png
0.408426,0.396937,0.402682,0.012191,-3.434284,-0.974841,1.151538,Not Drowsy,Non Drowsy/zc1102.png
0.396523,0.410135,0.403329,0.020812,-3.985173,-1.386736,1.354136,Not Drowsy,Non Drowsy/zc1106.png
0.390069,0.382038,0.386054,0.020812,-2.65837,-1.171792,1.178354,Not Drowsy,Non Drowsy/zc1110.png
0.405584,0.380309,0.392947,0.021174,-3.889569,-1.183514,1.367855,Not Drowsy,Non Drowsy/zc1119.png
0.43497,0.397094,0.416032,0.008621,-2.716797,-1.610949,1.185568,Not Drowsy,Non Drowsy/zc1122.png
0.392834,0.382038,0.387436,0.026312,-5.847661,-0.973131,2.135527,Not Drowsy,Non Drowsy/zc1126.png
0.391573,0.396937,0.394255,0.024369,-2.472207,-0.870569,1.639552,Not Drowsy,Non Drowsy/zc1130.png
0.062295,0.044042,0.053168,0.018182,-1.145895,-0.390341,1.054026,Not Drowsy,Non Drowsy/zc1134.png
0.410626,0.411863,0.411245,0.016949,-4.722177,-1.098077,1.563706,Not Drowsy,Non Drowsy/zc1138.png
0.405499,0.383676,0.394588,0.017544,-4.421515,-1.226115,1.671525,Not Drowsy,Non Drowsy/zc1142.png
0.393393,0.395209,0.394301,0.017239,-5.359459,-1.580534,1.828753,Not Drowsy,Non Drowsy/zc1156.png
0.397786,0.388505,0.393146,0.020116,-2.34392,-1.448975,1.791324,Not Drowsy,Non Drowsy/zc1162.png
0.410626,0.400706,0.405666,0.01219,-4.775168,-0.967959,2.153524,Not Drowsy,Non Drowsy/zc1166.png
0.407902,0.382038,0.39497,0.017241,-3.395,-1.145627,1.131159,Not Drowsy,Non Drowsy/zc1169.png
0.407902,0.407453,0.407678,0.008771,-2.4574,-1.543551,1.04856,Not Drowsy,Non Drowsy/zc1174.png
0.393393,0.369212,0.381302,0.029433,-2.92342,-0.92563,1.02115,Not Drowsy,Non Drowsy/zc1178.png
0.412113,0.411541,0.411827,0.016947,-1.281863,-1.944485,0.678359,Not Drowsy,Non Drowsy/zc1182.png
0.058812,0.058744,0.058778,0.017241,-0.67312,-1.518079,0.619332,Not Drowsy,Non Drowsy/zc1186.png
0.380295,0.381178,0.380737,0.017544,-4.637447,-1.413856,1.331372,Not Drowsy,Non Drowsy/zc1190.png
0.390069,0.408443,0.399256,0.008619,-6.152532,-1.536301,1.822739,Not Drowsy,Non Drowsy/zc1194.png
0.380709,0.399845,0.390277,0.008473,-4.777137,-1.897755,1.527755,Not Drowsy,Non Drowsy/zc1198.png
0.405584,0.408443,0.407014,0.008619,-6.087274,-1.526498,1.825957,Not Drowsy,Non Drowsy/zc1202.png
0.40505,0.393874,0.399462,0.01817,-6.809641,-1.605748,2.279785,Not Drowsy,Non Drowsy/zc1205.png
0.407383,0.397844,0.402614,0.008473,-3.825213,-1.931419,1.690766,Not Drowsy,Non Drowsy/zc1209.png
0.392834,0.378439,0.385637,0.008473,-4.880399,-1.901769,1.557674,Not Drowsy,Non Drowsy/zc1213.png
0.392834,0.397844,0.395339,0.017239,-5.946699,-2.003456,2.089404,Not Drowsy,Non Drowsy/zc1223.png
0.396994,0.412804,0.404899,0.008619,-4.954742,-1.655594,2.228479,Not Drowsy,Non Drowsy/zc1227.png
0.410626,0.386184,0.398405,0.016947,-4.36486,-1.857293,1.914044,Not Drowsy,Non Drowsy/zc1232.png
0.405499,0.395209,0.400354,0.017541,-6.534338,-0.976252,2.348216,Not Drowsy,Non Drowsy/zc1236.png
0.407902,0.383676,0.395789,0.017239,-4.577337,-1.513216,1.836258,Not Drowsy,Non Drowsy/zc1240.png
0.407383,0.411194,0.409289,0.008767,-5.961663,-1.505344,2.401487,Not Drowsy,Non Drowsy/zc1244.png
0.407902,0.411863,0.409883,0.020809,-3.725153,-2.318633,1.43918,Not Drowsy,Non Drowsy/zc1247.png
0.404475,0.395209,0.399842,0.017241,-5.889378,-1.33156,1.792933,Not Drowsy,Non Drowsy/zc1251.png
0.391703,0.3775,0.384601,0.012625,-5.70915,-1.325144,1.892694,Not Drowsy,Non Drowsy/zc1258.png
0.392834,0.396112,0.394473,0.030465,-4.989964,-1.78494,2.354478,Not Drowsy,Non Drowsy/zc1262.png
0.405499,0.386184,0.395841,0.008767,-3.04014,-1.33951,2.319122,Not Drowsy,Non Drowsy/zc1267.png
0.410626,0.400706,0.405666,0.017231,-3.501681,-1.159318,2.150781,Not Drowsy,Non Drowsy/zc1273.png
0.391017,0.398285,0.394651,0.008771,-3.407942,-1.284062,2.01178,Not Drowsy,Non Drowsy/zc1277.png
0.420498,0.414711,0.417604,0.029931,-5.596324,-0.626387,2.43556,Not Drowsy,Non Drowsy/zc1283.png
0.380856,0.367138,0.373997,0.026786,-0.338264,-0.976361,0.533317,Not Drowsy,Non Drowsy/zc1287.png
0.407902,0.396976,0.402439,0.021177,-0.975875,-1.0645,0.682345,Not Drowsy,Non Drowsy/zc1290.png
0.398431,0.385354,0.391892,0.017541,-4.148254,-2.19056,1.298852,Not Drowsy,Non Drowsy/zc1304.png
0.396484,0.410257,0.403371,0.008473,-2.191706,-1.524178,0.99988,Not Drowsy,Non Drowsy/zc1308.png
0.376661,0.365268,0.370965,0.012854,-4.308016,-1.25022,1.475047,Not Drowsy,Non Drowsy/zc1312.png
0.407902,0.380309,0.394106,0.021174,-3.985991,-1.764752,1.449566,Not Drowsy,Non Drowsy/zc1316.png
0.392834,0.380168,0.386501,0.0,-1.713495,-1.069407,1.068364,Not Drowsy,Non Drowsy/zc1328.png
0.393393,0.393481,0.393437,0.008772,-5.245333,-1.017676,1.651582,Not Drowsy,Non Drowsy/zc1332.png
0.407942,0.411863,0.409903,0.025858,-3.645657,-0.791697,1.393086,Not Drowsy,Non Drowsy/zc1338.png
0.399439,0.398285,0.398862,0.020459,-4.549867,-1.252636,1.54989,Not Drowsy,Non Drowsy/zc1342.png
0.408426,0.422967,0.415697,0.016949,-3.47511,-1.869525,1.259126,Not Drowsy,Non Drowsy/zc1345.png
0.396994,0.411863,0.404429,0.020809,-3.703629,-0.580038,1.403648,Not Drowsy,Non Drowsy/zc1350.png
0.376036,0.360031,0.368033,0.017241,-4.084095,-2.08176,1.418852,Not Drowsy,Non Drowsy/zc1354.png
0.407902,0.396112,0.402007,0.008619,-4.569726,-1.087129,1.845575,Not Drowsy,Non Drowsy/zc1358.png
0.393393,0.382038,0.387715,0.020809,-5.233413,-1.561749,1.836538,Not Drowsy,Non Drowsy/zc1362.png
0.363735,0.361259,0.362497,0.008621,-6.513166,-1.686113,1.794741,Not Drowsy,Non Drowsy/zc1374.png
0.410626,0.42679,0.418708,0.020809,-3.399534,-1.631966,1.553777,Not Drowsy,Non Drowsy/zc1378.png
0.404475,0.406657,0.405566,0.021174,-6.61515,-1.466837,2.133554,Not Drowsy,Non Drowsy/zc1382.png
0.346635,0.358293,0.352464,0.0,-7.42059,-1.897735,2.218839,Not Drowsy,Non Drowsy/zc1386.png
0.394751,0.398285,0.396518,0.016947,-4.378034,-1.54477,1.893639,Not Drowsy,Non Drowsy/zc1396.png
0.384086,0.398167,0.391127,0.028452,-4.251026,-1.826988,1.720225,Not Drowsy,Non Drowsy/zc1400.png
0.395253,0.399845,0.397549,0.029429,-4.370231,-1.197438,1.369564,Not Drowsy,Non Drowsy/zc1404.png
0.412113,0.423834,0.417973,0.017239,-4.986295,-0.675261,0.025199,Not Drowsy,Non Drowsy/zc1408.png
0.398426,0.410135,0.40428,0.021552,-3.835305,-1.20746,1.172549,Not Drowsy,Non Drowsy/zc1412.png
0.396484,0.398285,0.397385,0.016667,-3.131791,-1.382526,1.10358,Not Drowsy,Non Drowsy/zc1416.png
0.411097,0.382529,0.396813,0.029429,-2.490436,-0.962389,1.288117,Not Drowsy,Non Drowsy/zc1420.png
0.396484,0.411541,0.404013,0.011785,-4.489158,-1.82233,1.487333,Not Drowsy,Non Drowsy/zc1424.png
0.384086,0.386184,0.385135,0.02542,-6.507316,-1.434042,2.217897,Not Drowsy,Non Drowsy/zc1430.png
0.407942,0.398285,0.403114,0.017239,-2.164645,-1.004048,1.201579,Not Drowsy,Non Drowsy/zc1433.png
0.38572,0.398285,0.392002,0.017241,-6.065064,-1.159415,1.691293,Not Drowsy,Non Drowsy/zc1437.png
0.411097,0.399845,0.405471,0.008473,-4.457625,-1.46667,1.621885,Not Drowsy,Non Drowsy/zc1441.png
0.407902,0.411863,0.409883,0.017846,-2.483976,-0.715115,1.639855,Not Drowsy,Non Drowsy/zc1445.png
0.398948,0.386184,0.392566,0.00847,-3.995045,-2.147608,1.899518,Not Drowsy,Non Drowsy/zc1449.png
0.393353,0.395209,0.394281,0.021933,-4.398693,-0.18118,2.597219,Not Drowsy,Non Drowsy/zc1453.png
0.07477,0.069205,0.071988,0.0,-1.773512,-0.453535,2.186584,Not Drowsy,Non Drowsy/zc1457.png
0.405499,0.414335,0.409917,0.021164,-2.792158,-0.698044,2.175442,Not Drowsy,Non Drowsy/zc1461.png
0.41771,0.42679,0.42225,0.008616,-4.172205,-1.040775,2.577712,Not Drowsy,Non Drowsy/zc1465.png
0.3949,0.422233,0.408566,0.017544,0.084063,-1.609098,-0.303637,Not Drowsy,Non Drowsy/zc1478.png
0.408426,0.393955,0.401191,0.020809,-2.328802,-1.195919,0.283499,Not Drowsy,Non Drowsy/zc1482.png
0.3949,0.396937,0.395919,0.017239,-2.015179,-2.12899,0.413382,Not Drowsy,Non Drowsy/zc1487.png
0.422452,0.397094,0.409773,0.017541,-0.617565,-1.559106,0.721648,Not Drowsy,Non Drowsy/zc1491.png
0.376661,0.360031,0.368346,0.017544,-2.406455,-2.583944,0.656222,Not Drowsy,Non Drowsy/zc1495.png
0.394339,0.390164,0.392252,0.026312,-2.042231,-1.404346,0.675722,Not Drowsy,Non Drowsy/zc1500.png
0.396523,0.412776,0.404649,0.020459,-2.334383,-1.232427,0.866655,Not Drowsy,Non Drowsy/zc1504.png
0.396989,0.397094,0.397041,0.020809,-1.551169,-1.401512,0.958489,Not Drowsy,Non Drowsy/zc1508.png
0.393393,0.383676,0.388534,0.032999,-2.158037,-1.156807,1.206737,Not Drowsy,Non Drowsy/zc1514.png
0.391613,0.390164,0.390889,0.026786,-2.763473,-1.264729,0.922835,Not Drowsy,Non Drowsy/zc1517.png
0.396989,0.398285,0.397637,0.033004,-3.010602,-0.839924,1.526469,Not Drowsy,Non Drowsy/zc1523.png
0.390069,0.396937,0.393503,0.017544,-2.421594,-1.137432,0.902336,Not Drowsy,Non Drowsy/zc1531.png
0.410626,0.399845,0.405236,0.020809,-2.952587,-1.933399,1.436966,Not Drowsy,Non Drowsy/zc1536.png
0.422452,0.411863,0.417157,0.026312,-4.105926,-1.485728,1.719693,Not Drowsy,Non Drowsy/zc1543.png
0.375137,0.360031,0.367584,0.01219,-3.264212,-1.565688,1.510677,Not Drowsy,Non Drowsy/zc1548.png
0.399439,0.388505,0.393972,0.016664,-2.075724,-1.978781,1.434407,Not Drowsy,Non Drowsy/zc1557.png
0.407902,0.396937,0.40242,0.021552,-2.388306,-1.328383,1.241579,Not Drowsy,Non Drowsy/zc1567.png
0.411097,0.399845,0.405471,0.008473,-3.722693,-1.702975,1.680482,Not Drowsy,Non Drowsy/zc1571.png
0.385682,0.402585,0.394133,0.025424,-1.215975,-1.435873,1.019119,Not Drowsy,Non Drowsy/zc1576.png
0.410626,0.399845,0.405236,0.017241,-2.580988,-1.451651,1.147206,Not Drowsy,Non Drowsy/zc1581.png
0.390069,0.380826,0.385448,0.021947,-1.829282,-1.00607,0.661781,Not Drowsy,Non Drowsy/zc1585.png
0.05712,0.04284,0.04998,0.026786,-2.472377,-0.135858,0.973465,Not Drowsy,Non Drowsy/zc1590.png
0.398285,0.4073,0.402793,0.021164,2.321244,0.155577,-1.667014,Not Drowsy,Non Drowsy/zc1608.png
0.406696,0.366297,0.386497,0.017541,2.465877,-0.414283,-0.800187,Not Drowsy,Non Drowsy/zc1613.png
0.392901,0.380309,0.386605,0.021174,1.01908,-0.849721,0.022261,Not Drowsy,Non Drowsy/zc1617.png
0.407902,0.397094,0.402498,0.017239,-0.043236,-0.718071,0.578977,Not Drowsy,Non Drowsy/zc1621.png
0.273625,0.251823,0.262724,0.008771,0.121643,-1.532621,0.259237,Not Drowsy,Non Drowsy/zc1625.png
0.393393,0.382529,0.387961,0.016949,-1.748217,-1.707704,0.913352,Not Drowsy,Non Drowsy/zc1628.png
0.422452,0.398649,0.41055,0.008619,-0.073495,-0.536489,0.853939,Not Drowsy,Non Drowsy/zc1632.png
0.407383,0.410257,0.40882,0.017541,-1.759308,-1.071183,1.062103,Not Drowsy,Non Drowsy/zc1637.png
0.411097,0.402585,0.406841,0.008475,-1.555753,-1.165955,0.902595,Not Drowsy,Non Drowsy/zc1643.png
0.407902,0.396937,0.40242,0.017241,-2.65573,-1.327148,1.185221,Not Drowsy,Non Drowsy/zc1647.png
0.392834,0.397094,0.394964,0.026316,-1.341293,-1.073899,1.058079,Not Drowsy,Non Drowsy/zc1651.png
0.43497,0.395209,0.415089,0.008927,-2.147905,-0.55253,1.668981,Not Drowsy,Non Drowsy/zc1658.png
0.349791,0.353077,0.351434,0.017544,-4.040575,-0.423394,1.779625,Not Drowsy,Non Drowsy/zc1662.png
0.407383,0.411863,0.409623,0.021944,-1.867553,-1.037854,1.36411,Not Drowsy,Non Drowsy/zc1666.png
0.378843,0.379304,0.379074,0.017541,-2.442096,-1.622155,1.327834,Not Drowsy,Non Drowsy/zc1669.png
0.411097,0.385113,0.398105,0.008771,-4.046533,-1.632505,1.735882,Not Drowsy,Non Drowsy/zc1673.png
0.361572,0.3466,0.354086,0.008772,-4.397837,-1.379373,1.415733,Not Drowsy,Non Drowsy/zc1677.png
0.410626,0.398285,0.404456,0.008473,-3.788091,-1.029848,1.646398,Not Drowsy,Non Drowsy/zc1681.png
0.407383,0.396937,0.40216,0.008929,-2.788489,-0.815698,1.186678,Not Drowsy,Non Drowsy/zc1685.png
0.410626,0.414335,0.412481,0.008473,-3.229919,-1.349569,1.721882,Not Drowsy,Non Drowsy/zc1689.png
0.407383,0.399845,0.403614,0.008619,-3.054336,-1.163977,1.437274,Not Drowsy,Non Drowsy/zc1693.png
0.374513,0.382911,0.378712,0.008772,-4.445562,-0.482757,1.667945,Not Drowsy,Non Drowsy/zc1698.png
0.40505,0.380309,0.39268,0.017857,-2.126954,-0.609222,1.233674,Not Drowsy,Non Drowsy/zc1703.png
0.413625,0.396989,0.405307,0.008196,-1.732807,-0.530548,0.030316,Not Drowsy,Non Drowsy/zc1707.png
